Date,maxAT,meanAT,minAT,meanRH,maxRH,minRH,meanDP,meanLW,meanSM,meanST,meanRF,Foci,meanAT_lag1,meanAT_roll3,meanAT_roll7,meanRH_lag1,meanRH_roll3,meanRH_roll7,meanLW_lag1,meanLW_roll3,meanLW_roll7,meanDP_lag1,meanDP_roll3,meanDP_roll7,meanSM_lag1,meanSM_roll3,meanSM_roll7,meanST_lag1,meanST_roll3,meanST_roll7,meanRF_lag1,meanRF_roll3,meanRF_roll7,Foci_lag1,Foci_lag2,Foci_roll3,AT_range,temp_humidity,dewpoint_diff,leafwet_humidity
2020-05-26,25.4640159606934,19.6259212493897,14.5179996490479,77.6149597167969,94.7188873291016,57.878074645996094,15.2735023498535,30.0018157958984,0.338025122880936,17.9070129394531,0.0,0.5474568477645727,,,,,,,,,,,,,,,,,,,,,,,,,10.946016311645499,1523.2650871764101,4.352418899536202,2328.589724429415
2020-05-27,25.8520088195801,20.2963371276855,16.0839996337891,80.4380035400391,94.363037109375,58.7789306640625,16.5788345336914,14.9694309234619,0.328306764364243,18.7269287109375,0.0,0.7141411997736283,19.6259212493897,,,77.6149597167969,,,30.0018157958984,,,15.2735023498535,,,0.338025122880936,,,17.9070129394531,,,0.0,,,0.5474568477645727,,,9.768009185790998,1632.5968377265933,3.7175025939941015,1204.1111376137992
2020-05-28,25.108003616333,21.9210872650147,19.0340023040772,85.8570251464844,92.2080383300781,76.0341339111328,19.3938369750977,64.6046524047852,0.330839216709137,19.6954975128174,0.165833155314128,0.7668965761177146,20.2963371276855,20.6144485473633,,80.4380035400391,81.30332946777348,,14.9694309234619,36.5252997080485,,16.5788345336914,17.082057952880866,,0.328306764364243,0.332390367984772,,18.7269287109375,18.776479721069332,,0.0,0.05527771843804267,,0.7141411997736283,0.5474568477645727,,6.074001312255799,1882.0793405506463,2.527250289917003,5546.763266097527
2020-05-29,28.8340072631836,24.0827484130859,20.8760032653809,81.5900573730469,94.0824432373047,60.4883689880371,20.5842514038086,42.007942199707,0.352296769618988,20.9905643463135,0.21416715780894,0.974030843237126,21.9210872650147,22.1000576019287,,85.8570251464844,82.62836201985681,,64.6046524047852,40.52734184265137,,19.3938369750977,18.852307637532565,,0.330839216709137,0.33714758356412267,,19.6954975128174,19.8043301900228,,0.165833155314128,0.12666677104102267,,0.7668965761177146,0.7141411997736283,0.6761648745519718,7.958003997802702,1964.9128247243327,3.4984970092772976,3427.4304141977327
2020-06-01,21.0939979553223,16.0777454376221,10.0439901351929,41.5672836303711,54.4279327392578,30.7790870666504,2.71557140350342,2.50002527236938,0.307255983352661,15.700704574585,0.002500025400271,3.8311509620826247,24.0827484130859,20.693860371907565,,81.5900573730469,69.6714553833008,,42.007942199707,36.37087329228719,,20.5842514038086,14.231219927469906,,0.352296769618988,0.330130656560262,,20.9905643463135,18.795588811238634,,0.21416715780894,0.12750011284111298,,0.974030843237126,0.7668965761177146,0.8183562063761562,11.050007820129402,668.3082047425427,13.362174034118679,103.91925957967378
2020-06-03,27.10400390625,21.85325050354,16.4839954376221,74.0686264038086,90.0240631103516,61.1693801879883,16.9086666107178,28.4419822692871,0.307415992021561,19.5022373199463,0.307500958442688,2.6327709394453875,16.0777454376221,20.671248118082662,,41.5672836303711,65.7419891357422,,2.50002527236938,24.316649913787828,,2.71557140350342,13.40282980600994,,0.307255983352661,0.32232291499773663,,15.700704574585,18.731168746948267,,0.002500025400271,0.17472271388396632,,3.8311509620826247,0.974030843237126,1.857359460479155,10.620008468627901,1618.6402472555462,4.944583892822202,2106.658558887574
2020-06-05,26.7439975738525,23.1074142456055,20.7800006866455,84.4837341308594,92.5049362182617,68.4930419921875,20.2586669921875,80.076286315918,0.368651002645493,21.9815101623535,1.14583357175191,6.95871179966044,21.85325050354,20.346136728922534,20.994929177420488,74.0686264038086,66.70654805501304,75.08852713448664,28.4419822692871,37.006097952524826,37.51459074020386,16.9086666107178,13.294301668802907,15.959047181265703,0.307415992021561,0.3277743260065717,0.33325583594185987,19.5022373199463,19.061484018961597,19.21492222377233,0.307500958442688,0.48527818519828964,0.2622621241025624,2.6327709394453875,3.8311509620826247,2.4793175815883792,5.963996887206999,1952.2006415773683,2.8487472534180007,6765.143683300591
2020-06-07,24.1499996185303,20.8923301696777,17.0859928131104,49.9118385314941,64.5884552001953,40.1527404785156,9.82474327087402,0.0,0.366926789283752,20.6034545898438,0.0,16.972237549518955,23.1074142456055,21.9509983062744,21.175844737461627,84.4837341308594,69.48806635538737,71.1309383937291,80.076286315918,36.17275619506837,33.22861705507551,20.2586669921875,15.664025624593108,15.180653027125777,0.368651002645493,0.3476645946502687,0.3373846454279764,21.9815101623535,20.695734024047866,19.600128173828146,1.14583357175191,0.4844448433981993,0.2622621241025624,6.95871179966044,2.6327709394453875,4.474211233729484,7.064006805419897,1042.774609975616,11.067586898803679,0.0
2020-06-09,30.9420051574707,24.140998840332,15.671989440918,56.0779533386231,80.1191940307617,37.5457916259766,14.1981611251831,0.0,0.321023464202881,21.1645774841309,0.0,19.943198217317477,20.8923301696777,22.713581085205067,21.725082124982556,49.9118385314941,63.49117533365887,67.65093122209824,0.0,26.69209543863933,31.090126923152383,9.82474327087402,14.760523796081541,14.840556825910307,0.366926789283752,0.3522004187107087,0.3363441739763533,20.6034545898438,21.2498474121094,19.948363712855773,0.0,0.3819445239173033,0.2622621241025624,16.972237549518955,6.95871179966044,8.854573429541594,15.270015716552699,1353.777806515892,9.9428377151489,0.0
2020-06-12,29.0559978485107,24.4547462463379,19.3179950714111,54.001251220703104,90.6618041992188,29.0187339782715,13.5084095001221,0.359341561794281,0.3504558801651,22.9142112731934,0.0,20.04371109224675,24.140998840332,23.162691752115865,22.08703340802873,56.0779533386231,53.3303476969401,63.10010637555804,0.0,0.11978052059809367,21.91222537415368,14.1981611251831,12.510437965393074,13.999781472342363,0.321023464202881,0.34613537788391097,0.33914655447006226,21.1645774841309,21.560747782389367,20.408179964338053,0.0,0.0,0.2385716733434013,19.943198217317477,16.972237549518955,14.624715855498957,9.738002777099599,1320.5868955870392,10.9463367462158,19.404893952492777
2020-06-16,23.7080078125,19.2937507629395,13.8579902648926,61.1648101806641,82.0255279541016,41.1844482421875,11.0925750732422,0.0,0.278873354196548,18.7906112670898,0.0,114.20872594793448,24.4547462463379,22.6298319498698,21.40289088657924,54.001251220703104,57.08133824666344,60.182213919503354,0.359341561794281,0.11978052059809367,15.911090774195538,13.5084095001221,12.933048566182466,12.643827710832877,0.3504558801651,0.316784232854843,0.3286574951239994,22.9142112731934,20.9564666748047,20.093900953020384,0.0,0.0,0.20797636508498127,20.04371109224675,19.943198217317477,18.98638228636106,9.8500175476074,1180.0986030882375,8.2011756896973,0.0
2020-06-23,31.716007232666,26.6629180908203,21.6999950408936,69.8047332763672,87.328857421875,50.2442436218262,20.423828125,4.16666650772095,0.280437648296356,24.972110748291,0.0074999493857224,285.0150855970571,19.2937507629395,23.470471700032565,22.9150584084647,61.1648101806641,61.6569315592448,64.2161352975028,0.0,1.508669356505077,16.14918237924576,11.0925750732422,15.008270899454766,15.173578671046673,0.278873354196548,0.30325562755266794,0.3248263044016701,18.7906112670898,22.225644429524735,21.4183875492641,0.0,0.0024999831285741334,0.20869063994004575,114.20872594793448,20.04371109224675,51.3985450858329,10.0160121917724,1861.1978856993367,6.239089965820298,290.8530442230333
2020-07-01,26.0640029907227,22.6574153900147,19.399995803833,79.1431427001953,93.0226898193359,60.4668502807617,18.6709117889404,45.6421356201172,0.302166640758514,22.9147262573242,0.284166852633158,776.5580291454444,26.6629180908203,22.8713614145915,23.029939106532513,69.8047332763672,70.03756205240887,64.94106619698661,4.16666650772095,16.602934042612716,18.606347143650062,20.423828125,16.729104995727536,15.425327982221331,0.280437648296356,0.2871592144171394,0.3240763970783777,24.972110748291,22.225816090901663,21.905885968889518,0.0074999493857224,0.0972222673396268,0.20535719625297005,285.0150855970571,114.20872594793448,139.75584087907944,6.664007186889698,1793.1790594295346,3.9865036010743005,3612.2620525246025
2020-07-08,30.3400058746338,26.4310855865479,23.3499946594238,73.7093200683594,88.3850708007813,54.1110305786133,21.1120796203613,15.0000247955322,0.31144580245018,25.785701751709,0.0324999516208967,1526.2791206847762,22.6574153900147,25.250473022460966,23.50474929809571,79.1431427001953,74.21906534830731,63.40186418805804,45.6421356201172,21.602942307790116,9.309738355023518,18.6709117889404,20.068939844767232,15.547244071960446,0.302166640758514,0.29801669716835,0.3159042256219044,22.9147262573242,24.557512919108063,22.449341910226014,0.284166852633158,0.10805558454659236,0.04630953623425387,776.5580291454444,285.0150855970571,391.9272802301453,6.99001121521,1948.21734725306,5.319005966186602,1105.6416286872102
2021-05-31,22.0599975585938,15.1868333816528,9.71399688720703,70.5252151489258,91.6888122558594,39.9006080627441,9.29733371734619,3.10059142112732,0.428791970014572,13.3122787475586,0.0,1.034116440294285,26.4310855865479,21.425111452738467,22.689678328377873,73.7093200683594,74.4592259724935,66.34663227626257,15.0000247955322,21.24758394559224,9.752679986613135,21.1120796203613,16.360108375549295,15.471899850027897,0.31144580245018,0.34746813774108865,0.32474210858345015,25.785701751709,20.670902252197266,21.407745361328125,0.0324999516208967,0.10555560141801823,0.04630953623425387,1526.2791206847762,776.5580291454444,862.6174118090926,12.34600067138677,1071.054691671952,5.88949966430661,218.66987706391782
2021-06-01,24.378002166748,18.5084171295166,11.3439912796021,65.1698913574219,90.1051864624023,37.8751754760742,11.1187515258789,16.2215404510498,0.407530307769775,15.8443441390991,0.0,0.9946220996038487,15.1868333816528,20.042112032572433,21.885023798261386,70.5252151489258,69.80147552490237,67.6454805646624,3.10059142112732,11.440718889236441,12.07004290819168,9.29733371734619,13.84272162119546,15.031984192984442,0.428791970014572,0.3825893600781756,0.3371002290930064,13.3122787475586,18.3141082127889,20.647712026323585,0.0,0.010833317206965567,0.04630953623425387,1.034116440294285,1526.2791206847762,767.9570887568383,13.0340108871459,1206.1915335284434,7.389665603637702,1057.1560288449402
2021-06-03,25.2280044555664,19.9147491455078,15.9639949798584,85.5484619140625,95.7460479736328,67.349967956543,17.3288345336914,65.7052307128906,0.403706938028336,18.2007293701172,0.275833129882813,1.2670175438596496,18.5084171295166,17.869999885559068,21.23645278385709,65.1698913574219,73.74785614013673,72.15222494942803,16.2215404510498,28.342454195022572,21.405169929776864,11.1187515258789,12.581639925638827,15.577759197780056,0.407530307769775,0.413343071937561,0.3447075230734687,15.8443441390991,15.785784085591635,19.97435746874127,0.0,0.09194437662760434,0.08571426907465574,0.9946220996038487,1.034116440294285,509.4359530748914,9.264009475707999,1703.6761588025827,2.585914611816399,5620.981427196411
2021-06-09,31.9480056762695,26.1688346862793,22.0859985351563,78.0868759155273,93.4849853515625,53.1024398803711,21.7370872497559,44.5076522827148,0.399872899055481,24.4073848724365,0.0783334076404572,3.9895281550650825,19.9147491455078,21.53066698710123,22.21860763004849,85.5484619140625,76.2684097290039,74.56966291155133,65.7052307128906,42.14480781555174,27.763405970164694,17.3288345336914,16.728224436442062,17.098403794424872,0.403706938028336,0.40370338161786395,0.36199317233903056,18.2007293701172,19.484152793884267,20.77675369807651,0.275833129882813,0.11805551250775674,0.09690475588043533,1.2670175438596496,0.9946220996038487,1.0985853612525944,9.8620071411132,2043.4425470014385,4.431747436523402,3475.4635210917863
2021-06-11,19.5279998779297,17.9444103240967,16.6199951171875,73.7214050292969,86.5531311035156,63.6751899719238,13.1052484512329,50.8333854675293,0.379787802696228,19.05517578125,0.430001338322957,5.936746604414255,26.1688346862793,21.34266471862793,20.97310652051654,78.0868759155273,79.11891428629558,75.12918744768417,44.5076522827148,53.68208948771157,34.430080107280176,21.7370872497559,17.39039007822673,16.052892412458142,0.399872899055481,0.3944558799266817,0.3761860515390123,24.4073848724365,20.554430007934567,19.931477274213513,0.0783334076404572,0.2613892919487424,0.15726209715718314,3.9895281550650825,1.2670175438596496,2.0837225995095268,2.9080047607422017,1322.8871415146298,4.8391618728638015,3747.5085990621023
2021-06-15,26.507999420166,22.2835807800293,19.0039958953857,69.8831253051758,94.359619140625,45.3505401611328,15.9683294296265,26.5315055847168,0.400861144065857,21.1207847595215,0.0858324666817983,4.007354272778722,17.9444103240967,22.132275263468433,20.919701576232914,73.7214050292969,73.89713541666667,73.80632781982423,50.8333854675293,40.624181111653634,31.699990102222973,13.1052484512329,16.936888376871764,15.666809218270442,0.379787802696228,0.3935072819391887,0.39028526629720417,19.05517578125,21.527781804402665,19.675199917384557,0.430001338322957,0.1980557375484042,0.12892861344984602,5.936746604414255,3.9895281550650825,3.7310974344463292,7.504003524780302,1557.2462678987945,6.3152513504028,1854.1045293117356
2021-06-18,28.8080024719238,22.3089122772217,14.0739879608154,53.5867462158203,81.161865234375,31.015079498291,11.3868255615234,0.0,0.335021048784256,19.7369823455811,0.0,5.226669496321447,22.2835807800293,20.845634460449233,20.3308196749006,69.8831253051758,65.73042551676434,70.93167441231864,26.5315055847168,25.788297017415363,29.557129417146943,15.9683294296265,13.48680114746093,14.277487209865027,0.400861144065857,0.37188999851544696,0.3936531586306436,21.1207847595215,19.970980962117533,18.81109714508057,0.0858324666817983,0.17194460166825176,0.12428576321828935,4.007354272778722,5.936746604414255,4.644543010752686,14.7340145111084,1195.462020550477,10.9220867156983,0.0
2021-06-23,24.015998840332,18.4915790557861,12.425989151001,56.6931953430176,76.6070251464844,34.7931137084961,9.04566478729248,0.0,0.375291049480438,18.4820404052734,0.0,6.782120118845498,22.3089122772217,21.028024037679035,20.802926199776785,53.5867462158203,60.0543556213379,68.9556715829032,0.0,8.8438351949056,29.114187785557327,11.3868255615234,12.133606592814125,14.24153450557164,0.335021048784256,0.3703910807768503,0.38601016998291016,19.7369823455811,19.779935836791996,19.549634524754115,0.0,0.0286108222272661,0.12428576321828935,5.226669496321447,4.007354272778722,5.056923457838141,11.590009689331,1048.3467036105344,9.44591426849362,0.0
2021-06-29,34.6740074157715,29.5840816497803,24.7239952087402,65.5752410888672,80.0839767456055,50.5729827880859,22.213415145874,6.66669178009033,0.322725176811218,27.0852470397949,0.0249998718500137,3.5829230333899282,18.4915790557861,23.461524327596035,22.385163988385887,56.6931953430176,58.618394215901695,69.01357868739537,0.0,2.2222305933634434,27.749209403991692,9.04566478729248,14.21530183156329,15.826486451285225,0.375291049480438,0.34434575835863734,0.37389515127454487,18.4820404052734,21.768089930216465,21.15547779628209,0.0,0.008333290616671233,0.12785717348257702,6.782120118845498,5.226669496321447,5.338714629315223,9.9500122070313,1939.9832865770752,7.3706665039063,437.1699207445927
2021-07-02,25.1120014190674,22.2253341674805,18.3779945373535,86.405029296875,95.7772216796875,68.8462600708008,19.7388305664063,88.8227386474609,0.405693471431732,23.3491458892822,0.686665455500285,1.710940152801359,29.5840816497803,23.4336649576823,22.71524756295341,65.5752410888672,69.5578219095866,69.13594545636859,6.66669178009033,31.829810142517076,31.051710537501727,22.213415145874,16.99930349985759,16.170771598815925,0.322725176811218,0.36790323257446267,0.3741789417607443,27.0852470397949,22.9721444447835,21.890965870448515,0.0249998718500137,0.23722177578343293,0.18654750571364445,3.5829230333899282,6.782120118845498,5.197237549518958,6.734006881713899,1920.3806498739896,2.486503601074201,7674.73133506253
2021-07-06,34.810001373291,27.0321655273438,22.267993927002,70.2060699462891,90.3667068481445,44.0001907348633,20.7519149780273,29.3040390014648,0.370725154876709,24.8523559570313,0.157499690850576,10.703788200339561,22.2253341674805,26.280527114868203,22.83858054024834,86.405029296875,74.06211344401044,68.0101160321917,88.8227386474609,41.59782314300534,28.879765783037445,19.7388305664063,20.901386896769196,16.030032702854697,0.405693471431732,0.366381267706553,0.37001497830663405,23.3491458892822,25.095582962036133,21.95453316824777,0.686665455500285,0.2897216727336249,0.19785697474366143,1.710940152801359,3.5829230333899282,4.025327768345595,12.542007446289002,1897.8221038123638,6.280250549316499,2057.3214118456217
2021-07-09,30.871997833252,25.4889984130859,22.0579948425293,77.2760162353516,95.1652069091797,52.2010002136231,20.8551654815674,41.6666679382324,0.420789361000061,24.6908435821533,0.550831913948059,6.0027843803056085,27.0321655273438,24.9154993693034,23.916378838675374,70.2060699462891,77.9623718261719,68.51791763305665,29.3040390014648,53.26448186238603,27.5702347074236,20.7519149780273,20.448637008666996,17.137163707188197,0.370725154876709,0.399069329102834,0.3758723437786102,24.8523559570313,24.297448476155598,22.759628568376815,0.157499690850576,0.46499902009964006,0.2151184855472474,10.703788200339561,1.710940152801359,5.3325504621769495,8.814002990722699,1969.688255192477,4.633832931518498,3219.834108067851
2021-07-13,25.8360042572022,23.5400848388672,21.7319984436035,88.8495330810547,95.9740905761719,79.8437957763672,21.5518341064453,28.5610008239746,0.421157777309418,23.9254531860352,0.0458334585030874,19.286810271646857,25.4889984130859,25.353749593098968,24.095879418509355,77.2760162353516,78.77720642089848,71.22740445818222,41.6666679382324,33.17723592122393,27.860162598746147,20.8551654815674,21.052971522013333,17.934807232448026,0.420789361000061,0.4042240977287293,0.3787718628134046,24.6908435821533,24.4895509084066,23.160295486450202,0.550831913948059,0.25138835443390745,0.2094043415217173,6.0027843803056085,10.703788200339561,6.139170911148843,4.1040058135987,2091.525546621766,1.9882507324219034,2537.631587537762
2021-07-16,33.2740020751953,28.7599143981934,24.3079929351807,68.4380645751953,89.4849624633789,44.274959564209,21.8946628570557,6.60049200057983,0.378214418888092,26.6775054931641,0.0016666413284838,52.11676924165253,23.5400848388672,25.929665883382167,25.017451150076745,88.8495330810547,78.18787129720053,73.34902136666436,28.5610008239746,25.609386920928944,28.80309002740041,21.5518341064453,21.433887481689464,19.435926846095498,0.421157777309418,0.406720519065857,0.38494234425680973,23.9254531860352,25.097934087117533,24.15179879324777,0.0458334585030874,0.19944400459321007,0.20964243314007214,19.286810271646857,6.0027843803056085,11.997794284097344,8.966009140014599,1968.2728787606488,6.865251541137699,451.72489776374243
2021-07-20,30.1680068969727,26.0332469940186,21.6659927368164,71.0340118408203,83.8708572387695,54.8493766784668,20.146411895752,4.16666650772095,0.390025198459625,24.7510452270508,0.0108332311113675,52.43940647990944,28.7599143981934,26.1110820770264,26.09483228410996,68.4380645751953,76.10720316569011,75.39770943777903,6.60049200057983,13.109386444091792,29.398328099931973,21.8946628570557,21.197636286417666,21.021747861589713,0.378214418888092,0.396465798219045,0.3870472226824079,26.6775054931641,25.118001302083368,25.04737091064454,0.0016666413284838,0.019444443647646234,0.2111900375845532,52.11676924165253,19.286810271646857,25.80212129786833,8.5020141601563,1849.2459752281168,5.886835098266602,295.9750380461993
2021-07-28,28.1100063323975,24.1262512207031,20.6739921569824,67.8510360717773,83.5909042358398,50.8462219238281,17.5619926452637,8.3333330154419,0.295478373765945,24.3869285583496,0.0233333607514699,173.53354555744204,26.0332469940186,26.306470870971697,25.315142222813215,71.0340118408203,69.10770416259764,75.72282300676618,4.16666650772095,6.3668305079142264,29.636419704982195,20.146411895752,19.86768913269046,20.3572589329311,0.390025198459625,0.35457266370455404,0.3831548222473689,24.7510452270508,25.271826426188166,24.661896841866643,0.0108332311113675,0.011944411063773733,0.21095196457047552,52.43940647990944,52.11676924165253,41.280995331069605,7.4360141754150995,1636.9911418526872,6.5642585754394,565.425279028881
2021-08-03,25.6920051574707,21.0991630554199,16.8639907836914,62.1749267578125,79.7774047851563,44.9830627441406,13.2858209609985,0.0,0.293438494205475,20.8327941894531,0.0,190.90339558573856,24.1262512207031,23.7528870900472,25.154260635375984,67.8510360717773,67.01999155680336,72.26137978690011,8.3333330154419,4.16666650772095,16.947457041059213,17.5619926452637,16.998075167338065,19.43540041787284,0.295478373765945,0.3263140221436817,0.3671183969293321,24.3869285583496,23.32358932495116,24.30241802760534,0.0233333607514699,0.011388863954279134,0.11285689949900624,173.53354555744204,52.43940647990944,92.696573759668,8.8280143737793,1311.8389176218757,7.813342094421401,0.0
2021-08-10,31.2060089111328,25.3351669311523,21.6679935455322,82.8138427734375,93.717041015625,65.2391967773438,22.0344982147217,41.5430908203125,0.311539441347122,24.1122703552246,0.310833851496379,256.3928126768533,21.0991630554199,23.520193735758436,24.911832264491487,62.1749267578125,70.94660186767577,74.06249019077846,0.0,16.625474611918133,18.69589301518031,13.2858209609985,17.627437273661297,19.618626594543475,0.293438494205475,0.3001521031061807,0.358663294996534,20.8327941894531,23.110664367675767,24.196691513061527,0.0,0.11138907074928296,0.13476177959126381,190.90339558573856,173.53354555744204,138.95878254103002,9.538015365600597,2098.1025308752396,3.3006687164306,3440.342991515994
2021-08-17,26.6859970092773,24.3567485809326,21.919994354248,76.957405090332,85.0821838378906,69.8704833984375,20.0090866088867,71.6667175292969,0.321194410324097,23.6178207397461,0.413334012031555,292.4225099037919,25.3351669311523,23.597026189168265,24.75008228846958,82.8138427734375,73.982058207194,74.01697431291852,41.5430908203125,37.73660278320313,22.981614385332385,22.0344982147217,18.44313526153563,19.497758184160514,0.311539441347122,0.30872411529223137,0.34443544489996775,24.1122703552246,22.854295094807934,24.043402535574785,0.310833851496379,0.24138928784264468,0.11511922217462037,256.3928126768533,190.90339558573856,206.9432512733446,4.7660026550293,1874.4321672261992,4.347661972045898,5515.284612396499
2021-08-24,32.1399993896484,26.9824962615967,22.8819961547852,70.905517578125,88.9446258544922,46.1149024963379,20.7589988708496,5.45145130157471,0.420931875705719,25.183536529541,0.0,753.5155772495752,24.3567485809326,25.558137257893865,25.241855348859513,76.957405090332,76.89225514729817,71.4535435267857,71.6667175292969,39.55375321706137,19.680250167846683,20.0090866088867,20.934194564819332,19.38449600764684,0.321194410324097,0.35122190912564605,0.3444031732422964,23.6178207397461,24.304542541503903,24.223128727504186,0.413334012031555,0.24138928784264468,0.10857158524560788,292.4225099037919,256.3928126768533,246.57290605546123,9.258003234863203,1913.207862978337,6.223497390747102,386.53797609009797
2021-09-04,25.3279991149902,20.0699119567871,15.0759925842285,67.6224975585938,85.8074035644531,47.5491256713867,13.5067462921143,0.0,0.400443613529205,19.7184410095215,0.0,417.0429400113188,26.9824962615967,23.8030522664388,24.000426428658614,70.905517578125,71.82847340901694,71.33703395298548,5.45145130157471,25.706056276957202,18.73732273919242,20.7589988708496,18.091610590616863,18.186222212655213,0.420931875705719,0.38085663318634033,0.3475787724767411,25.183536529541,22.83993275960287,23.228976658412385,0.0,0.13777800401051835,0.10833349362725306,753.5155772495752,292.4225099037919,434.1102999434068,10.2520065307617,1357.1775722990283,6.563165664672798,0.0
2022-05-19,21.5380058288574,16.3127498626709,12.6959953308105,82.4393081665039,95.2694854736328,66.4457397460938,13.1790008544922,54.9615669250488,0.434944450855255,16.0046482086182,0.724166472752889,0.0,20.0699119567871,21.121719360351566,22.61178398132323,67.6224975585938,73.65577443440758,72.96636199951172,0.0,20.137672742207837,25.993737084524973,13.5067462921143,15.814915339152032,17.190877778189527,0.400443613529205,0.418773313363393,0.35399580853325974,19.7184410095215,20.30220858256023,21.979491370064867,0.0,0.241388824250963,0.2102382424331847,417.0429400113188,753.5155772495752,487.6603423882287,8.8420104980469,1344.8118129718205,3.1337490081786985,4530.993553048026
2022-05-21,33.0760154724121,25.5330905914307,17.7160015106201,71.1771240234375,98.9378662109375,40.548648834228494,19.026252746582,29.166666030883803,0.40958109498024,21.4840240478516,0.0,0.1400639816386845,16.3127498626709,20.638584136962898,22.812761034284314,82.4393081665039,73.7463099161784,73.44151742117745,54.9615669250488,28.0427443186442,28.969927515302384,13.1790008544922,15.237333297729498,17.40005779266357,0.434944450855255,0.4149897197882333,0.370296197278159,16.0046482086182,19.06903775533043,21.564790725708015,0.724166472752889,0.241388824250963,0.20690490518297475,0.0,417.0429400113188,390.18617242029796,15.360013961792003,1817.371955727928,6.5068378448487,2075.999405430398
2022-05-23,23.3660011291504,19.8369121551514,16.3539943695068,53.9985275268555,77.4459762573242,38.3235206604004,9.93416404724121,0.0,0.385561138391495,20.4272155761719,0.0,0.2697619945922151,25.5330905914307,20.560917536417666,22.6324394771031,71.1771240234375,69.20498657226564,72.2734603881836,29.166666030883803,28.0427443186442,28.969927515302384,19.026252746582,14.046472549438468,16.921249662126815,0.40958109498024,0.41002889474233,0.383456575019019,21.4840240478516,19.3052959442139,21.506850923810703,0.0,0.241388824250963,0.20690490518297475,0.1400639816386845,0.0,139.06100133098582,7.012006759643601,1071.1640470577572,9.90274810791019,0.0
2022-05-25,21.1540069580078,16.2092514038086,11.597993850708,60.05596160888669,83.0587005615234,42.352409362793,8.02816581726074,0.0,0.354390203952789,16.2153778076172,0.0,0.5170643903665973,19.8369121551514,20.526418050130232,21.32873725891114,53.9985275268555,61.7438710530599,69.02233450753349,0.0,9.722222010294601,23.03520025525774,9.93416404724121,12.32952753702798,14.920345033918107,0.385561138391495,0.3831774791081746,0.3895781125341143,20.4272155761719,19.375539143880236,20.378723417009642,0.0,0.0,0.16250006925492055,0.2697619945922151,0.1400639816386845,0.1366086587436332,9.556013107299798,973.4621800159221,8.18108558654786,0.0
2022-05-27,25.9180030822754,21.3575820922852,18.7159976959229,84.4443511962891,94.6548614501953,65.4925918579102,18.5014991760254,60.989402770996094,0.354153513908386,19.4309272766113,0.454166928927104,0.5391537760171036,16.2092514038086,19.1345818837484,20.900284903390084,60.05596160888669,66.1662801106771,70.09189823695593,0.0,20.329800923665363,21.50986957550049,8.02816581726074,12.154609680175781,14.704975400652206,0.354390203952789,0.36470161875088997,0.39428655590329836,16.2153778076172,18.6911735534668,19.780595779418956,0.0,0.15138897630903467,0.16833334309714187,0.5170643903665973,0.2697619945922151,0.308963455532499,7.2020053863525,1803.5271629045064,2.8560829162597976,5150.210546845922
2022-05-29,25.6600036621094,20.9038314819336,15.3399906158447,63.04196929931639,83.031982421875,38.0926971435547,13.1009140014648,0.0,0.387432634830475,19.5957412719727,0.0,0.762089093701997,21.3575820922852,19.490221659342467,20.031904220581072,84.4443511962891,69.18076070149739,68.96853419712613,60.989402770996094,20.329800923665363,20.731090818132675,18.5014991760254,13.210192998250312,13.61096327645438,0.354153513908386,0.36532545089721663,0.38950095006397784,19.4309272766113,18.414015452067066,18.98233931405206,0.454166928927104,0.15138897630903467,0.16833334309714187,0.5391537760171036,0.5170643903665973,0.44199338699197205,10.3200130462647,1317.8187025221416,7.8029174804688015,0.0
2022-05-31,34.1380081176758,28.1479187011719,22.0579948425293,57.0966644287109,82.3754272460938,34.2116241455078,18.0832481384277,0.0,0.345422625541687,24.3809394836426,0.0,1.150622524052066,20.9038314819336,23.469777425130232,21.185905184064612,63.04196929931639,68.19432830810547,67.46484375,0.0,20.329800923665363,20.731090818132675,13.1009140014648,16.561887105305967,14.26474925449915,0.387432634830475,0.36233625809351605,0.38164080892290386,19.5957412719727,21.13586934407553,19.648410524640784,0.0,0.15138897630903467,0.16833334309714187,0.762089093701997,0.5391537760171036,0.606102420028566,12.080013275146502,1607.152268447448,10.064670562744201,0.0
2022-06-02,27.3139991760254,21.2961654663086,16.6919937133789,83.5153427124023,94.2216339111328,60.6096229553223,18.2140827178955,45.833625793457,0.342626750469208,20.2480201721191,0.230000297228495,1.400675187071622,28.1479187011719,23.449305216471362,21.897821698869997,57.0966644287109,67.88465881347652,67.61856297084263,0.0,15.277875264485667,19.427099227905273,18.0832481384277,16.466081619262663,14.984046663556764,0.345422625541687,0.35849400361379,0.3684525660106114,24.3809394836426,21.408233642578136,20.254606519426627,0.0,0.07666676574283167,0.09773817516508557,1.150622524052066,0.762089093701997,0.8172884645903888,10.622005462646502,1778.5565573787896,3.0820827484131,3827.810965892563
2022-06-04,28.3880004882813,22.1339149475098,15.2339897155762,48.6548271179199,75.4607772827148,24.1923408508301,9.62107086181641,0.0,0.331644237041473,20.3543758392334,0.0,2.147586147267812,21.2961654663086,23.859333038330103,21.412225178309875,83.5153427124023,63.08894475301103,64.40109198434011,45.833625793457,15.277875264485667,15.260432652064727,18.2140827178955,15.306133906046535,13.640449251447393,0.342626750469208,0.339897871017456,0.3573187291622162,20.2480201721191,21.66111183166503,20.093228203909746,0.230000297228495,0.07666676574283167,0.09773817516508557,1.400675187071622,1.150622524052066,1.1044622682752283,13.1540107727051,1076.9218052138326,12.512844085693391,0.0
2022-06-06,27.6700057983398,21.3727493286133,13.5799884796143,45.3079452514648,75.7038269042969,28.3340244293213,8.0908203125,0.0,0.285744965076447,19.782470703125,0.0,2.9702942840973416,22.1339149475098,21.600943247477232,21.63163048880443,48.6548271179199,59.159371693928996,63.15958023071287,0.0,15.277875264485667,15.260432652064727,9.62107086181641,11.9753246307373,13.37711443219865,0.331644237041473,0.32000531752904265,0.34305927583149504,20.3543758392334,20.128288904825833,20.00112179347447,0.0,0.07666676574283167,0.09773817516508557,2.147586147267812,1.400675187071622,1.5662946194638334,14.0900173187255,968.3553564540924,13.281929016113299,0.0
2022-06-08,29.292005538940405,24.4362525939941,20.0959949493408,63.94608306884769,90.8545684814453,33.9197616577148,16.1608257293701,30.028076171875,0.277709156274796,22.2822341918945,0.086666742960612,3.1469353266679243,21.3727493286133,22.647638956705734,22.806916373116646,45.3079452514648,52.636285146077455,63.715311867850154,0.0,10.009358723958334,19.55015781947544,8.0908203125,11.290905634562167,14.538922991071416,0.285744965076447,0.29836611946423863,0.3321048404489246,19.782470703125,20.806360244750966,20.867815562656943,0.0,0.028888914320204,0.11011913844517299,2.9702942840973416,2.147586147267812,2.172851872812259,9.196010589599606,1562.6026382668917,8.275426864624002,1920.1778532844048
2022-06-10,26.2960014343262,21.6060810089111,16.1239929199219,53.2839736938477,72.35888671875,33.471923828125,11.1227436065674,0.0,0.335309356451035,20.7398948669434,0.0,2.3675132050556504,24.4362525939941,22.471694310506166,22.842416218348916,63.94608306884769,54.17933400472006,59.26382936750138,30.028076171875,10.009358723958334,10.837385995047429,16.1608257293701,11.79146321614583,13.484815052577416,0.277709156274796,0.29958782593409267,0.32941281795501726,22.2822341918945,20.934866587320965,21.054810932704385,0.086666742960612,0.028888914320204,0.04523814859844385,3.1469353266679243,2.9702942840973416,2.754938586011026,10.1720085144043,1151.2578521059615,10.4833374023437,0.0
2022-06-13,30.310003280639698,24.8542518615723,19.773998260498,71.6160507202148,92.8479232788086,42.671932220459,18.9150810241699,25.8337020874023,0.345066905021668,22.3221206665039,0.0,3.089675690121362,21.6060810089111,23.632195154825837,23.40676198686873,53.2839736938477,62.94870249430338,60.48869814191544,0.0,18.620592753092435,14.52791486467633,11.1227436065674,15.399550120035798,14.315410341535287,0.335309356451035,0.31936180591583296,0.32336057083947345,20.7398948669434,21.781416575113933,21.4442937033517,0.0,0.028888914320204,0.04523814859844385,2.3675132050556504,3.1469353266679243,2.8282476052736385,10.536005020141697,1779.9633619313552,5.939170837402401,1850.1077189823222
2022-06-15,28.0260181427002,22.9194984436035,18.529993057251,61.3743896484375,78.5661315917969,43.2296943664551,14.728239059448198,0.0,0.299923539161682,22.0497207641602,0.0,7.469544268377039,24.8542518615723,23.126610438028965,22.6598448072161,71.6160507202148,62.091471354166664,61.09980174473352,25.8337020874023,8.611234029134101,14.52791486467633,18.9150810241699,14.92202123006183,13.836123330252502,0.345066905021668,0.3267666002114617,0.31686070135661554,22.3221206665039,21.703912099202498,21.111262457711355,0.0,0.0,0.04523814859844385,3.089675690121362,2.3675132050556504,2.868041407281645,9.496025085449197,1406.670228024478,8.191259384155304,0.0
2022-06-17,33.5500030517578,27.1156692504883,21.5559978485107,57.320316314697294,86.8741989135742,30.658809661865195,16.7295761108398,4.28093099594116,0.276712656021118,24.0030994415283,0.004999923830231,7.883936993020189,22.9194984436035,24.96313985188803,23.491202490670343,61.3743896484375,63.43691889444985,57.35765511648996,0.0,10.038211027781154,8.591815607888352,14.728239059448198,16.790965398152633,13.624050957815971,0.299923539161682,0.3072343667348227,0.3074444021497455,22.0497207641602,22.791646957397464,21.64770235334124,0.0,0.0016666412767436668,0.01309523811297757,7.469544268377039,3.089675690121362,4.308911054518017,11.994005203247099,1554.2787385227002,10.386093139648498,245.38431880873944
2022-06-20,26.9120063781738,20.6183338165283,13.493992805481,41.4103240966797,60.24468231201169,23.0579414367676,6.0825629234314,0.0,0.235833525657654,19.5233459472656,0.0,7.176458844243225,27.1156692504883,23.5511671702067,23.27469090053013,57.320316314697294,53.36834335327149,56.32272611345564,4.28093099594116,1.4269769986470535,8.591815607888352,16.7295761108398,12.51345936457313,13.118549823760972,0.276712656021118,0.27082324028015137,0.29375715766634286,24.0030994415283,21.8587220509847,21.52898379734584,0.004999923830231,0.0016666412767436668,0.01309523811297757,7.883936993020189,7.469544268377039,6.147718983839529,13.4180135726928,853.8118856759678,14.535770893096899,0.0
2022-06-22,22.0240097045898,19.9598388671875,17.871997833252,76.3708801269531,88.1057281494141,62.07656097412111,15.5351638793945,20.0000762939453,0.237282648682594,20.5720329284668,0.0658334145943324,4.323842985600199,20.6183338165283,22.564613978068035,23.07284654889787,41.4103240966797,58.367173512776695,60.7602882385254,0.0,8.09366909662882,11.44896936416625,6.0825629234314,12.78243430455523,14.18202747617447,0.235833525657654,0.24994294345378865,0.2868339696100781,19.5233459472656,21.3661594390869,21.6417784009661,0.0,0.023611112808187798,0.02250001162645363,7.176458844243225,7.883936993020189,7.509980035213484,4.152011871337802,1524.350461479276,4.424674987793001,1527.4234291748128
2022-06-24,27.9559993743897,22.3757476806641,16.3039951324463,71.5286636352539,93.2372589111328,46.946739196777294,16.4376640319824,20.2229232788086,0.252929449081421,20.7522048950195,0.0,4.770566874174682,19.9598388671875,20.984640121459964,22.778488704136443,76.3708801269531,63.10328928629556,61.84351403372629,20.0000762939453,13.4076665242513,10.048233236585336,15.5351638793945,12.685130278269432,14.221575805119086,0.237282648682594,0.242015207807223,0.283294011439596,20.5720329284668,20.282527923583967,21.423202787126815,0.0658334145943324,0.021944471531444132,0.0101190483463662,4.323842985600199,7.176458844243225,6.4614129409545376,11.652004241943402,1600.5073294375352,5.938083648681701,1446.5186769314464
2022-06-27,26.7240028381348,23.6729965209961,20.8439979553223,78.6973876953125,94.2743225097656,64.891960144043,19.6452484130859,45.219688415527294,0.253680318593979,23.6850395202637,0.244999945163727,3.1891396277431943,22.3757476806641,22.002861022949233,23.073762348720013,71.5286636352539,75.53231048583983,65.47400174822126,20.2229232788086,28.480895996093732,16.508188724517808,16.4376640319824,17.206025441487597,15.439076491764585,0.252929449081421,0.247964138785998,0.27163272031715946,20.7522048950195,21.669759114583332,21.843937737601145,0.0,0.10361111991935312,0.04511904051261291,4.770566874174682,4.323842985600199,5.423622901339368,5.8800048828125,1863.002985122614,4.027748107910202,3558.6713506979827
2022-06-29,29.7560043334961,24.1317520141602,16.9579925537109,54.2708358764648,83.9263000488281,32.115119934082,13.2542362213135,1.57072842121124,0.256621211767197,22.3706245422363,0.0,6.725293183676036,23.6729965209961,23.393498738606798,22.970548084803998,78.6973876953125,68.1656290690104,62.996113913399824,45.219688415527294,22.337780038515714,13.042049629347657,19.6452484130859,16.445716222127263,14.630384377070813,0.253680318593979,0.25441032648086565,0.25899762128080644,23.6850395202637,22.2692896525065,21.85086686270577,0.244999945163727,0.081666648387909,0.04511904051261292,3.1891396277431943,4.770566874174682,4.0945164958393585,12.798011779785202,1309.6503529720371,10.8775157928467,85.24474435405388
2022-07-01,33.6500053405762,27.1220016479492,21.4359931945801,67.9745178222656,90.392204284668,39.0587158203125,20.1254119873047,12.4154357910156,0.234529495239258,25.3870429992676,0.128334164619446,11.433540841350686,24.1317520141602,24.9755833943685,23.570905685424815,54.2708358764648,66.9809137980143,63.93898936680385,1.57072842121124,19.73528420925138,14.815683313778456,13.2542362213135,17.674965540568028,15.401409081050314,0.256621211767197,0.248277008533478,0.24965561500617442,22.3706245422363,23.814235687255863,22.327627182006832,0.0,0.12444470326105767,0.0634524926011052,6.725293183676036,3.1891396277431943,4.89499989519797,12.2140121459961,1843.6049843940398,6.996589660644499,843.9332614475841
2022-07-04,30.098003387451197,24.9689979553223,18.4119892120361,40.4988632202148,58.078464508056605,26.0367527008057,9.88639640808106,0.0,0.24663022160530101,24.4441471099854,0.0,9.864083820662769,27.1220016479492,25.407583872477232,23.264238357543956,67.9745178222656,54.248072306315066,61.53592463902063,12.4154357910156,4.662054737408947,14.204121742929718,20.1254119873047,14.422014872233085,14.423811980656208,0.234529495239258,0.24592697620391868,0.2453581243753434,25.3870429992676,24.067271550496432,22.390633991786412,0.128334164619446,0.04277805487314867,0.06273821776821506,11.433540841350686,6.725293183676036,7.115991217589972,11.686014175415096,1011.2160329384209,15.082601547241241,0.0
2022-07-06,30.1940040588379,26.829420089721697,23.121997833252,64.7624206542969,91.8296737670898,44.8987884521484,19.0509948730469,1.17262411117554,0.244648590683937,25.516963958740195,0.0,12.107083569137897,24.9689979553223,26.30680656433107,24.15153639657159,40.4988632202148,57.745267232259096,64.87193843296595,0.0,4.529353300730381,14.371639473097654,9.88639640808106,16.354267756144218,16.276445116315564,0.24663022160530101,0.24193610250949868,0.24661741937909815,24.4441471099854,25.11605135599773,23.246865136282786,0.0,0.04277805487314867,0.06273821776821506,9.864083820662769,11.433540841350686,9.34097261522983,7.072006225585902,1737.5381897614006,7.778425216674798,75.94197595732135
2022-07-07,26.7060050964355,24.154499053955096,21.1219959259033,70.9783630371094,84.5939559936523,61.46475982666019,18.4705791473389,27.5000247955322,0.237941950559616,24.3307266235352,0.0641668935616811,7.97180013205056,26.829420089721697,25.317639032999697,24.750773566109814,64.7624206542969,58.74654897054037,64.10157884870256,1.17262411117554,9.557549635569247,15.44306068761007,19.0509948730469,15.802656809488951,16.695790154593336,0.244648590683937,0.24307358761628464,0.2467116053615299,25.516963958740195,24.763945897420268,23.783821378435416,0.0,0.021388964520560366,0.06250014333497915,12.107083569137897,9.864083820662769,11.134902743717115,5.584009170532202,1714.4468028311405,5.683919906616197,1951.906743466795
2022-07-08,29.304002761840803,24.6508331298828,19.581995010376,72.2422637939453,91.0135879516602,52.3623199462891,19.0139961242676,17.5008087158203,0.235258668661118,23.8883514404297,0.0250001276532809,20.09036030937558,24.154499053955096,25.211584091186534,25.075785773141057,70.9783630371094,69.3276824951172,64.20352172851561,27.5000247955322,15.39115254084268,15.05418717861174,18.4705791473389,18.8451900482178,17.063837596348367,0.237941950559616,0.23928306996822366,0.24418720815862943,24.3307266235352,24.57868067423503,24.231842313494013,0.0641668935616811,0.029722340404987332,0.06607159014259072,7.97180013205056,12.107083569137897,9.980989173950409,9.722007751464801,1780.8319897095193,5.636837005615199,1264.298039855667
2022-07-11,30.392007827758803,24.1171684265137,17.2119903564453,56.6145133972168,84.3758239746094,34.9247360229492,14.0734882354736,0.0,0.213118702173233,23.5533447265625,0.0,18.82632679368671,24.6508331298828,24.30750020345053,25.139238902500715,72.2422637939453,66.61171340942383,61.048825400216224,17.5008087158203,15.000277837117501,8.594231690679269,19.0139961242676,17.1860211690267,16.267871856689464,0.235258668661118,0.22877310713132235,0.23839269152709427,23.8883514404297,23.9241409301758,24.2130287715367,0.0250001276532809,0.029722340404987332,0.031071597976344005,20.09036030937558,7.97180013205056,13.389748003521348,13.180017471313505,1365.3817549857938,10.0436801910401,0.0
2022-07-13,33.4220085144043,28.2642478942871,22.9459953308105,52.8288803100586,85.2962188720703,31.9355621337891,16.6665687561035,0.0,0.20347535610199,26.8481178283691,0.0,24.765782399547295,24.1171684265137,25.6774164835612,25.729595456804557,56.6145133972168,60.561885833740234,60.84283174787249,0.0,5.833602905273433,8.369841916220519,14.0734882354736,16.58468437194823,16.75534793308804,0.213118702173233,0.21728424231211366,0.23080042643206472,23.5533447265625,24.7632713317871,24.85267066955567,0.0,0.008333375884426966,0.031071597976344005,18.82632679368671,20.09036030937558,15.629495745037616,10.476013183593796,1493.168569061119,11.597679138183597,0.0
2022-07-14,32.1760025024414,27.2969970703125,22.3479919433594,54.1690330505371,80.0232391357422,35.7105293273926,16.5099868774414,0.0,0.198448687791824,26.5904998779297,0.0,13.132386578004152,28.2642478942871,26.559471130371097,25.754594802856452,52.8288803100586,54.5374755859375,58.87061963762556,0.0,0.0,6.59620823178972,16.6665687561035,15.750014623006166,16.238858631678994,0.20347535610199,0.20501424868901566,0.22564602536814557,26.8481178283691,25.663987477620434,25.024593080793114,0.0,0.0,0.012738145887851717,24.765782399547295,18.82632679368671,21.227489834203194,9.828010559082,1478.6519364821722,10.7870101928711,0.0
2022-07-15,29.6680145263672,25.5763339996338,21.6839942932129,52.6614685058594,78.4475708007813,37.3491668701172,14.719564437866202,0.0,0.195262044668198,25.8506107330322,0.0,16.882831069609495,27.2969970703125,27.045859654744465,25.841357094900957,54.1690330505371,53.219793955485024,60.60813467843193,0.0,0.0,6.59620823178972,16.5099868774414,15.96537335713703,16.929311207362584,0.198448687791824,0.19906202952067065,0.21830771437713087,26.5904998779297,26.429742813110334,25.225516455514086,0.0,0.0,0.012738145887851717,13.132386578004152,24.765782399547295,18.908165257079386,7.9840202331543,1346.8873074170565,10.856769561767598,0.0
2022-07-18,30.5600070953369,26.6585845947266,24.1199951171875,79.8037261962891,89.8782119750977,62.4060974121094,22.75807762146,33.5363464355469,0.296601086854935,25.3710517883301,0.44583384195963505,20.304711375212232,25.5763339996338,26.51063855489097,25.81695202418737,52.6614685058594,62.2114092508952,62.75689261300225,0.0,11.178782145182302,11.219597135271345,14.719564437866202,17.995876312255863,17.458894457135887,0.195262044668198,0.23010393977165236,0.2257294995444163,25.8506107330322,25.937387466430668,25.204671859741214,0.0,0.1486112806532117,0.07642869473922816,16.882831069609495,13.132386578004152,18.26033334905365,6.4400119781494,2127.4543857781723,3.9005069732666016,2676.325408566281
2022-07-20,35.0620040893555,29.7200012207031,23.9279937744141,57.346405029296896,77.3931884765625,39.3726768493652,19.9014110565186,0.0,0.28351366519928,27.8315124511719,0.0,46.64834465195241,26.6585845947266,27.318306605021167,26.61202376229423,79.8037261962891,63.27053324381513,60.8094700404576,33.5363464355469,11.178782145182302,7.291022164481029,22.75807762146,19.12635103861493,17.66329901559013,0.296601086854935,0.25845893224080435,0.2322397444929397,25.3710517883301,26.35105832417807,25.704784120832176,0.44583384195963505,0.1486112806532117,0.067261995658988,20.304711375212232,16.882831069609495,16.773309674275293,11.134010314941396,1704.3352274736383,9.8185901641845,0.0
2022-07-21,33.9960021972656,29.6727485656738,25.6119956970215,66.3925094604492,82.8923492431641,50.322269439697294,22.5054931640625,20.8333339691162,0.276923596858978,28.1737422943115,0.273332973321279,32.25445199019051,29.7200012207031,28.6837781270345,27.32944025312151,57.346405029296896,67.84754689534506,59.973790849958164,0.0,18.123226801554367,7.767097200666157,19.9014110565186,21.7216606140137,18.1620843069894,0.28351366519928,0.285679449637731,0.23819187709263398,27.8315124511719,27.125435511271167,26.316982814243858,0.0,0.2397222717603047,0.10273811646870201,46.64834465195241,20.304711375212232,27.945295698924713,8.384006500244098,1970.0482398640283,7.1672554016113,1383.1773226372452
2022-07-22,34.302001953125,29.593914031982404,25.147991180419904,53.047794342040994,71.5848693847656,32.9846076965332,18.3641567230225,0.0,0.278195232152939,28.2735252380371,0.0,52.70058715336731,29.6727485656738,29.662221272786436,28.11183248247419,66.3925094604492,58.928902943929025,59.464259556361625,20.8333339691162,6.944444656372067,7.767097200666157,22.5054931640625,20.257020314534532,18.775036948067818,0.276923596858978,0.2795441647370657,0.247488524232592,28.1737422943115,28.092926661173497,26.99129431588309,0.273332973321279,0.09111099110709299,0.10273811646870201,32.25445199019051,46.64834465195241,33.06916933911838,9.154010772705096,1569.8918653446437,11.229757308959904,0.0
2022-07-25,31.390007019043,28.3033313751221,25.9959945678711,74.0517578125,85.6440124511719,56.8718223571777,23.1520805358887,12.5,0.259188592433929,28.3933525085449,0.157499819993973,33.18887159655415,29.593914031982404,29.189997990926102,28.11741583687919,53.047794342040994,64.49735387166339,62.496099199567524,0.0,11.111111323038733,9.552811486380444,18.3641567230225,21.3405768076579,19.70153863089427,0.278195232152939,0.27143580714861537,0.2554475579942976,28.2735252380371,28.280206680297834,27.21204212733677,0.0,0.143610931105084,0.1252380907535553,52.70058715336731,32.25445199019051,43.867794598503416,5.3940124511719,2095.9114402774744,5.151250839233398,925.64697265625
2022-07-27,29.4480056762695,25.3275833129883,20.1899909973145,63.2658157348633,83.7809066772461,43.939109802246094,17.4556579589844,0.0,0.254046976566315,25.201913833618203,0.0,50.72772354272783,28.3033313751221,27.74160957336427,27.8360710144043,74.0517578125,63.45512262980143,63.7956395830427,12.5,4.166666666666667,9.552811486380444,23.1520805358887,19.6572984059652,19.83663449968613,0.259188592433929,0.263810267051061,0.2633901706763677,28.3933525085449,27.289597193400066,27.01367269243513,0.157499819993973,0.052499939997991,0.1252380907535553,33.18887159655415,52.70058715336731,39.381303580037326,9.258014678955,1602.3702188889163,7.871925354003899,0.0
2022-07-29,29.908002853393597,26.5399150848389,23.1839942932129,68.3337631225586,85.0267181396484,50.0418548583984,19.9894943237305,0.0,0.259652018547058,26.2008647918701,0.0,57.218913884172785,25.3275833129883,26.72360992431643,27.973725455147882,63.2658157348633,68.55044555664064,66.03453881399973,0.0,4.166666666666667,9.552811486380444,17.4556579589844,20.1990776062012,20.589481626238175,0.254046976566315,0.25762919584910066,0.2725887383733477,25.201913833618203,26.598710378011067,27.063708986554833,0.0,0.052499939997991,0.1252380907535553,50.72772354272783,33.18887159655415,45.53906076421643,6.724008560180696,1813.572270700201,6.550420761108398,0.0
2022-08-01,24.935998916626,22.3143291473389,19.6119956970215,81.8919219970703,93.1423110961914,71.8862991333008,19.0050792694092,28.3332824707031,0.309165388345718,23.868404388427695,0.41583287715911893,72.02645727221277,26.5399150848389,24.7272758483887,27.3531175340925,68.3337631225586,71.16383361816406,66.33285249982562,0.0,9.444427490234366,8.8095166342599,19.9894943237305,18.816743850708033,20.05333900451663,0.259652018547058,0.27428812781969697,0.2743836385863167,26.2008647918701,25.090394337971997,26.849045072283054,0.0,0.13861095905303963,0.12095223863919584,57.218913884172785,50.72772354272783,47.045169674484924,5.324003219604503,1827.3633019508293,3.309249877929698,2320.2669580117777
2022-08-02,33.0060043334961,27.0369148254395,21.359992980957,66.218017578125,89.1984405517578,42.1221923828125,19.5852451324463,0.0,0.299685329198837,25.3166694641113,0.0,105.20865874363331,22.3143291473389,25.297053019205766,26.96981947762627,81.8919219970703,72.1479008992513,67.60022572108677,28.3332824707031,9.444427490234366,8.8095166342599,19.0050792694092,19.526606241861998,20.008172443934875,0.309165388345718,0.2895009120305377,0.27669387630053915,23.868404388427695,25.12864621480303,26.489781788417254,0.41583287715911893,0.13861095905303963,0.12095223863919584,72.02645727221277,57.218913884172785,59.99103156637113,11.646011352539102,1790.330901169221,7.4516696929932,0.0
2022-08-03,32.3540077209473,27.356332778930703,22.359992980957,56.3701171875,73.2083587646484,37.1640434265137,17.4213218688965,0.0,0.27579528093338,26.708087921142596,0.0,155.9371038483308,27.0369148254395,25.5691922505697,26.63890293666297,66.218017578125,68.16001892089844,66.16845539637974,0.0,9.444427490234366,5.833326067243299,19.5852451324463,18.67054875691733,19.281862258911158,0.299685329198837,0.294881999492645,0.276532688311168,25.3166694641113,25.297720591227193,26.280402592250272,0.0,0.13861095905303963,0.08190467102187027,105.20865874363331,72.02645727221277,78.15134330000627,9.994014739990302,1542.0796845685713,9.935010910034205,0.0
2022-08-08,34.1580047607422,29.7391662597656,25.7559967041016,68.4493942260742,85.5884170532227,48.5810699462891,22.9963302612305,5.55409336090088,0.243398696184158,28.6464347839355,0.028333410620689402,161.66061827956972,27.356332778930703,28.044137954711932,26.659653254917714,56.3701171875,63.679176330566406,68.36868395124164,0.0,1.8513644536336267,6.626767975943425,17.4213218688965,20.0009657541911,19.943601335798014,0.27579528093338,0.27295976877212497,0.27156175460134213,26.708087921142596,26.8903973897298,26.333675384521467,0.0,0.009444470206896467,0.08595230111054018,155.9371038483308,105.20865874363331,111.0574066213923,8.4020080566406,2035.6279152694603,6.742835998535099,380.1743260287258
2022-08-15,27.1760101318359,22.7320823669434,18.299991607666,58.17403411865231,77.6041564941406,40.586769104003906,13.663572311401401,2.50002527236938,0.194402039051056,23.1253128051758,0.0075000766664743,147.78689869835884,29.7391662597656,26.6091938018799,25.863760539463613,68.4493942260742,60.997848510742166,66.10043770926339,5.55409336090088,2.6847062110900866,5.198200157710479,22.9963302612305,18.0270748138428,18.588100160871257,0.243398696184158,0.23786533872286467,0.26230653268950316,28.6464347839355,26.15994517008463,25.58109828404017,0.028333410620689402,0.0119444957623879,0.06452376634946895,161.66061827956972,155.9371038483308,140.9354602905113,8.876018524169897,1322.4169352025797,9.068510055541998,145.43655549230934
2023-05-22,24.4140129089355,17.8411693572998,13.2699937820435,63.725368499755895,81.4748840332031,41.4184455871582,10.408992767334,0.0,0.296286702156067,16.5387153625488,0.0,0.0,22.7320823669434,23.43747266133627,24.794272831508117,58.17403411865231,63.449598948160805,66.16608810424805,2.50002527236938,2.6847062110900866,5.19820015771048,13.663572311401401,15.68963177998863,17.5814337049212,0.194402039051056,0.24469581246376035,0.26834077920232485,23.1253128051758,22.770154317220033,24.34349850245883,0.0075000766664743,0.0119444957623879,0.06452376634946895,147.78689869835884,161.66061827956972,155.12820694208645,11.144019126892001,1136.935091760483,7.432176589965801,0.0
2023-05-23,19.9240131378174,15.549999237060499,11.36399269104,66.6330337524414,91.7925720214844,45.0287017822266,8.81882858276367,2.79328608512878,0.28430837392807,15.980953216552699,0.0,0.12451502861095393,17.8411693572998,18.707750320434567,23.22428485325406,63.725368499755895,62.84414545694987,65.92312676565987,0.0,1.7644371191660533,5.597241027014592,10.408992767334,10.963797887166356,15.98562431335451,0.296286702156067,0.258332371711731,0.27186311568532656,16.5387153625488,18.548327128092435,22.88351113455634,0.0,0.002500025555491433,0.06452376634946895,0.0,147.78689869835884,103.14917232597618,8.5600204467774,1036.1436240134904,6.731170654296829,186.12512599061094
2023-05-25,20.7520046234131,15.7569160461426,10.9759960174561,48.3628692626953,69.1689834594727,30.723096847534197,4.24840641021729,0.0,0.262050032615662,16.3060035705566,0.0,0.1921406338426711,15.549999237060499,16.382694880167634,22.28751155308316,66.6330337524414,59.57375717163086,61.13326208932058,2.79328608512878,0.9310953617095934,1.5496292454855773,8.81882858276367,7.825409253438319,13.877528190612809,0.28430837392807,0.28088170289993303,0.26513235058103285,15.980953216552699,16.275224049886035,21.803168160574756,0.0,0.0,0.005119069612451957,0.12451502861095393,0.0,49.30380457565659,9.776008605957,762.0496707228602,11.50850963592531,0.0
2023-05-27,25.1420135498047,18.3700866699219,11.1679916381836,45.3879241943359,69.3884887695313,26.4026985168457,5.38506317138672,0.0,0.230849221348763,17.1912612915039,0.0,0.690694365842923,15.7569160461426,16.559000651041668,21.04939324515207,48.3628692626953,53.46127573649087,58.157534463065005,0.0,0.9310953617095934,1.5496292454855773,4.24840641021729,6.150766054789226,11.848930767604298,0.262050032615662,0.2590692092974984,0.25529862088816513,16.3060035705566,16.492739359537733,20.642395564487988,0.0,0.0,0.005119069612451957,0.1921406338426711,0.12451502861095393,0.10555188748454168,13.9740219116211,833.7801012177956,12.985023498535181,0.0
2023-05-29,25.2440147399902,19.4181690216064,15.001996994018603,57.8180389404297,82.4830474853516,40.5977020263672,10.3602390289307,0.344533115625381,0.215729266405106,18.7397060394287,0.0,1.1078012010312528,18.3700866699219,17.848390579223633,19.915369851248602,45.3879241943359,50.52294413248697,58.36438042776924,0.0,0.11484437187512701,1.5988482620034887,5.38506317138672,6.664569536844901,10.840204647609184,0.230849221348763,0.23620950678984368,0.2467177616698403,17.1912612915039,17.412323633829732,19.504055295671716,0.0,0.0,0.005119069612451957,0.690694365842923,0.1921406338426711,0.33578334276551597,10.242017745971596,1122.7204526430844,9.0579299926757,19.92022909549585
2023-05-31,23.852014541626,16.9993362426758,9.66598892211914,64.599006652832,92.7210922241211,35.8511848449707,9.2160701751709,2.06212592124939,0.21053259074688,16.6657257080078,0.0,1.0423976608187138,19.4181690216064,18.2625306447347,18.095394134521484,57.8180389404297,55.9349899291992,57.81432506016323,0.344533115625381,0.8022196789582571,1.0999957706247045,10.3602390289307,8.320457458496106,8.871596063886383,0.215729266405106,0.21903702616691634,0.24202260375022913,18.7397060394287,17.532231012980134,17.792525427682044,0.0,0.0,0.001071439523782043,1.1078012010312528,0.690694365842923,0.6635454002389489,14.18602561950686,1098.1402350343421,7.783266067504899,133.21128610576667
2023-06-01,28.7660179138184,21.1174221038818,13.0659885406494,62.22273635864261,92.0383758544922,35.1334114074707,12.5027332305908,20.3681526184082,0.206369310617447,18.9634914398193,0.0,1.1538310381688992,16.9993362426758,19.17830912272133,17.864728382655542,64.599006652832,61.5465939839681,58.39271109444754,2.06212592124939,7.591603885094323,3.652585391487393,9.2160701751709,10.693014144897466,8.705761909484869,0.21053259074688,0.21087705592314432,0.24373221397399927,16.6657257080078,18.122974395751935,17.1979795183454,0.0,0.0,0.0,1.0423976608187138,1.1078012010312528,0.9469644092309633,15.700029373168999,1313.9837881440092,8.614688873291,1267.3621904878096
2023-06-04,22.1660118103027,16.1310844421387,10.1459941864014,56.1124076843262,78.16357421875,33.5546569824219,6.72982215881348,0.0,0.20217102766037,16.7257690429688,0.0,1.3902738477016916,21.1174221038818,18.082614262898762,17.620430537632526,62.22273635864261,60.978050231933615,57.305145263671875,20.3681526184082,7.476759513219196,3.652585391487393,12.5027332305908,9.482875188191727,8.180166108267652,0.206369310617447,0.20635764300823234,0.23028711761747117,18.9634914398193,17.451662063598633,17.224701472691113,0.0,0.0,0.0,1.1538310381688992,1.0423976608187138,1.1013433000062887,12.0200176239013,905.1539866075784,9.40126228332522,0.0
2023-06-06,26.3600082397461,19.8029174804688,14.289995193481397,44.4833450317383,57.1945190429688,29.576869964599595,6.97481632232666,5.83330726623535,0.20142850279808,18.5531463623047,0.0474999745686849,1.0309202666163615,16.1310844421387,19.0171413421631,18.227990286690858,56.1124076843262,54.27282969156904,54.14090401785715,0.0,8.73381996154785,4.086874131645474,6.72982215881348,8.73579057057698,7.916735785348079,0.20217102766037,0.203322947025299,0.2184471360274726,16.7257690429688,18.0808022816976,17.592157636369972,0.0,0.0158333248562283,0.006785710652669271,1.3902738477016916,1.1538310381688992,1.195500848896435,12.070013046264704,880.9000109187353,12.82810115814214,259.4850198000932
2023-06-08,22.6380043029785,17.2329978942871,11.3259868621826,51.3733062744141,74.580696105957,30.145885467529304,6.46565055847168,0.0,0.208277732133865,17.2069931030273,0.0,0.5997453310696091,19.8029174804688,17.722333272298197,18.43885912214007,44.4833450317383,50.65635299682621,54.570966448102695,5.83330726623535,1.9444357554117833,4.086874131645474,6.97481632232666,6.7234296798706055,8.23348494938442,0.20142850279808,0.20395908753077166,0.2107653788157873,18.5531463623047,17.495302836100265,17.72087042672293,0.0474999745686849,0.0158333248562283,0.006785710652669271,1.0309202666163615,1.3902738477016916,1.1916750508289842,11.312017440795902,885.3160788495444,10.767347335815419,0.0
2023-06-09,22.5800037384033,18.0209980010986,13.6719932556152,52.3690071105957,70.7702484130859,34.2470283508301,7.62581825256348,0.0,0.205624386668205,17.8432350158691,0.0,0.5653155065082064,17.2329978942871,18.352304458618164,18.388989312308173,51.3733062744141,49.4085528055827,55.568264007568374,0.0,1.9444357554117833,4.086874131645474,6.46565055847168,7.0220950444539385,8.553592818123958,0.208277732133865,0.20511020720005002,0.207161831004279,17.2069931030273,17.8677914937337,17.81400953020367,0.0,0.0158333248562283,0.006785710652669271,0.5997453310696091,1.0309202666163615,1.0069798151292206,8.908010482788098,943.7417724595635,10.39517974853512,0.0
2023-06-12,25.6540126800537,22.3420028686523,20.0020008087158,76.1571960449219,94.423942565918,61.3745040893555,17.7414951324463,31.9297103881836,0.207267761230469,22.004711151123,0.237500389417013,0.635409199522103,18.0209980010986,19.198666254679335,18.806679861886156,52.3690071105957,59.96650314331057,58.1881435939244,0.0,10.6432367960612,8.599042313439506,7.62581825256348,10.610987981160486,9.608057975769043,0.205624386668205,0.207056626677513,0.20595304455075944,17.8432350158691,19.01831309000647,18.280438831874285,0.0,0.07916679647233767,0.04071433771224255,0.5653155065082064,0.5997453310696091,0.731993701398059,5.652011871337901,1701.504292504161,4.600507736206001,2431.677213690478
2023-06-14,24.8740005493164,19.6901626586914,16.4579925537109,68.3829879760742,87.6157531738281,47.2079849243164,13.5036602020264,23.6179084777832,0.257969379425049,19.5997924804688,0.428332289059957,1.2071417342639754,22.3420028686523,20.017721176147433,19.19108363560267,76.1571960449219,65.63639704386394,58.728712354387575,31.9297103881836,18.515872955322266,11.678439821515765,17.7414951324463,12.956991195678725,10.220570836748399,0.207267761230469,0.22362050910790768,0.2127297286476407,22.004711151123,19.815912882486966,18.699591227940143,0.237500389417013,0.22194422615899,0.10190466472080785,0.635409199522103,0.5653155065082064,0.6001566790333062,8.4160079956055,1346.4721563362393,6.186502456665,1615.0631514562695
2023-06-16,23.6960029602051,19.3556632995605,15.657991409301802,72.8013610839844,87.8389739990234,50.5579986572266,14.1049919128418,22.0113220214844,0.276836782693863,19.1085529327393,0.155833313862483,11.817398446833929,19.6901626586914,20.462609608968066,18.939403806413914,68.3829879760742,72.44718170166017,60.23994445800783,23.6179084777832,25.852980295817066,11.913178307669508,13.5036602020264,15.116715749104833,10.449464934212829,0.257969379425049,0.24735797444979366,0.22279651037284304,19.5997924804688,20.237685521443698,18.720314298357287,0.428332289059957,0.273888664113151,0.12416656670116256,1.2071417342639754,0.635409199522103,0.8026221467647616,8.038011550903297,1409.118632891329,5.2506713867187,1602.4542024219434
2023-06-19,26.6960144042969,21.3310871124268,16.2279930114746,68.8527603149414,84.7249298095703,49.3080978393555,15.1131591796875,3.33328223228455,0.250570118427277,20.4905891418457,0.0066665653139352,22.612743664717332,19.3556632995605,20.12563769022623,19.682261330740783,72.8013610839844,70.01236979166667,62.05999483381,22.0113220214844,16.32083757718405,12.389361483710157,14.1049919128418,14.240603764851897,11.647084508623404,0.276836782693863,0.26179209351539634,0.22971066619668687,19.1085529327393,19.73297818501793,19.258145741053987,0.155833313862483,0.19694405607879173,0.12511893317458186,11.817398446833929,1.2071417342639754,4.553316460206669,10.468021392822301,1468.704228209058,6.2179279327393004,229.50568260154097
2023-06-21,20.6000022888184,18.4071655273438,16.0999946594238,70.1234970092773,82.2206420898438,59.54863739013669,12.7488269805908,12.5,0.23535093665123,18.8430213928223,0.030000050862630204,27.50794897189209,21.3310871124268,19.697971979777034,19.48286819458007,68.8527603149414,70.59253946940105,65.72287368774414,3.33328223228455,12.61486808458965,13.34174615996225,15.1131591796875,13.988992691040032,12.471943174089708,0.250570118427277,0.25425261259078996,0.2345567281757083,20.4905891418457,19.480721155802435,19.299556459699357,0.0066665653139352,0.06416664334634947,0.1226189440737169,22.612743664717332,11.817398446833929,11.879094615271745,4.500007629394599,1290.7748168059652,5.658338546752999,876.5437126159662
2023-06-23,22.2619972229004,20.1874160766602,17.5259971618652,89.5346221923828,94.2447662353516,84.1963043212891,18.3970012664795,59.653812408447294,0.265627712011337,19.1046295166016,0.280834078788757,19.672510689806938,18.4071655273438,19.97522290547693,19.904927934919083,70.1234970092773,76.1702931722005,71.17449024745396,12.5,25.162364880243945,21.863719361169007,12.7488269805908,15.419662475585932,14.176421846662254,0.23535093665123,0.2505162556966147,0.2427495824439186,18.8430213928223,19.4794133504232,19.57064737592426,0.030000050862630204,0.1058335649884408,0.16273809818639648,27.50794897189209,22.612743664717332,20.646030361147783,4.736000061035202,1807.4726714642056,1.7904148101806996,5341.081556325606
2023-06-26,28.4700088500977,23.9254989624023,20.5999984741211,82.3548889160156,95.7437591552734,64.5477142333984,20.5523357391357,70.8334579467773,0.385142683982849,22.7183952331543,0.811667124430339,92.39323633905559,20.1874160766602,20.840026855468764,20.748428072248185,89.5346221923828,80.6710027058919,75.45818764822823,59.653812408447294,47.66242345174154,31.98278478213719,18.3970012664795,17.232721328735334,16.023067201886857,0.265627712011337,0.295373777548472,0.2683950534888678,19.1046295166016,20.2220153808594,20.267098835536427,0.280834078788757,0.3741670846939087,0.27869054453358777,19.672510689806938,27.50794897189209,23.264401108805455,7.870010375976598,1970.381809308888,3.3731632232666016,5833.481560744107
2023-06-28,26.6439990997314,22.5619945526123,18.5419940948486,78.209228515625,95.8631744384766,59.5645713806152,18.3339958190918,28.84912109375,0.412192761898041,21.8044242858887,0.0350001007318497,154.69135147456456,23.9254989624023,22.2249698638916,20.779855455671047,82.3548889160156,83.36624654134114,75.75133514404295,70.8334579467773,53.11213048299154,31.542700597218104,20.5523357391357,19.094444274902333,16.10771015712193,0.385142683982849,0.3543210526307423,0.2976700535842351,22.7183952331543,21.2091496785482,20.238486426217243,0.811667124430339,0.3758337679836486,0.24976193186427872,92.39323633905559,19.672510689806938,46.52456533358488,8.102005004882798,1764.556187733542,4.227998733520501,2256.267504096031
2023-06-30,28.4320049285889,23.7485828399658,18.7819900512695,68.1222076416016,91.0321502685547,45.7874298095703,17.0022430419922,4.63418579101563,0.371972680091858,22.1732845306397,0.0,196.2385249638432,22.5619945526123,23.41202545166013,21.35962976728167,78.209228515625,76.22877502441408,75.71408081054688,28.84912109375,34.77225494384764,28.83074021339417,18.3339958190918,18.6295248667399,16.60750770568847,0.412192761898041,0.3897693753242493,0.3139562393937793,21.8044242858887,22.232034683227567,20.60612814767023,0.0350001007318497,0.2822224083873962,0.18857160485571342,154.69135147456456,92.39323633905559,88.91903283447569,9.6500148773194,1617.805891417927,6.746339797973597,315.69096670532656
2023-07-03,31.4820022583008,26.5146675109863,22.593994140625,78.6084594726563,93.1192779541016,56.2531204223633,22.2661666870117,41.5741653442383,0.402007699012756,24.6634769439697,0.312499245007833,154.4728023014526,23.7485828399658,24.275081634521467,22.382344654628216,68.1222076416016,74.97996520996098,76.54366629464286,4.63418579101563,25.01915740966798,31.625432116644724,17.0022430419922,19.200801849365234,17.773389816284173,0.371972680091858,0.395391047000885,0.3318377988679068,22.1732845306397,22.88039525349937,21.399688720703143,0.0,0.11583311524656092,0.210952452162192,196.2385249638432,154.69135147456456,147.77437092582113,8.888008117675799,2084.2771664683232,4.248500823974599,3268.081091572069
2023-07-07,30.672008514404304,26.3365859985352,23.14599609375,76.8800354003906,91.6504516601563,57.0459136962891,21.7115783691406,18.5282115936279,0.345058530569077,25.5102958679199,0.0166666669150194,528.7161109539079,26.5146675109863,25.53327878316243,23.09741592407227,78.6084594726563,74.53690083821617,77.69041987827846,41.5741653442383,21.578854242960613,33.796136311122346,22.2661666870117,20.3266626993815,18.716021129063186,0.402007699012756,0.37301296989123034,0.34533614345959257,24.6634769439697,24.115685780843098,22.116789681570886,0.312499245007833,0.10972197064095084,0.21238103810520403,154.4728023014526,196.2385249638432,168.46755957995344,7.526012420654304,2024.7576638928174,4.625007629394599,1424.4495632240405
2023-07-10,29.643999099731403,24.5320777893066,21.3419952392578,73.7558670043945,94.2222900390625,51.5299453735352,19.161413192749,18.3719520568848,0.390033632516861,24.0065650939941,0.14249978462855,682.3528477331325,26.3365859985352,25.794443766276032,23.972403390066955,76.8800354003906,76.41478729248047,78.20932987758091,18.5282115936279,26.158109664917003,34.63498660496303,21.7115783691406,21.0463860829671,19.632104873657216,0.345058530569077,0.3790332873662314,0.367433671440397,25.5102958679199,24.726779301961233,22.854438781738285,0.0166666669150194,0.1572218988504675,0.22845242864319257,528.7161109539079,154.4728023014526,293.1424794064012,8.302003860473604,1809.384666769558,5.370664596557603,1355.0392525187074
2023-07-13,33.0500030517578,28.3425827026367,22.6039924621582,63.162769317627,85.2954635620117,43.9393157958984,20.180492401123,2.50002527236938,0.313298553228378,26.1282424926758,0.002500025400271,649.0932654216188,24.5320777893066,26.4037488301595,25.137427193777885,73.7558670043945,71.2662239074707,74.44192232404438,18.3719520568848,13.13339630762736,26.47015987123762,19.161413192749,20.3511613210042,19.88688932146343,0.390033632516861,0.349463572104772,0.37424379161425997,24.0065650939941,25.215034484863267,23.8578120640346,0.14249978462855,0.053888825647946836,0.18869042101626596,682.3528477331325,528.7161109539079,455.1805869961643,10.446010589599599,1790.1960131124072,8.1620903015137,157.90851956690477
2023-07-14,29.676002502441396,26.2914962768555,23.7999954223633,75.9333038330078,86.5476837158203,61.0036697387695,21.6267471313477,48.4274711608887,0.3377125859260561,25.855354309082,0.371666312217712,947.4980498962456,28.3425827026367,26.388718922932934,25.47542681012834,63.162769317627,70.95064671834311,73.52455302647182,2.50002527236938,23.09981616338096,23.269304616110674,20.180492401123,20.3228842417399,20.040376663208,0.313298553228378,0.3470149238904317,0.36746806332043247,26.1282424926758,25.33005396525063,24.305949074881415,0.002500025400271,0.1722220407488444,0.12583316212874784,649.0932654216188,682.3528477331325,620.0540747028864,5.876007080078097,1996.400175014862,4.664749145507802,3677.2578815239845
2023-07-17,31.7800025939941,26.9063301086426,22.0799942016602,71.2951736450195,97.7204437255859,43.535400390625,20.5495796203613,24.5347328186035,0.412744402885437,25.544994354248,0.0,884.721117084827,26.2914962768555,27.180136362711597,26.096046175275525,75.9333038330078,70.13041559855144,72.53683090209961,48.4274711608887,25.15407641728719,22.65296343394689,21.6267471313477,20.785606384277333,20.356888634817928,0.3377125859260561,0.3545851806799571,0.3675468691757747,25.855354309082,25.8428637186686,24.840316227504168,0.371666312217712,0.1247221125393277,0.12083314773848361,947.4980498962456,649.0932654216188,759.6480543503322,9.700008392333903,1918.2914772458905,6.3567504882813,1749.2080366364953
2023-07-20,29.0579986572266,24.7857475280762,20.2719879150391,74.4693908691406,95.9768676757813,51.6945114135742,19.4872455596924,15.7608985900879,0.40889021754264804,23.786624908447305,0.0066666919738054,833.5964016223361,26.9063301086426,25.994524637858103,26.2442125592913,71.2951736450195,73.89928944905597,73.44357136317662,24.5347328186035,29.574367523193363,24.242493833814358,20.5495796203613,20.554524103800464,20.711888994489385,0.412744402885437,0.38644906878471375,0.3728208030973162,25.544994354248,25.062324523925767,25.070793424333832,0.0,0.1261110013971725,0.12178553230617009,884.721117084827,947.4980498962456,827.1041441342304,8.7860107421875,1845.7795206521419,5.2985019683838,1173.7045175541427
2023-07-21,28.5419998168945,24.3259086608887,20.2979927062988,80.3754043579102,95.23001098632808,61.0203971862793,20.5619964599609,53.4918060302734,0.426001131534576,23.1984939575195,1.07333548863729,1230.0810177325036,24.7857475280762,25.33932876586917,25.93153272356307,74.4693908691406,75.37998962402344,73.69599206107002,15.7608985900879,31.2624791463216,25.94501393181937,19.4872455596924,20.1996072133382,20.468436104910698,0.40889021754264804,0.4158785839875537,0.37624843631471905,23.786624908447305,24.176704406738267,24.86151014055523,0.0066666919738054,0.3600007268703651,0.23047642425323536,833.5964016223361,884.721117084827,888.6051895344696,8.2440071105957,1955.2047449925192,3.763912200927802,4299.4255395181235
