Date,maxAT,meanAT,minAT,meanRH,maxRH,minRH,meanDP,meanLW,meanSM,meanST,meanRF,Foci,meanAT_5d,meanRH_5d,meanLW_5d,meanDP_5d,meanSM_5d,meanST_5d,meanRF_5d,temp_humidity_5d,leafwet_humidity_5d,dewpoint_diff_5d,Foci_lag1
2008-04-24,28.2,21.27,15.38,71.2,92.54,42.74,15.51,3.06,31.350000000000005,18.89,0.04,1.5,,,,,,,,,,,
2008-04-25,27.320000000000004,20.97,14.74,75.75,95.2,47.56,16.12,3.24,35.74,19.41,0.04,1.1666666666666667,,,,,,,,,,,1.5
2008-04-26,25.76,18.84,11.800000000000002,75.15,97.92,43.16,13.87,4.16,41.81,19.06,0.04,0.0,,,,,,,,,,,1.1666666666666667
2008-04-27,23.5,16.97,9.82,72.04,97.44,38.42,11.378,3.56,49.38,18.57,0.05000000000000001,0.0,,,,,,,,,,,0.0
2008-04-28,22.600000000000005,15.44,7.36,66.16,97.48,30.12,8.672,3.27,58.54999999999999,18.08,0.06,0.16666666666666666,,,,,,,,,,,0.0
2008-04-29,22.8,14.68,5.5,57.669999999999995,91.92,20.98,6.214000000000001,2.38,69.16,17.54,0.03,0.0,18.698,72.06,3.4579999999999997,13.11,43.366,18.802,0.046,1347.37788,249.18348,5.588000000000001,0.16666666666666666
2008-04-30,23.58,15.24,6.78,53.38,86.09999999999998,20.92,5.916,2.2,81.42,17.15,0.03,0.0,17.380000000000003,69.35400000000001,3.322,11.250800000000002,50.928000000000004,18.532,0.044,1205.3725200000003,230.39398800000004,6.129200000000001,0.0
2008-05-01,25.3,17.41,10.0,53.28,82.46,23.88,8.066,1.27,93.25,17.65,0.06,0.0,16.234,64.88000000000001,3.114,9.209999999999999,60.064,18.080000000000002,0.041999999999999996,1053.2619200000004,202.03632000000002,7.024000000000003,0.0
2008-05-02,26.84,18.6,11.199999999999998,49.19,81.16,19.86,8.438,1.14,84.9,17.92,0.15,0.0,15.947999999999999,60.50599999999999,2.536,8.0492,70.352,17.798,0.046,964.9496879999998,153.44321599999998,7.898799999999998,0.0
2008-05-03,25.98,18.36,12.12,47.4,79.62,20.12,7.84,0.33,72.74,17.79,0.13,0.0,16.274,55.936,2.052,7.461200000000001,77.456,17.668,0.06599999999999999,910.3024640000001,114.780672,8.8128,0.0
2008-05-04,24.92,17.52,11.14,51.26,85.18,21.22,7.772000000000001,1.28,59.39000000000001,17.81,0.13,0.0,16.858,52.184000000000005,1.464,7.2947999999999995,80.29400000000001,17.609999999999996,0.08,879.717872,76.39737600000001,9.563200000000002,0.0
2008-05-05,24.98,17.07,9.62,55.27,92.52,22.600000000000005,8.124,1.79,44.580000000000005,17.97,0.13,0.0,17.426,50.902,1.2440000000000002,7.606400000000001,78.34,17.663999999999998,0.1,887.018252,63.322088000000015,9.819599999999998,0.0
2008-05-06,23.76,16.29,9.02,59.53,95.94,28.7,8.196,2.3,28.78,17.95,0.15,0.0,17.792,51.28000000000001,1.1620000000000001,8.047999999999998,70.97200000000001,17.827999999999996,0.12,912.3737600000002,59.58736000000002,9.744000000000003,0.0
2008-05-07,23.2,16.61,9.96,69.6,97.71999999999998,44.76,10.53,3.6300000000000003,28.94,18.19,0.06,0.0,17.568,52.529999999999994,1.3679999999999999,8.074,58.07800000000001,17.887999999999998,0.138,922.84704,71.86103999999999,9.494000000000002,0.0
2008-05-08,24.56,18.18,11.520000000000001,75.6,98.48,50.02,13.300000000000002,3.7099999999999995,28.64,18.92,0.06,0.3333333333333333,17.169999999999998,56.61199999999999,1.866,8.4924,46.88600000000001,17.942,0.12000000000000002,972.0280399999997,105.63799199999998,8.677599999999998,0.0
2008-05-09,24.64,19.27,13.86,79.41,98.48,56.84,15.152,3.5400000000000005,26.820000000000004,19.68,0.06,1.8333333333333333,17.133999999999997,62.251999999999995,2.542,9.584399999999999,38.06600000000001,18.168,0.10600000000000001,1066.6257679999997,158.24458399999997,7.549599999999998,0.3333333333333333
2008-05-10,24.98,19.53,15.22,80.01,98.64,56.0,15.532000000000002,3.8800000000000003,23.75,20.05,0.06,2.1666666666666665,17.484,67.88199999999999,2.994,11.0604,31.55200000000001,18.542,0.092,1186.848888,203.23870799999997,6.423600000000002,1.8333333333333333
2008-05-11,23.88,17.92,13.020000000000001,74.62,97.83999999999999,49.080000000000005,12.844,3.6,22.33,19.63,0.02,0.8333333333333334,17.976,72.83,3.412,12.542,27.386000000000003,18.958000000000002,0.07799999999999999,1309.1920799999998,248.49596,5.433999999999999,2.1666666666666665
2008-05-12,24.899999999999995,17.49,11.14,66.92,97.94,36.08,10.874,2.86,24.78,19.43,0.0,0.0,18.302,75.848,3.6719999999999997,13.4716,26.096000000000004,19.294,0.052000000000000005,1388.170096,278.513856,4.830399999999999,0.8333333333333334
2008-05-13,25.52,18.09,11.800000000000002,64.46,95.18,35.64,10.982,2.7000000000000006,30.59,19.53,0.0,0.0,18.478,75.31199999999998,3.518,13.5404,25.264000000000003,19.542,0.039999999999999994,1391.615136,264.9476159999999,4.9376000000000015,0.0
2008-05-14,24.820000000000004,17.55,11.520000000000001,62.28,93.54,33.8,10.006,2.38,39.08,19.33,0.0,0.0,18.46,73.084,3.3160000000000003,13.0768,25.654000000000003,19.664,0.027999999999999997,1349.13064,242.34654400000002,5.3832,0.0
2008-05-15,23.3,16.69,10.9,63.65,93.56,34.64,9.42,2.55,41.24,18.92,0.16,0.0,18.116,69.65799999999999,3.0840000000000005,12.0476,28.106000000000005,19.594,0.016,1261.9243279999998,214.82527199999998,6.0684000000000005,0.0
2008-05-16,24.28,17.57,11.42,66.61,94.58,35.36,10.892000000000001,3.49,40.57,19.15,0.17,0.0,17.548,66.386,2.818,10.825199999999999,31.604000000000003,19.368000000000002,0.036,1164.9415279999998,187.075748,6.722799999999999,0.0
2008-05-17,25.08,18.3,12.160000000000002,67.48,94.48,34.94,11.796,3.56,37.28,19.57,0.17,0.0,17.478,64.78399999999999,2.7960000000000003,10.4348,35.251999999999995,19.272,0.06600000000000002,1132.294752,181.136064,7.043200000000002,0.0
2008-05-18,25.62,18.17,10.96,65.04,97.40000000000002,27.320000000000004,11.178000000000003,4.42,31.83,19.85,0.17,0.0,17.64,64.896,2.9360000000000004,10.6192,37.75200000000001,19.3,0.1,1144.7654400000001,190.53465600000004,7.020800000000001,0.0
2008-05-19,28.320000000000004,20.04,12.42,60.580000000000005,97.42,24.5,12.156,4.25,25.97,20.4,0.17,0.0,17.656,65.012,3.28,10.6584,38.00000000000001,19.363999999999997,0.134,1147.851872,213.23935999999998,6.9975999999999985,0.0
2008-05-20,29.16,21.16,13.12,57.37,97.02,21.679999999999996,12.634,4.09,28.5,21.17,0.01,0.0,18.154000000000003,64.672,3.654000000000001,11.0884,35.378,19.578,0.168,1174.0554880000002,236.31148800000005,7.065600000000003,0.0
2008-05-21,29.64,21.7,13.64,57.19,96.76,24.600000000000005,13.138,3.81,28.47,21.5,0.01,0.0,19.048000000000002,63.416,3.9620000000000006,11.731200000000001,32.83,20.028,0.138,1207.947968,251.25419200000002,7.316800000000001,0.0
2008-05-22,29.7,22.78,15.58,58.70000000000001,94.16000000000001,31.06,14.520000000000001,2.98,29.03,21.89,0.01,0.0,19.874000000000002,61.532000000000004,4.026,12.1804,30.410000000000004,20.498,0.10600000000000001,1222.8869680000003,247.727832,7.693600000000002,0.0
2008-05-23,29.320000000000004,23.52,17.56,63.79999999999999,93.08,41.92,16.28,2.36,29.64,22.27,0.01,0.6666666666666666,20.77,59.775999999999996,3.91,12.725200000000001,28.76,20.962,0.07400000000000002,1241.5475199999998,233.72415999999998,8.044799999999999,0.0
2008-05-24,28.02,23.23,17.42,72.12,94.33999999999999,51.76,17.654,2.62,28.38,22.48,0.02,0.3333333333333333,21.84,59.528,3.4979999999999998,13.745600000000001,28.322000000000003,21.446,0.04200000000000001,1300.09152,208.22894399999998,8.094399999999998,0.6666666666666666
2008-05-25,29.14,24.24,18.72,74.03,92.66000000000001,56.44,19.046,1.84,24.790000000000003,22.77,0.02,1.0,22.477999999999998,61.836,3.1719999999999997,14.8452,28.804000000000002,21.862000000000002,0.012000000000000005,1389.949608,196.143792,7.632799999999998,0.3333333333333333
2008-05-26,29.92,25.48,20.26,75.56,92.59999999999998,59.419999999999995,20.592,1.3999999999999997,23.37,23.45,0.03,2.8333333333333335,23.094,65.16799999999999,2.722,16.1276,28.062,22.182,0.014000000000000007,1504.9897919999999,177.38729599999996,6.9664,1.0
2008-05-27,29.52,25.14,20.32,77.3,94.12,61.419999999999995,20.6,1.67,21.56,23.81,0.07,2.6666666666666665,23.85,68.842,2.2399999999999998,17.6184,27.042,22.572,0.018000000000000006,1641.8817000000001,154.20608,6.2316,2.8333333333333335
2008-05-28,29.52,24.959999999999997,20.02,77.58,95.04,61.48,20.476,1.75,19.95,24.13,0.08,0.6666666666666666,24.322000000000003,72.562,1.9779999999999998,18.8344,25.548000000000002,22.956,0.030000000000000006,1764.8529640000002,143.52763599999997,5.487600000000004,2.6666666666666665
2008-05-29,29.84,24.959999999999997,20.22,76.71,95.3,58.6,20.302,1.75,18.42,24.38,0.07,0.16666666666666666,24.61,75.318,1.8559999999999999,19.6736,23.610000000000003,23.328,0.044000000000000004,1853.5759799999998,139.79020799999998,4.936399999999999,0.6666666666666666
2008-05-30,30.12,25.09,20.34,76.71,95.64,57.44,20.432,1.68,17.28,24.63,0.07,0.3333333333333333,24.955999999999996,76.23599999999999,1.682,20.203200000000002,21.618000000000002,23.708,0.054000000000000006,1902.5456159999994,128.228952,4.7527999999999935,0.16666666666666666
2008-05-31,30.42,25.3,20.86,75.26,93.68,55.94,20.352,1.34,18.21,24.91,0.06,1.0,25.125999999999998,76.772,1.65,20.480399999999996,20.116000000000003,24.08,0.064,1928.973272,126.6738,4.645600000000002,0.3333333333333333
2008-06-01,30.88,25.47,20.78,75.46,94.40000000000002,53.9,20.562,1.8099999999999998,21.36,25.209999999999997,0.03,0.3333333333333333,25.09,76.712,1.638,20.432399999999998,19.084000000000003,24.371999999999996,0.07,1924.70408,125.654256,4.657600000000002,1.0
2008-06-02,31.72,26.09,21.16,73.37,94.28000000000002,50.94,20.764,1.57,25.790000000000003,25.429999999999996,0.03,0.0,25.156,76.344,1.666,20.424799999999998,19.044000000000004,24.651999999999997,0.06200000000000001,1920.5096639999997,127.18910399999999,4.731200000000001,0.3333333333333333
2008-06-03,32.54,27.149999999999995,22.26,68.06,87.02,48.080000000000005,20.762,1.03,33.21,25.69,0.03,0.0,25.381999999999998,75.502,1.6300000000000001,20.482400000000002,20.212000000000007,24.912,0.052000000000000005,1916.3917639999997,123.06826,4.899599999999996,0.0
2008-06-04,32.48,27.53,22.899999999999995,65.57,83.54,49.06,20.644,1.15,44.28,25.820000000000004,0.04,1.8333333333333333,25.82,73.77199999999999,1.486,20.5744,23.170000000000005,25.174,0.044000000000000004,1904.7930399999998,109.62519199999998,5.2456,0.0
2008-06-05,32.4,27.8,22.459999999999997,63.99,84.6,49.04,20.598,1.15,57.41,25.74,0.04,0.0,26.308,71.544,1.3800000000000001,20.616799999999998,28.570000000000004,25.412,0.038,1882.1795519999998,98.73072,5.691200000000002,1.8333333333333333
2008-06-06,32.8,28.040000000000003,22.44,62.25,83.94,47.0,20.49,1.12,70.65,25.709999999999997,0.03,0.0,26.808,69.28999999999999,1.342,20.666,36.410000000000004,25.578,0.034,1857.5263199999997,92.98718,6.1419999999999995,0.0
2008-06-07,32.54,28.28,23.22,61.43,80.76,47.82,20.566,1.04,90.16000000000001,25.7,0.02,0.0,27.322000000000003,66.648,1.204,20.651600000000002,46.26800000000001,25.677999999999997,0.034,1820.956656,80.244192,6.670400000000001,0.0
2008-06-08,31.94,27.899999999999995,21.94,63.95000000000001,87.14,49.9,20.69,1.17,111.89,25.64,0.02,0.0,27.76,64.26,1.0979999999999999,20.612,59.14200000000001,25.732,0.032,1783.8576000000003,70.55748,7.148000000000003,0.0
2008-06-09,30.179999999999996,26.0,20.42,71.08,92.5,53.76,20.216,2.35,104.92,25.05,0.07,0.0,27.910000000000004,63.438,1.126,20.5976,74.87800000000001,25.722,0.030000000000000006,1770.5545800000002,71.43118799999999,7.312400000000004,0.0
2008-06-10,29.36,24.649999999999995,19.46,75.72,93.71999999999998,56.28,19.794,3.02,92.2,24.63,0.07,0.0,27.604000000000003,64.54,1.366,20.512,87.006,25.568,0.03600000000000001,1781.5621600000004,88.16164000000002,7.092000000000002,0.0
2008-06-11,29.399999999999995,24.959999999999997,20.06,74.74,93.12,56.24,19.908,2.23,77.84,24.48,0.06,0.0,26.974,66.886,1.7400000000000002,20.3512,93.96400000000001,25.346,0.04200000000000001,1804.1829639999999,116.38164,6.622800000000002,0.0
2008-06-12,29.36,24.88,19.82,73.94,91.54,56.18,19.668,2.23,58.71,24.28,0.06,0.0,26.357999999999997,69.384,1.9620000000000002,20.2348,95.402,25.1,0.04800000000000001,1828.8234719999998,136.13140800000002,6.123199999999997,0.0
2008-06-13,28.540000000000003,24.05,20.0,76.23,90.88,58.70000000000001,19.296,2.48,36.19,24.06,0.07,0.0,25.677999999999997,71.886,2.2,20.055200000000003,89.11200000000001,24.816000000000003,0.05600000000000001,1845.8887079999997,158.1492,5.6227999999999945,0.0
2008-09-15,25.7,21.48,17.38,81.54,98.78000000000002,58.1,17.788,4.89,17.16,22.89,0.07,12.166666666666666,24.907999999999998,74.34200000000001,2.4619999999999997,19.776400000000002,73.97200000000001,24.5,0.06600000000000002,1851.710536,183.03000400000002,5.131599999999995,0.0
2008-09-16,26.0,20.17,14.5,76.18,99.14,44.68,15.406,4.42,17.06,22.399999999999995,0.07,5.0,24.003999999999998,76.434,2.9699999999999998,19.2908,56.42,24.067999999999998,0.06600000000000002,1834.7217359999997,227.00897999999998,4.713199999999997,12.166666666666666
2008-09-17,25.100000000000005,18.38,11.520000000000001,74.69,99.3,41.14,13.318,4.77,21.21,21.83,0.02,6.666666666666667,23.108,76.526,3.25,18.4132,41.392,23.621999999999996,0.06600000000000002,1768.3628079999999,248.7095,4.694800000000001,5.0
2008-09-18,25.2,17.3,9.42,71.86,99.66000000000001,33.62,11.672000000000002,4.8,29.56,21.25,0.0,2.5,21.791999999999998,76.51599999999999,3.758,17.0952,30.065999999999995,23.092000000000002,0.05800000000000001,1667.4366719999996,287.547128,4.6968,6.666666666666667
2008-09-19,26.3,17.26,9.28,73.2,100.0,33.26,11.9,5.849999999999999,32.01,21.04,0.02,1.1666666666666667,20.276,76.1,4.272,15.496,24.236000000000004,22.486,0.046000000000000006,1543.0035999999998,325.0992,4.779999999999999,2.5
2008-09-20,27.38,18.15,10.02,74.09,99.92,35.06,12.967999999999998,5.97,32.71,21.25,0.02,0.0,18.918,75.494,4.946,14.0168,23.4,21.881999999999998,0.03600000000000001,1428.1954919999998,373.393324,4.901199999999999,1.1666666666666667
2008-09-21,27.8,19.1,11.32,75.37,99.78000000000002,38.88,14.174,5.919999999999999,32.95,21.48,0.03,1.8333333333333333,18.252000000000002,74.004,5.161999999999999,13.0528,26.51,21.554,0.026000000000000006,1350.7210080000002,382.00864799999994,5.199200000000003,0.0
2008-09-22,28.08,20.13,13.1,75.55,99.59999999999998,41.34,15.24,5.24,29.36,21.66,0.03,2.6666666666666665,18.038,73.84200000000001,5.461999999999999,12.8064,29.688,21.37,0.018000000000000006,1331.9619960000002,403.325004,5.2316,1.8333333333333333
2008-09-23,28.88,21.2,14.6,74.06,98.68,40.6,16.012,4.38,22.52,21.89,0.03,4.0,18.387999999999998,74.01400000000001,5.555999999999999,13.190800000000001,31.318,21.336000000000002,0.020000000000000004,1360.969432,411.221784,5.197199999999997,2.6666666666666665
2008-09-24,29.48,21.899999999999995,15.26,73.53,98.58,40.46,16.606,4.14,22.350000000000005,22.14,0.02,8.666666666666666,19.168,74.454,5.4719999999999995,14.0588,29.910000000000004,21.464000000000002,0.026000000000000006,1427.1342719999998,407.41228799999993,5.1091999999999995,4.0
2008-09-25,30.44,22.31,15.42,73.91,99.28000000000002,40.78,17.092,3.5499999999999994,17.36,23.81,0.0,5.5,20.095999999999997,74.52000000000001,5.13,15.0,27.978,21.684,0.026000000000000006,1497.5539199999998,382.28760000000005,5.0959999999999965,8.666666666666666
2008-09-26,30.679999999999996,22.34,15.28,73.12,99.26,38.46,16.964,3.73,18.44,23.94,0.0,1.1666666666666667,20.927999999999997,74.484,4.646,15.8248,24.908000000000005,22.196,0.022000000000000006,1558.8011519999998,346.052664,5.1031999999999975,5.5
2008-09-27,31.2,22.100000000000005,14.4,72.28,99.24,35.1,16.556,4.2,19.47,24.03,0.0,4.0,21.576,74.03399999999999,4.208,16.3828,22.006000000000007,22.688,0.016000000000000007,1597.3575839999999,311.53507199999996,5.193200000000001,1.1666666666666667
2008-09-28,31.24,21.64,13.339999999999998,72.25,99.71999999999998,32.76,16.09,4.94,20.51,24.06,0.0,1.1666666666666667,21.970000000000002,73.38000000000001,4.0,16.645999999999997,20.028000000000002,23.162,0.010000000000000005,1612.1586000000004,293.52000000000004,5.324000000000005,4.0
2008-09-29,30.820000000000004,21.11,12.64,72.26,99.7,33.32,15.562,5.07,21.73,23.86,0.01,3.5,22.058,73.018,4.112,16.6616,19.626000000000005,23.596,0.004000000000000005,1610.631044,300.250016,5.3964,1.1666666666666667
2008-09-30,29.86,20.09,11.38,70.05,99.68,28.42,14.1,4.69,23.290000000000003,23.429999999999996,0.01,4.833333333333333,21.900000000000002,72.764,4.298,16.4528,19.502000000000002,23.94,0.0020000000000000057,1593.5316,312.739672,5.447200000000002,3.5
2008-10-01,29.52,19.37,10.28,67.58,99.76,24.72,12.886000000000001,4.64,25.12,22.850000000000005,0.0,6.666666666666667,21.456,71.99199999999999,4.526,15.854400000000002,20.688000000000002,23.863999999999997,0.004000000000000005,1544.6603519999996,325.83579199999997,5.601599999999998,4.833333333333333
2008-10-02,27.98,18.07,8.88,66.65,99.86,23.679999999999996,11.4,4.42,27.149999999999995,22.2,0.0,0.0,20.862000000000002,70.884,4.708,15.0388,22.024000000000004,23.646,0.004000000000000005,1478.7820080000001,333.721872,5.823200000000002,6.666666666666667
2008-10-03,27.42,17.57,8.4,65.05,98.58,23.899999999999995,10.58,3.61,29.47,21.540000000000003,0.0,13.0,20.056,69.75800000000001,4.752,14.0076,23.560000000000002,23.28,0.004000000000000005,1399.0664480000003,331.490016,6.048400000000001,0.0
2008-10-04,27.56,17.97,9.42,63.59,96.18,23.52,10.688,2.7999999999999994,31.929999999999996,21.24,0.0,0.0,19.241999999999997,68.31800000000001,4.486000000000001,12.905599999999998,25.352000000000004,22.776,0.004000000000000005,1314.5749560000002,306.4745480000001,6.336399999999999,13.0
2008-10-05,28.16,19.24,11.520000000000001,63.38,94.16000000000001,27.459999999999997,11.916000000000002,2.38,34.55,21.2,0.0,0.0,18.613999999999997,66.584,4.031999999999999,11.9308,27.392000000000003,22.252,0.0020000000000000057,1239.394576,268.466688,6.683199999999998,0.0
2008-10-06,27.179999999999996,19.83,13.6,67.27,93.58,37.54,13.284,1.92,37.2,21.3,0.05000000000000001,0.0,18.444,65.25,3.5700000000000003,11.494000000000002,29.644,21.806,0.0,1203.471,232.94250000000002,6.9499999999999975,0.0
2008-10-07,26.540000000000003,20.14,14.6,67.94,93.0,39.3,13.728,1.6000000000000003,39.64,21.1,0.06,0.0,18.536,65.18800000000002,3.026,11.573600000000003,32.06,21.496,0.010000000000000007,1208.3247680000004,197.25888800000004,6.962399999999999,0.0
2008-10-08,26.62,19.44,13.5,68.8,94.38,35.88,13.199999999999998,2.4,41.97,20.72,0.06,0.0,18.95,65.446,2.4619999999999997,12.0392,34.55800000000001,21.276000000000003,0.02200000000000001,1240.2016999999998,161.12805199999997,6.9108,0.0
2008-10-09,26.540000000000003,18.79,12.020000000000001,68.12,96.76,33.1,12.414,3.19,43.79999999999999,20.37,0.06,3.1666666666666665,19.324,66.196,2.2199999999999998,12.5632,37.058,21.112000000000002,0.03400000000000001,1279.1715040000001,146.95511999999997,6.7608000000000015,0.0
2008-10-10,26.58,18.32,11.0,67.5,95.92,32.98,11.82,3.22,45.19,19.99,0.06,0.0,19.488,67.102,2.298,12.9084,39.432,20.938,0.046000000000000006,1307.683776,154.200396,6.579599999999999,3.1666666666666665
2008-10-11,27.3,18.44,10.54,65.89,95.52,30.2,11.618,3.03,46.32,19.82,0.01,5.333333333333333,19.304,67.926,2.466,12.889199999999999,41.56,20.696,0.05800000000000001,1311.243504,167.50551600000003,6.4148,0.0
2008-10-12,28.56,19.45,11.92,66.87,95.18,32.56,12.824,2.99,47.72,20.04,0.0,5.5,19.026,67.65,2.6879999999999997,12.556,43.384,20.4,0.05,1287.1089000000002,181.8432,6.470000000000001,5.333333333333333
2008-10-13,27.7,20.28,13.56,70.74,95.04,43.48,14.428000000000003,2.89,48.669999999999995,20.42,0.04,5.666666666666667,18.888,67.43599999999999,2.966,12.3752,45.0,20.188,0.038,1273.731168,200.015176,6.512800000000002,5.5
2008-10-14,26.66,19.81,14.22,77.25,95.08,53.98,15.26,3.26,40.61,20.29,0.19000000000000003,5.0,19.056,67.824,3.064,12.620800000000001,46.339999999999996,20.128,0.034,1292.454144,207.812736,6.4352,5.666666666666667
2008-10-15,23.74,18.13,13.800000000000002,84.96,97.96,66.38,15.122,4.3,32.32,19.88,0.24,5.333333333333333,19.26,69.65,3.0780000000000003,13.190000000000001,45.702,20.112000000000002,0.06000000000000001,1341.4590000000003,214.38270000000003,6.07,5.0
2008-10-16,21.959999999999997,16.14,11.800000000000002,85.67,98.94,63.34,13.274,4.73,23.75,19.06,0.24,3.0,19.222,73.14200000000001,3.2939999999999996,13.850400000000002,43.128,20.09,0.096,1405.9355240000002,240.92974800000002,5.371599999999999,5.333333333333333
2008-10-17,21.04,14.17,8.8,86.36,99.86,62.04,11.442,5.43,15.11,18.18,0.24,2.0,18.762,77.098,3.6340000000000003,14.1816,38.614,19.938,0.142,1446.512676,280.17413200000004,4.580400000000001,3.0
2009-04-29,23.7,26.99,14.88,80.58,91.56,65.08,23.106000000000005,2.44,20.51,19.34,0.0,25.833333333333332,17.706,80.99600000000001,4.122,13.905200000000002,32.092,19.566,0.19,1434.115176,333.865512,3.800799999999997,2.0
2009-04-30,22.78,29.31,14.06,84.75,95.21999999999998,70.42,26.26,2.74,19.75,18.85,0.0,31.5,19.048,82.964,4.032,15.640800000000002,26.46,19.35,0.182,1580.2982719999998,334.510848,3.407199999999996,25.833333333333332
2009-05-01,21.570000000000004,32.43,12.33,90.38,97.42,77.16,30.506,4.29,18.18,18.41,0.0,13.333333333333334,20.948,84.464,3.9279999999999995,17.8408,22.288000000000004,19.062,0.144,1769.351872,331.7745919999999,3.107199999999999,31.5
2009-05-02,19.4,32.6,11.87,90.68,98.54,79.48,30.736,4.45,18.64,17.77,0.0,14.166666666666666,23.808,85.548,3.9260000000000006,20.9176,19.46,18.768,0.096,2036.726784,335.86144800000005,2.8903999999999996,13.333333333333334
2009-05-03,19.39,32.17,12.32,89.90000000000002,98.38,76.66,30.149999999999995,4.74,19.3,17.58,0.0,25.333333333333332,27.1,86.55,3.87,24.410000000000004,18.438000000000002,18.509999999999998,0.048,2345.505,334.9485,2.6899999999999977,14.166666666666666
2009-05-04,18.69,31.52,11.56,88.74,98.62,73.0,29.268,5.02,19.74,17.34,0.0,20.5,30.7,87.25800000000001,3.732,28.151599999999995,19.276000000000003,18.39,0.0,2678.8206,325.64685600000007,2.5484000000000044,25.333333333333332
2009-05-05,17.22,32.83,10.69,91.08999999999999,99.21999999999998,76.7,31.048,6.79,19.83,16.82,0.0,8.166666666666666,31.606,88.89000000000001,4.247999999999999,29.384000000000004,19.122000000000003,17.99,0.0,2809.457340000001,377.60472,2.2219999999999978,20.5
2009-05-06,18.66,31.44,11.5,88.58999999999999,99.2,69.5,29.158,6.23,19.79,16.78,0.0,8.333333333333334,32.31,90.158,5.058,30.3416,19.138,17.584,0.0,2913.00498,456.019164,1.9684000000000026,8.166666666666666
2009-05-07,21.459999999999997,31.38,12.0,88.49,99.62,66.94,29.078,6.46,20.01,17.5,0.0,8.833333333333334,32.112,89.8,5.446000000000001,30.071999999999996,19.46,17.258,0.0,2883.6576,489.05080000000004,2.0400000000000063,8.333333333333334
2009-05-08,23.27,30.350000000000005,13.87,86.64,98.36,66.48,27.678,5.55,20.24,18.58,0.0,3.6666666666666665,31.868000000000002,89.362,5.848,29.7404,19.734,17.204,0.0,2847.788216,522.588976,2.127600000000001,8.833333333333334
2009-05-09,24.100000000000005,26.38,14.93,79.49,92.7,61.54,22.278000000000002,4.36,20.48,19.41,0.0,6.833333333333333,31.504,88.71,6.01,29.246,19.922,17.404,0.0,2794.7198399999997,533.1470999999999,2.2580000000000027,3.6666666666666665
2009-05-10,24.56,24.03,15.14,75.26,91.0,56.26,19.082,2.44,21.26,20.0,0.0,2.8333333333333335,30.476,86.85999999999999,5.878,27.848000000000003,20.07,17.818,0.0,2647.1453599999995,510.5630799999999,2.6279999999999966,6.833333333333333
2009-05-11,23.34,23.11,14.46,73.6,90.26,56.080000000000005,17.83,1.67,22.23,20.12,0.0,3.8333333333333335,28.716,83.69399999999999,5.008000000000001,25.4548,20.356,18.454,0.0,2403.3569039999998,419.13955200000004,3.2612000000000023,2.8333333333333335
2009-05-12,21.49,23.790000000000003,14.81,74.83,89.5,60.68,18.756,1.08,23.350000000000005,19.9,0.0,10.166666666666666,27.05,80.696,4.096,23.1892,20.844000000000005,19.122,0.0,2182.8268,330.530816,3.860800000000001,3.8333333333333335
2009-05-13,22.5,22.47,14.479999999999999,72.45,89.02,55.94,16.96,1.13,23.91,19.69,0.0,8.0,25.532000000000004,77.964,3.0200000000000005,21.1248,21.512000000000004,19.601999999999997,0.0,1990.5768480000002,235.45128000000003,4.407200000000003,10.166666666666666
2009-05-14,22.87,24.77,14.4,76.58,93.24,57.76,20.086,1.33,23.929999999999996,19.73,0.0,4.833333333333333,23.956,75.126,2.136,18.9812,22.246000000000002,19.824,0.0,1799.718456,160.46913600000002,4.974799999999998,8.0
2009-05-15,25.14,24.42,15.32,75.96,94.02,54.0,19.612,1.34,23.64,20.38,0.0,2.3333333333333335,23.634000000000004,74.54400000000001,1.53,18.5428,22.936000000000003,19.887999999999998,0.0,1761.7728960000006,114.05232000000002,5.091200000000004,4.833333333333333
2009-05-16,25.03,23.08,15.5,73.54,94.28000000000002,49.02,17.788,1.51,23.02,20.95,0.0,6.166666666666667,23.712,74.684,1.31,18.6488,23.412000000000003,19.964000000000002,0.0,1770.907008,97.83604,5.063199999999998,2.3333333333333335
2009-05-17,25.78,19.21,14.07,66.58,94.82,35.2,12.526000000000002,1.88,22.14,21.32,0.0,4.333333333333333,23.706,74.672,1.278,18.6404,23.57,20.130000000000003,0.0,1770.1744319999998,95.430816,5.0656,6.166666666666667
2009-05-18,24.61,18.89,11.770000000000001,66.0,96.71999999999998,34.24,12.089999999999998,2.51,21.98,21.29,0.0,0.5,22.79,73.022,1.4380000000000002,17.394399999999997,23.328000000000003,20.413999999999998,0.0,1664.17138,105.00563600000002,5.395600000000002,4.333333333333333
2009-05-19,25.41,17.49,10.839999999999998,63.47,97.68,30.84,10.184,2.7999999999999994,22.459999999999997,21.37,0.0,0.3333333333333333,22.074,71.732,1.714,16.4204,22.942000000000004,20.733999999999998,0.0,1583.412168,122.94864799999999,5.653600000000001,0.5
2009-05-20,24.87,15.93,9.58,60.669999999999995,98.16000000000001,26.88,8.064,3.3699999999999997,23.63,21.21,0.0,0.0,20.618,69.11,2.008,14.440000000000001,22.648000000000003,21.062,0.0,1424.90998,138.77288,6.177999999999997,0.3333333333333333
2009-05-21,26.49,15.479999999999999,9.47,59.85999999999999,98.21999999999998,26.78,7.452000000000001,3.4,25.89,21.24,0.0,0.0,18.919999999999998,66.05199999999999,2.414,12.1304,22.646,21.228,0.0,1249.7038399999997,159.449528,6.789599999999998,0.0
2009-05-22,27.72,16.78,10.979999999999999,62.20000000000001,98.02,31.100000000000005,9.22,3.99,29.36,21.69,0.0,0.0,17.4,63.31600000000001,2.7919999999999994,10.0632,23.220000000000002,21.285999999999998,0.0,1101.6984,176.778272,7.336799999999998,0.0
2009-05-23,28.62,17.62,12.67,63.71,97.54,31.84,10.362,4.42,33.61,22.350000000000005,0.0,6.333333333333333,16.913999999999998,62.44,3.214,9.402,24.664,21.36,0.0,1056.1101599999997,200.68215999999998,7.511999999999999,0.0
2009-05-24,29.040000000000003,19.11,13.839999999999998,66.39,97.92,33.52,12.388,5.0,39.24,23.03,0.0,34.0,16.66,61.98199999999999,3.595999999999999,9.0564,26.99,21.572,0.0,1032.6201199999998,222.8872719999999,7.6036,6.333333333333333
2009-05-25,29.679999999999996,20.18,14.83,68.33,98.06,35.46,13.845999999999998,5.26,46.32,23.72,0.0,5.166666666666667,16.984,62.56600000000001,4.036,9.497200000000001,30.346000000000004,21.904000000000003,0.0,1062.6209440000002,252.516376,7.486800000000001,34.0
2009-05-26,30.040000000000003,21.27,16.1,70.28,97.44,38.08,15.326,5.09,56.07,24.34,0.0,3.6666666666666665,17.834,64.098,4.414,10.6536,34.884,22.406,0.0,1143.123732,282.928572,7.180399999999999,5.166666666666667
2009-05-27,27.74,22.11,15.54,71.79,96.71999999999998,42.74,16.468,4.16,65.53,24.209999999999997,0.0,7.333333333333333,18.992,66.18199999999999,4.752,12.228399999999999,40.92,23.026000000000003,0.0,1256.9285439999999,314.4968639999999,6.763600000000002,3.6666666666666665
2009-05-28,27.070000000000004,21.74,14.300000000000002,71.13,97.2,41.02,15.966,4.11,82.02,23.7,0.0,1.8333333333333333,20.058,68.1,4.786,13.678,48.154,23.53,0.0,1365.9497999999999,325.92659999999995,6.379999999999999,7.333333333333333
2009-05-29,27.63,19.98,13.04,67.96,97.3,35.12,13.571999999999997,4.13,95.26,23.36,0.0,1.8333333333333333,20.881999999999998,69.584,4.724,14.7988,57.836,23.8,0.0,1453.053088,328.71481600000004,6.083199999999998,1.8333333333333333
2009-05-30,28.39,17.83,12.24,64.09,96.3,29.42,10.648,3.44,110.2,23.14,0.0,0.0,21.056,69.898,4.55,15.035599999999999,69.04,23.866,0.0,1471.772288,318.03589999999997,6.020400000000002,1.8333333333333333
2009-05-31,29.08,15.29,11.78,59.53,96.26,23.14,7.196000000000001,3.2999999999999994,123.71999999999998,23.05,0.0,0.0,20.586,69.05,4.186000000000001,14.396,81.816,23.75,0.0,1421.4633,289.04330000000004,6.189999999999998,0.0
2009-06-01,31.77,12.68,13.6,54.82,92.38,18.7,3.644,3.03,133.83,23.58,0.0,0.16666666666666666,19.389999999999997,66.9,3.8280000000000003,12.77,95.346,23.491999999999997,0.0,1297.1909999999998,256.0932,6.619999999999997,0.0
2009-06-02,32.33,12.47,15.6,54.44,88.36,22.08,3.358,2.03,142.03,24.2,0.0,0.0,17.503999999999998,63.50599999999999,3.6019999999999994,10.2052,109.006,23.366,0.0,1111.6090239999996,228.74861199999995,7.298799999999998,0.16666666666666666
2009-06-03,30.19,14.85,16.74,58.73,87.46,29.56,6.596,1.5599999999999998,156.07,24.25,0.0,0.6666666666666666,15.65,60.16799999999999,3.186,7.6836,121.008,23.466,0.0,941.6291999999999,191.69524799999996,7.9664,0.0
2009-06-04,28.74,16.36,16.47,61.44,88.56,33.56,8.648,2.34,166.13,24.01,0.0,0.0,14.624,58.322,2.6719999999999997,6.2884,133.17000000000002,23.644,0.0,852.900928,155.83638399999998,8.3356,0.6666666666666666
2009-06-05,28.02,18.11,16.02,64.61,88.92,38.84,11.032000000000002,2.97,175.9,23.83,0.0,0.5,14.330000000000002,57.791999999999994,2.4519999999999995,5.8884,144.356,23.818,0.0,828.15936,141.70598399999997,8.441600000000001,0.0
2009-06-06,28.19,18.32,16.0,64.98,87.48,39.32,11.316,2.97,188.46,23.709999999999997,0.0,0.0,14.894,58.80800000000001,2.3859999999999997,6.6556,154.79199999999997,23.974,0.0,875.8863520000001,140.315888,8.2384,0.5
2009-06-07,28.89,17.48,16.48,63.46,86.83999999999999,38.68,10.172,2.82,194.97,23.820000000000004,0.0,0.0,16.022,60.839999999999996,2.3739999999999997,8.190000000000001,165.71800000000002,24.0,0.0,974.7784799999998,144.43415999999996,7.831999999999997,0.0
2009-06-08,30.709999999999997,15.96,17.47,60.73,86.3,38.68,8.106,2.4,197.26,24.3,0.0,0.0,17.024,62.64399999999999,2.532,9.5528,176.30599999999998,23.924,0.0,1066.451456,158.61460799999998,7.471200000000001,0.0
2009-06-09,32.1,16.24,19.66,61.23,84.6,41.4,8.486,1.47,199.59,24.959999999999997,0.0,0.0,17.246000000000002,63.044000000000004,2.7,9.854800000000001,184.544,23.934,0.0,1087.2568240000003,170.21880000000002,7.391200000000001,0.0
2010-06-02,28.633333333333333,21.66,13.57,67.97333333333333,94.90666666666667,37.733333333333334,15.254666666666667,3.48,72.4,22.403333333333332,0.08,0.5555555555555556,17.222,63.001999999999995,2.526,9.822400000000002,191.23600000000002,24.124,0.0,1085.020444,159.14305199999998,7.3995999999999995,0.0
2010-06-03,27.209999999999997,20.646666666666665,13.396666666666667,71.10333333333334,95.96,40.080000000000005,14.867333333333335,3.67,66.14,22.22,0.07333333333333333,0.2777777777777778,17.932,63.67466666666667,2.628,10.666933333333334,170.536,23.838666666666665,0.016000000000000007,1141.8141226666667,167.337024,7.265066666666664,0.5555555555555556
2010-06-04,26.363333333333333,19.523333333333333,12.653333333333332,74.06,96.78666666666668,43.62,14.335333333333333,3.8866666666666663,55.78333333333333,21.646666666666665,0.12333333333333335,0.0,18.397333333333332,64.89933333333333,2.768,11.3772,146.072,23.540666666666667,0.030666666666666675,1193.9746684444444,179.64135466666664,7.020133333333332,0.2777777777777778
2010-06-10,22.413333333333334,17.25,11.68,80.21,99.06,52.94,13.292,4.946666666666666,6.2733333333333325,19.286666666666665,0.07666666666666667,2.3333333333333335,18.806,67.01933333333334,2.981333333333333,12.209866666666667,118.23466666666666,23.105999999999998,0.055333333333333345,1260.3655826666668,199.80697244444443,6.596133333333334,0.0
2010-06-11,23.846666666666668,18.4,12.149999999999999,79.14333333333333,98.18666666666667,54.86,14.228666666666665,4.3533333333333335,7.576666666666666,19.556666666666665,0.06666666666666668,0.7777777777777778,19.064,70.91533333333334,3.490666666666667,13.247066666666665,80.03733333333334,22.10333333333333,0.07066666666666668,1351.9299146666667,247.54179022222223,5.816933333333335,2.3333333333333335
2020-05-26,25.4640159606934,19.6259212493897,14.5179996490479,77.6149597167969,94.7188873291016,57.878074645996094,15.2735023498535,30.0018157958984,0.338025122880936,17.9070129394531,0.0,0.5474568477645727,19.496,74.49799999999999,4.067333333333333,14.395599999999998,41.63466666666667,21.022666666666666,0.084,1452.4130079999998,303.0081986666666,5.1004000000000005,0.7777777777777778
2020-05-27,25.8520088195801,20.2963371276855,16.0839996337891,80.4380035400391,94.363037109375,58.7789306640625,16.5788345336914,14.9694309234619,0.328306764364243,18.7269287109375,0.0,0.7141411997736283,19.08918424987794,76.42632527669272,9.371696492513014,14.399367136637366,27.222271691242856,20.123402587890617,0.06800000000000002,1458.9162047478908,716.2443245312398,4.689817113240572,0.5474568477645727
2020-05-28,25.108003616333,21.9210872650147,19.0340023040772,85.8570251464844,92.2080383300781,76.0341339111328,19.3938369750977,64.6046524047852,0.330839216709137,19.6954975128174,0.165833155314128,0.7668965761177146,19.019118342081708,78.29325931803388,11.631582677205392,14.741667376708978,14.0599330441157,19.42478833007812,0.053333333333333344,1489.0687643569777,910.6745188255925,4.277450965372729,0.7141411997736283
2020-05-29,28.8340072631836,24.0827484130859,20.8760032653809,81.5900573730469,94.0824432373047,60.4883689880371,20.5842514038086,42.007942199707,0.352296769618988,20.9905643463135,0.21416715780894,0.974030843237126,19.49866912841798,80.65266434733074,23.7751798248291,15.753368105061853,2.969434220790863,19.034554499308264,0.06183329772949229,1572.6196164339553,1917.531598209371,3.7453010233561272,0.7668965761177146
2020-06-01,21.0939979553223,16.0777454376221,10.0439901351929,41.5672836303711,54.4279327392578,30.7790870666504,2.71557140350342,2.50002527236938,0.307255983352661,15.700704574585,0.002500025400271,3.8311509620826247,20.865218811035163,80.92867582194012,31.187434931437167,17.211818385823573,1.7852269080479943,19.375334035237636,0.08933339595794694,1688.5945291121116,2523.9578112841295,3.65340042521159,0.974030843237126
2020-06-03,27.10400390625,21.85325050354,16.4839954376221,74.0686264038086,90.0240631103516,61.1693801879883,16.9086666107178,28.4419822692871,0.307415992021561,19.5022373199463,0.307500958442688,2.6327709394453875,20.400767898559582,73.41346588134769,30.81677331924438,14.909199333190923,0.331344771385193,18.604141616821302,0.07650006770466782,1497.691078074197,2262.366136645573,5.4915685653686594,3.8311509620826247
2020-06-05,26.7439975738525,23.1074142456055,20.7800006866455,84.4837341308594,92.5049362182617,68.4930419921875,20.2586669921875,80.076286315918,0.368651002645493,21.9815101623535,1.14583357175191,6.95871179966044,20.84623374938964,72.70419921875002,30.50480661392212,15.236232185363784,0.32522294521331807,18.92318649291994,0.13800025939320543,1515.6087314762547,2217.8275371880372,5.610001564025856,2.6327709394453875
2020-06-07,24.1499996185303,20.8923301696777,17.0859928131104,49.9118385314941,64.5884552001953,40.1527404785156,9.82474327087402,0.0,0.366926789283752,20.6034545898438,0.0,16.972237549518955,21.40844917297364,73.51334533691409,43.52617769241334,15.972198677063005,0.33329179286956806,19.57410278320314,0.36716697374358737,1573.806717180584,3199.7549318982683,5.436250495910635,6.95871179966044
2020-06-09,30.9420051574707,24.140998840332,15.671989440918,56.0779533386231,80.1191940307617,37.5457916259766,14.1981611251831,0.0,0.321023464202881,21.1645774841309,0.0,19.943198217317477,21.20269775390624,66.32430801391601,30.605247211456298,14.058379936218268,0.340509307384491,19.75569419860842,0.33400034268076173,1406.2542565560425,2029.8718428946715,7.144317817687972,16.972237549518955
2020-06-12,29.0559978485107,24.4547462463379,19.3179950714111,54.001251220703104,90.6618041992188,29.0187339782715,13.5084095001221,0.359341561794281,0.3504558801651,22.9142112731934,0.0,20.04371109224675,21.214347839355458,61.22188720703126,22.203658771514895,12.781161880493169,0.33425464630126955,19.7904968261719,0.29116691111897375,1298.782410591747,1359.349892893095,8.433185958862289,19.943198217317477
2020-06-16,23.7080078125,19.2937507629395,13.8579902648926,61.1648101806641,82.0255279541016,41.1844482421875,11.0925750732422,0.0,0.278873354196548,18.7906112670898,0.0,114.20872594793448,22.889748001098617,63.70868072509766,21.775522029399873,14.939729499816906,0.3428946256637574,21.233198165893576,0.2906669060389196,1458.2756472799342,1387.2897805933671,7.950018501281711,20.04371109224675
2020-06-23,31.716007232666,26.6629180908203,21.6999950408936,69.8047332763672,87.328857421875,50.2442436218262,20.423828125,4.16666650772095,0.280437648296356,24.972110748291,0.0074999493857224,285.0150855970571,22.377848052978518,61.12791748046876,16.087125575542455,13.776511192321783,0.33718609809875477,21.090872955322283,0.229166714350382,1367.9112491729393,983.3724846796977,8.601336860656735,114.20872594793448
2020-07-01,26.0640029907227,22.6574153900147,19.399995803833,79.1431427001953,93.0226898193359,60.4668502807617,18.6709117889404,45.6421356201172,0.302166640758514,22.9147262573242,0.284166852633158,776.5580291454444,23.08894882202148,58.192117309570314,0.9052016139030462,13.809543418884283,0.31954342722892737,21.688993072509778,0.00149998987714448,1343.5948184057393,52.67559850505844,9.279405403137195,285.0150855970571
2020-07-08,30.3400058746338,26.4310855865479,23.3499946594238,73.7093200683594,88.3850708007813,54.1110305786133,21.1120796203613,15.0000247955322,0.31144580245018,25.785701751709,0.0324999516208967,1526.2791206847762,23.44196586608888,64.03837814331055,10.033628737926486,15.57877712249756,0.3065913975238798,22.151247406005858,0.05833336040377608,1501.185474555178,642.5373112689241,7.863188743591319,776.5580291454444
2021-05-31,22.0599975585938,15.1868333816528,9.71399688720703,70.5252151489258,91.6888122558594,39.9006080627441,9.29733371734619,3.10059142112732,0.428791970014572,13.3122787475586,0.0,1.034116440294285,23.89998321533206,67.56465148925783,13.033633697032926,16.9615608215332,0.3046758651733396,23.07547225952148,0.06483335072795542,1614.7940365430225,880.6129183786767,6.938422393798859,1526.2791206847762
2021-06-01,24.378002166748,18.5084171295166,11.3439912796021,65.1698913574219,90.1051864624023,37.8751754760742,11.1187515258789,16.2215404510498,0.407530307769775,15.8443441390991,0.0,0.9946220996038487,22.04640064239504,70.86944427490235,13.581883668899533,16.11934566497802,0.320343083143234,21.155085754394523,0.06483335072795542,1562.4161617883865,962.5405478212817,5.9270549774170185,1.034116440294285
2021-06-03,25.2280044555664,19.9147491455078,15.9639949798584,85.5484619140625,95.7460479736328,67.349967956543,17.3288345336914,65.7052307128906,0.403706938028336,18.2007293701172,0.275833129882813,1.2670175438596496,21.88933391571046,71.67046051025393,16.826191759109495,16.12458095550536,0.34607447385787937,20.565832328796382,0.06483335072795542,1568.8186420016884,1205.9409120092173,5.764752960205101,0.9946220996038487
2021-06-09,31.9480056762695,26.1688346862793,22.0859985351563,78.0868759155273,93.4849853515625,53.1024398803711,21.7370872497559,44.5076522827148,0.399872899055481,24.4073848724365,0.0783334076404572,3.9895281550650825,20.53970012664796,74.819206237793,29.13390460014342,15.505582237243638,0.3707283318042754,19.21155605316162,0.11849998682737355,1536.7640598380967,2179.7756167903167,5.034117889404323,1.2670175438596496
2021-06-11,19.5279998779297,17.9444103240967,16.6199951171875,73.7214050292969,86.5531311035156,63.6751899719238,13.1052484512329,50.8333854675293,0.379787802696228,19.05517578125,0.430001338322957,5.936746604414255,21.24198398590088,74.60795288085939,28.907007932662943,16.11881732940674,0.3902695834636688,19.510087776184083,0.07733329782883339,1584.8209403160624,2156.6926857667454,5.123166656494142,3.9895281550650825
2021-06-15,26.507999420166,22.2835807800293,19.0039958953857,69.8831253051758,94.359619140625,45.3505401611328,15.9683294296265,26.5315055847168,0.400861144065857,21.1207847595215,0.0858324666817983,4.007354272778722,19.544648933410638,74.61036987304688,36.07368006706237,14.517451095581057,0.4039379835128784,18.16398258209228,0.15683357516924543,1458.233485960619,2691.470612485482,5.027197837829581,5.936746604414255
2021-06-18,28.8080024719238,22.3089122772217,14.0739879608154,53.5867462158203,81.161865234375,31.015079498291,11.3868255615234,0.0,0.335021048784256,19.7369823455811,0.0,5.226669496321447,20.96399841308594,74.48195190429688,40.75986289978026,15.85165023803712,0.39835181832313543,19.725683784484858,0.1740000685056051,1561.439521525223,3035.874148127168,5.112348175048819,4.007354272778722
2021-06-23,24.015998840332,18.4915790557861,12.425989151001,56.6931953430176,76.6070251464844,34.7931137084961,9.04566478729248,0.0,0.375291049480438,18.4820404052734,0.0,6.782120118845498,21.724097442626963,72.16532287597656,37.515554809570304,15.905265045166022,0.38384996652603165,20.50421142578126,0.1740000685056051,1567.7265061363514,2707.3221257040364,5.818832397460941,5.226669496321447
2021-06-29,34.6740074157715,29.5840816497803,24.7239952087402,65.5752410888672,80.0839767456055,50.5729827880859,22.213415145874,6.66669178009033,0.322725176811218,27.0852470397949,0.0249998718500137,3.5829230333899282,21.43946342468262,66.39426956176759,24.374508666992178,14.248631095886235,0.37816678881645205,20.5604736328125,0.11883344252904249,1423.457513878035,1618.327698871919,7.190832328796386,6.782120118845498
2021-07-02,25.1120014190674,22.2253341674805,18.3779945373535,86.405029296875,95.7772216796875,68.8462600708008,19.7388305664063,88.8227386474609,0.405693471431732,23.3491458892822,0.686665455500285,1.710940152801359,22.12251281738282,63.891942596435555,16.806316566467284,14.343896675109855,0.3627372443675994,21.09604606628418,0.10816673537095381,1413.4503190171329,1073.7882133222517,7.7786161422729645,3.5829230333899282
2021-07-06,34.810001373291,27.0321655273438,22.267993927002,70.2060699462891,90.3667068481445,44.0001907348633,20.7519149780273,29.3040390014648,0.370725154876709,24.8523559570313,0.157499690850576,10.703788200339561,22.97869758605958,66.42866744995118,24.404187202453606,15.670613098144537,0.36791837811470024,21.954840087890624,0.15949955880641942,1526.4442603773477,1621.137636058145,7.308084487915044,1.710940152801359
2021-07-09,30.871997833252,25.4889984130859,22.0579948425293,77.2760162353516,95.1652069091797,52.2010002136231,20.8551654815674,41.6666679382324,0.420789361000061,24.6908435821533,0.550831913948059,6.0027843803056085,23.92841453552248,66.49325637817384,24.958693885803207,16.627330207824695,0.3618911802768706,22.70115432739258,0.17383300364017493,1591.078202433718,1659.5848314130726,7.301084327697787,10.703788200339561
2021-07-13,25.8360042572022,23.5400848388672,21.7319984436035,88.8495330810547,95.9740905761719,79.8437957763672,21.5518341064453,28.5610008239746,0.421157777309418,23.9254531860352,0.0458334585030874,19.286810271646857,24.564431762695317,71.2311103820801,33.292027473449686,18.520998191833495,0.3790448427200316,23.69192657470702,0.2839993864297867,1749.7517503616248,2371.428083804538,6.043433570861822,6.0027843803056085
2021-07-16,33.2740020751953,28.7599143981934,24.3079929351807,68.4380645751953,89.4849624633789,44.274959564209,21.8946628570557,6.60049200057983,0.378214418888092,26.6775054931641,0.0016666413284838,52.11676924165253,25.574132919311538,77.66237792968752,39.00422763824461,21.02223205566406,0.3882181882858276,24.780609130859382,0.2931660781304042,1986.1479760036354,3029.1610676969162,4.551900863647479,19.286810271646857
2021-07-20,30.1680068969727,26.0332469940186,21.6659927368164,71.0340118408203,83.8708572387695,54.8493766784668,20.146411895752,4.16666650772095,0.390025198459625,24.7510452270508,0.0108332311113675,52.43940647990944,25.40929946899416,78.23494262695314,38.99098768234251,20.9584815979004,0.3993160367012024,24.69906082153322,0.2884994320260982,1987.895086147829,3050.457684296303,4.450817871093761,52.11676924165253
2021-07-28,28.1100063323975,24.1262512207031,20.6739921569824,67.8510360717773,83.5909042358398,50.8462219238281,17.5619926452637,8.3333330154419,0.295478373765945,24.3869285583496,0.0233333607514699,173.53354555744204,26.17088203430178,75.1607391357422,22.059773254394518,21.03999786376954,0.39618238210678103,24.97944068908694,0.15333298714831473,1967.0228375324384,1658.0288629671693,5.130884170532241,52.43940647990944
2021-08-03,25.6920051574707,21.0991630554199,16.8639907836914,62.1749267578125,79.7774047851563,44.9830627441406,13.2858209609985,0.0,0.293438494205475,20.8327941894531,0.0,190.90339558573856,25.58969917297364,74.68973236083984,17.865632057189934,20.40201339721682,0.3811330258846282,24.8863552093506,0.1264997211284935,1911.2877824238058,1334.3792768087567,5.187685775756819,173.53354555744204
2021-08-10,31.2060089111328,25.3351669311523,21.6679935455322,82.8138427734375,93.717041015625,65.2391967773438,22.0344982147217,41.5430908203125,0.311539441347122,24.1122703552246,0.310833851496379,256.3928126768533,24.71173210144044,71.66951446533203,9.532298469543456,18.888144493103038,0.35566285252571095,24.114745330810557,0.01633333833888172,1771.0778413075955,683.175203050807,5.823587608337402,190.90339558573856
2021-08-17,26.6859970092773,24.3567485809326,21.919994354248,76.957405090332,85.0821838378906,69.8704833984375,20.0090866088867,71.6667175292969,0.321194410324097,23.6178207397461,0.413334012031555,292.4225099037919,25.07074851989746,70.46237640380858,12.128716468811035,18.984677314758322,0.33373918533325175,24.15210876464844,0.06933341693754004,1766.5445189342415,854.6181851204352,6.086071205139138,256.3928126768533
2021-08-24,32.1399993896484,26.9824962615967,22.8819961547852,70.905517578125,88.9446258544922,46.1149024963379,20.7589988708496,5.45145130157471,0.420931875705719,25.183536529541,0.0,753.5155772495752,24.1901153564453,72.16624450683591,25.14196157455445,18.60756206512452,0.32233518362045277,23.54017181396484,0.1516668910781543,1745.7097794617976,1814.4009463707696,5.582553291320782,292.4225099037919
2021-09-04,25.3279991149902,20.0699119567871,15.0759925842285,67.6224975585938,85.8074035644531,47.5491256713867,13.5067462921143,0.0,0.400443613529205,19.7184410095215,0.0,417.0429400113188,24.379965209960922,72.14054565429686,25.3989185333252,18.73007946014404,0.3285165190696716,23.62667007446288,0.1495002448558808,1758.783993279355,1832.2918420231133,5.649885749816882,753.5155772495752
2022-05-19,21.5380058288574,16.3127498626709,12.6959953308105,82.4393081665039,95.2694854736328,66.4457397460938,13.1790008544922,54.9615669250488,0.434944450855255,16.0046482086182,0.724166472752889,0.0,23.568697357177722,72.09483795166017,23.73225193023682,17.91903018951416,0.3495095670223236,22.69297256469726,0.1448335727055868,1699.181416697449,1710.9728571383978,5.649667167663562,417.0429400113188
2022-05-21,33.0760154724121,25.5330905914307,17.7160015106201,71.1771240234375,98.9378662109375,40.548648834228494,19.026252746582,29.166666030883803,0.40958109498024,21.4840240478516,0.0,0.1400639816386845,22.61141471862792,76.14771423339843,34.72456531524658,17.8976661682129,0.3778107583522796,21.727343368530278,0.28966686725616464,1721.807546406938,2644.1962765043754,4.713748550415019,0.0
2022-05-23,23.3660011291504,19.8369121551514,16.3539943695068,53.9985275268555,77.4459762573242,38.3235206604004,9.93416404724121,0.0,0.385561138391495,20.4272155761719,0.0,0.2697619945922151,22.6509994506836,73.82037048339843,32.24928035736084,17.29601707458496,0.3974190890789032,21.20169410705568,0.22750009695688878,1672.1051712687176,2380.653823803361,5.35498237609864,0.1400639816386845
2022-05-25,21.1540069580078,16.2092514038086,11.597993850708,60.05596160888669,83.0587005615234,42.352409362793,8.02816581726074,0.0,0.354390203952789,16.2153778076172,0.0,0.5170643903665973,21.747032165527358,69.22859497070314,17.915936851501463,15.28103256225586,0.4102924346923828,20.56357307434084,0.1448332945505778,1505.5164816021468,1240.2951358132893,6.465999603271499,0.2697619945922151
2022-05-27,25.9180030822754,21.3575820922852,18.7159976959229,84.4443511962891,94.6548614501953,65.4925918579102,18.5014991760254,60.989402770996094,0.354153513908386,19.4309272766113,0.454166928927104,0.5391537760171036,19.59238319396974,67.05868377685547,16.82564659118652,12.734865951538088,0.39698410034179676,18.76994132995608,0.1448332945505778,1313.8394290393946,1128.3057140995031,6.857517242431653,0.5170643903665973
2022-05-29,25.6600036621094,20.9038314819336,15.3399906158447,63.04196929931639,83.031982421875,38.0926971435547,13.1009140014648,0.0,0.387432634830475,19.5957412719727,0.0,0.762089093701997,19.84991722106936,70.42305450439454,29.023527145385742,13.73381652832031,0.387726080417633,18.71243858337404,0.23566668033599864,1397.8918023670874,2043.9254340692746,6.116100692749052,0.5391537760171036
2022-05-31,34.1380081176758,28.1479187011719,22.0579948425293,57.0966644287109,82.3754272460938,34.2116241455078,18.0832481384277,0.0,0.345422625541687,24.3809394836426,0.0,1.150622524052066,20.7681335449219,66.54358673095703,18.03121376037598,13.71819915771483,0.378223717212677,19.43065719604494,0.0908333857854208,1381.9860957866085,1199.861636728005,7.0499343872070686,0.762089093701997
2022-06-02,27.3139991760254,21.2961654663086,16.6919937133789,83.5153427124023,94.2216339111328,60.6096229553223,18.2140827178955,45.833625793457,0.342626750469208,20.2480201721191,0.230000297228495,1.400675187071622,21.29109916687014,63.72749481201172,12.19788055419922,13.52959823608397,0.36539202332496645,20.010040283203143,0.0908333857854208,1356.8284116987438,777.3403697352694,7.76150093078617,1.150622524052066
2022-06-04,28.3880004882813,22.1339149475098,15.2339897155762,48.6548271179199,75.4607772827148,24.1923408508301,9.62107086181641,0.0,0.331644237041473,20.3543758392334,0.0,2.147586147267812,21.58294982910158,69.63085784912109,21.36460571289062,15.185581970214827,0.356805145740509,19.97420120239258,0.1368334452311198,1502.8393115148842,1487.635823396807,6.397367858886753,1.400675187071622
2022-06-06,27.6700057983398,21.3727493286133,13.5799884796143,45.3079452514648,75.7038269042969,28.3340244293213,8.0908203125,0.0,0.285744965076447,19.782470703125,0.0,2.9702942840973416,22.76788253784182,67.35063095092772,21.36460571289062,15.504162979125962,0.3522559523582458,20.80200080871582,0.1368334452311198,1533.4312543402561,1438.919674780978,7.263719558715859,2.147586147267812
2022-06-08,29.292005538940405,24.4362525939941,20.0959949493408,63.94608306884769,90.8545684814453,33.9197616577148,16.1608257293701,30.028076171875,0.277709156274796,22.2822341918945,0.086666742960612,3.1469353266679243,22.77091598510744,59.523349761962855,9.166725158691401,13.422027206420882,0.338574242591858,20.87230949401856,0.046000059445699,1355.401196581821,545.6341877925727,9.348888778686558,2.9702942840973416
2022-06-10,26.2960014343262,21.6060810089111,16.1239929199219,53.2839736938477,72.35888671875,33.471923828125,11.1227436065674,0.0,0.335309356451035,20.7398948669434,0.0,2.3675132050556504,23.477400207519544,59.70417251586912,15.172340393066401,14.034009552001942,0.3166295468807222,21.40960807800292,0.06333340803782139,1401.6987522138484,905.8520282971259,9.443390655517602,3.1469353266679243
2022-06-13,30.310003280639698,24.8542518615723,19.773998260498,71.6160507202148,92.8479232788086,42.671932220459,18.9150810241699,25.8337020874023,0.345066905021668,22.3221206665039,0.0,3.089675690121362,22.16903266906738,58.94163436889647,15.172340393066401,12.641908645629883,0.31460689306259176,20.681399154663076,0.06333340803782139,1306.6790178922906,894.2825399685588,9.527124023437498,2.3675132050556504
2022-06-15,28.0260181427002,22.9194984436035,18.529993057251,61.3743896484375,78.5661315917969,43.2296943664551,14.728239059448198,0.0,0.299923539161682,22.0497207641602,0.0,7.469544268377039,22.88064994812012,56.56177597045898,11.17235565185546,12.782108306884762,0.31509492397308375,21.09621925354004,0.017333348592122398,1294.1701964240642,631.9282774425398,10.098541641235357,3.089675690121362
2022-06-17,33.5500030517578,27.1156692504883,21.5559978485107,57.320316314697294,86.8741989135742,30.658809661865195,16.7295761108398,4.28093099594116,0.276712656021118,24.0030994415283,0.004999923830231,7.883936993020189,23.037766647338863,59.1056884765625,11.17235565185546,13.803541946411121,0.3087507843971256,21.4352882385254,0.017333348592122398,1361.6630586533524,660.3497727079312,9.234224700927742,7.469544268377039
2022-06-20,26.9120063781738,20.6183338165283,13.493992805481,41.4103240966797,60.24468231201169,23.0579414367676,6.0825629234314,0.0,0.235833525657654,19.5233459472656,0.0,7.176458844243225,24.18635063171386,61.508162689208994,12.028541851043693,15.53129310607908,0.3069443225860598,22.27941398620606,0.0183333333581686,1487.6579895137088,739.8535090879545,8.655057525634781,7.883936993020189
2022-06-22,22.0240097045898,19.9598388671875,17.871997833252,76.3708801269531,88.1057281494141,62.07656097412111,15.5351638793945,20.0000762939453,0.237282648682594,20.5720329284668,0.0658334145943324,4.323842985600199,23.4227668762207,57.001010894775405,6.022926616668693,13.51564054489134,0.2985691964626314,21.72763633728028,0.0009999847660462,1335.1213898972405,343.31290569516494,9.907126331329358,7.176458844243225
2022-06-24,27.9559993743897,22.3757476806641,16.3039951324463,71.5286636352539,93.2372589111328,46.946739196777294,16.4376640319824,20.2229232788086,0.252929449081421,20.7522048950195,0.0,4.770566874174682,23.093518447875983,61.61839218139647,10.022941875457752,14.398124599456759,0.27896385490894315,21.69406394958496,0.01416666768491268,1422.9854765695368,617.5975632932973,8.695393848419224,4.323842985600199
2022-06-27,26.7240028381348,23.6729965209961,20.8439979553223,78.6973876953125,94.2743225097656,64.891960144043,19.6452484130859,45.219688415527294,0.253680318593979,23.6850395202637,0.244999945163727,3.1891396277431943,22.59781761169434,61.600914764404294,8.900786113739013,13.902641201019259,0.26053636372089384,21.38008079528808,0.01416666768491268,1392.0462365595372,548.2965667286303,8.69517641067508,4.770566874174682
2022-06-29,29.7560043334961,24.1317520141602,16.9579925537109,54.2708358764648,83.9263000488281,32.115119934082,13.2542362213135,1.57072842121124,0.256621211767197,22.3706245422363,0.0,6.725293183676036,22.74851722717286,65.0655143737793,17.94472379684447,14.886043071746801,0.2512877196073532,21.70714454650878,0.06316665671765807,1480.1439746267818,1167.5826841370833,7.86247415542606,3.1891396277431943
2022-07-01,33.6500053405762,27.1220016479492,21.4359931945801,67.9745178222656,90.392204284668,39.0587158203125,20.1254119873047,12.4154357910156,0.234529495239258,25.3870429992676,0.128334164619446,11.433540841350686,22.15173377990724,64.45561828613282,17.402683281898486,14.190975093841539,0.247269430756569,21.38064956665038,0.06216667195161187,1427.8036968937352,1121.700710772514,7.9607586860657005,6.725293183676036
2022-07-04,30.098003387451197,24.9689979553223,18.4119892120361,40.4988632202148,58.078464508056605,26.0367527008057,9.88639640808106,0.0,0.24663022160530101,24.4441471099854,0.0,9.864083820662769,23.45246734619142,69.76845703124998,19.885770440101606,16.9995449066162,0.2470086246728898,22.55338897705078,0.08783350487550108,1636.2424603195493,1387.3995204835298,6.452922439575218,11.433540841350686
2022-07-06,30.1940040588379,26.829420089721697,23.121997833252,64.7624206542969,91.8296737670898,44.8987884521484,19.0509948730469,1.17262411117554,0.244648590683937,25.516963958740195,0.0,12.107083569137897,24.45429916381838,62.59405364990232,15.885755181312547,15.869791412353512,0.2488781392574312,23.327811813354497,0.0746668219566346,1530.6937138308092,994.3538120882913,8.584507751464868,9.864083820662769
2022-07-07,26.7060050964355,24.154499053955096,21.1219959259033,70.9783630371094,84.5939559936523,61.46475982666019,18.4705791473389,27.5000247955322,0.237941950559616,24.3307266235352,0.0641668935616811,7.97180013205056,25.3450336456299,61.24080505371093,12.075695347785935,16.39245758056641,0.2472219675779344,24.28076362609864,0.0746668219566346,1552.150264571765,739.5253046817625,8.95257606506349,12.107083569137897
2022-07-08,29.304002761840803,24.6508331298828,19.581995010376,72.2422637939453,91.0135879516602,52.3623199462891,19.0139961242676,17.5008087158203,0.235258668661118,23.8883514404297,0.0250001276532809,20.09036030937558,25.441334152221696,59.6970001220703,8.531762623786916,16.15752372741701,0.24407429397106178,24.40990104675294,0.038500211636225426,1518.7713279908098,509.3206343936823,9.283810424804685,7.97180013205056
2022-07-11,30.392007827758803,24.1171684265137,17.2119903564453,56.6145133972168,84.3758239746094,34.9247360229492,14.0734882354736,0.0,0.213118702173233,23.5533447265625,0.0,18.82632679368671,25.545150375366216,63.29128570556641,11.717778682708728,17.30947570800783,0.23980178534984603,24.71344642639162,0.0435002371668816,1616.7854107989601,741.6332784419137,8.235674667358385,20.09036030937558
2022-07-13,33.4220085144043,28.2642478942871,22.9459953308105,52.8288803100586,85.2962188720703,31.9355621337891,16.6665687561035,0.0,0.20347535610199,26.8481178283691,0.0,24.765782399547295,24.944183731079118,61.01928482055664,9.234691524505608,16.099090957641614,0.235519626736641,24.3467067718506,0.017833404242992405,1522.076251703012,563.4942723637881,8.845092773437504,18.82632679368671
2022-07-14,32.1760025024414,27.2969970703125,22.3479919433594,54.1690330505371,80.0232391357422,35.7105293273926,16.5099868774414,0.0,0.198448687791824,26.5904998779297,0.0,13.132386578004152,25.603233718872076,63.4852882385254,9.234691524505608,17.4551254272461,0.2268886536359788,24.82750091552734,0.017833404242992405,1625.4286724809263,586.2670532271061,8.148108291625977,24.765782399547295
2022-07-15,29.6680145263672,25.5763339996338,21.6839942932129,52.6614685058594,78.4475708007813,37.3491668701172,14.719564437866202,0.0,0.195262044668198,25.8506107330322,0.0,16.882831069609495,25.69674911499024,61.36661071777344,9.000166702270501,16.946923828125,0.2176486730575562,25.04220809936524,0.017833404242992405,1576.9223996518951,552.3097264133006,8.749825286865239,13.132386578004152
2022-07-18,30.5600070953369,26.6585845947266,24.1199951171875,79.8037261962891,89.8782119750977,62.4060974121094,22.75807762146,33.5363464355469,0.296601086854935,25.3710517883301,0.44583384195963505,20.304711375212232,25.981116104125977,57.70323181152344,3.5001617431640595,16.19672088623046,0.2091126918792726,25.34618492126464,0.005000025530656186,1499.194365278486,201.9706444436217,9.784395217895518,16.882831069609495
2022-07-20,35.0620040893555,29.7200012207031,23.9279937744141,57.346405029296896,77.3931884765625,39.3726768493652,19.9014110565186,0.0,0.28351366519928,27.8315124511719,0.0,46.64834465195241,26.382666397094745,59.215524291992196,6.707269287109381,16.94553718566894,0.22138117551803602,25.64272499084472,0.08916676839192701,1562.26342292469,397.17446740375874,9.437129211425805,20.304711375212232
2022-07-21,33.9960021972656,29.6727485656738,25.6119956970215,66.3925094604492,82.8923492431641,50.322269439697294,22.5054931640625,20.8333339691162,0.276923596858978,28.1737422943115,0.273332973321279,32.25445199019051,27.503232955932624,59.36190261840822,6.707269287109381,18.111121749877938,0.2354601681232454,26.498358535766602,0.08916676839192701,1632.6442364214681,398.1562662568274,9.392111206054686,46.64834465195241
2022-07-22,34.302001953125,29.593914031982404,25.147991180419904,53.047794342040994,71.5848693847656,32.9846076965332,18.3641567230225,0.0,0.278195232152939,28.2735252380371,0.0,52.70058715336731,27.78493309020996,62.07462844848635,10.87393608093262,19.278906631469738,0.25014981627464306,26.763483428955077,0.14383336305618283,1724.739398040837,674.9955419964822,8.506026458740223,32.25445199019051
2022-07-25,31.390007019043,28.3033313751221,25.9959945678711,74.0517578125,85.6440124511719,56.8718223571777,23.1520805358887,12.5,0.259188592433929,28.3933525085449,0.157499819993973,33.18887159655415,28.24431648254394,61.85038070678712,10.87393608093262,19.64974060058596,0.26609912514686596,27.10008850097656,0.14383336305618283,1746.9217272483252,672.5570863869513,8.59457588195798,52.70058715336731
2022-07-27,29.4480056762695,25.3275833129883,20.1899909973145,63.2658157348633,83.7809066772461,43.939109802246094,17.4556579589844,0.0,0.254046976566315,25.201913833618203,0.0,50.72772354272783,28.7897159576416,66.12843856811523,13.37393608093262,21.33624382019046,0.27888443470001223,27.6086368560791,0.17533332705497742,1903.8189630983893,884.3975105418524,7.45347213745114,33.18887159655415
2022-07-29,29.908002853393597,26.5399150848389,23.1839942932129,68.3337631225586,85.0267181396484,50.0418548583984,19.9894943237305,0.0,0.259652018547058,26.2008647918701,0.0,57.218913884172785,28.523515701293938,62.82085647583008,6.666666793823239,20.27575988769534,0.2703736126422882,27.574809265136718,0.0861665586630504,1791.871686057072,418.805717826952,8.247755813598598,50.72772354272783
2022-08-01,24.935998916626,22.3143291473389,19.6119956970215,81.8919219970703,93.1423110961914,71.8862991333008,19.0050792694092,28.3332824707031,0.309165388345718,23.868404388427695,0.41583287715911893,72.02645727221277,27.8874984741211,65.01832809448243,6.666666793823239,20.29337654113772,0.2656012833118438,27.248679733276354,0.0861665586630504,1813.1985255247837,433.4555288973906,7.594121932983377,57.218913884172785
2022-08-02,33.0060043334961,27.0369148254395,21.359992980957,66.218017578125,89.1984405517578,42.1221923828125,19.5852451324463,0.0,0.299685329198837,25.3166694641113,0.0,105.20865874363331,26.415814590454126,68.11821060180662,8.16665649414062,19.59329376220706,0.2720496416091918,26.3876121520996,0.11466653943061837,1799.3980214908304,556.2980269804825,6.822520828247065,72.02645727221277
2022-08-03,32.3540077209473,27.356332778930703,22.359992980957,56.3701171875,73.2083587646484,37.1640434265137,17.4213218688965,0.0,0.27579528093338,26.708087921142596,0.0,155.9371038483308,25.90441474914554,70.75225524902343,8.16665649414062,19.83751144409182,0.2763476610183714,25.79624099731444,0.11466653943061837,1832.7957644081127,577.8093648045319,6.066903305053721,105.20865874363331
2022-08-08,34.1580047607422,29.7391662597656,25.7559967041016,68.4493942260742,85.5884170532227,48.5810699462891,22.9963302612305,5.55409336090088,0.243398696184158,28.6464347839355,0.028333410620689402,161.66061827956972,25.71501502990726,67.21592712402344,5.66665649414062,18.69135971069338,0.2796689987182616,25.45918807983398,0.08316657543182379,1728.4585762434137,380.88956994703005,7.02365531921388,155.9371038483308
2022-08-15,27.1760101318359,22.7320823669434,18.299991607666,58.17403411865231,77.6041564941406,40.586769104003906,13.663572311401401,2.50002527236938,0.194402039051056,23.1253128051758,0.0075000766664743,147.78689869835884,26.597331619262718,68.25264282226563,6.777475166320796,19.7994941711426,0.27753934264183017,26.14809226989744,0.08883325755596166,1815.3381750348901,462.5805917636686,6.7978374481201165,161.66061827956972
2023-05-22,24.4140129089355,17.8411693572998,13.2699937820435,63.725368499755895,81.4748840332031,41.4184455871582,10.408992767334,0.0,0.296286702156067,16.5387153625488,0.0,0.0,25.835765075683618,66.22069702148437,7.277480220794672,18.53430976867678,0.2644893467426298,25.532981872558576,0.09033327288925652,1710.862371395092,481.91981278108915,7.301455307006837,147.78689869835884
2023-05-23,19.9240131378174,15.549999237060499,11.36399269104,66.6330337524414,91.7925720214844,45.0287017822266,8.81882858276367,2.79328608512878,0.28430837392807,15.980953216552699,0.0,0.12451502861095393,24.9411331176758,62.58738632202149,1.610823726654052,16.81509246826174,0.2619136095046996,24.067044067382803,0.00716669745743274,1561.0003337449396,100.81724687677549,8.126040649414062,0.0
2023-05-25,20.7520046234131,15.7569160461426,10.9759960174561,48.3628692626953,69.1689834594727,30.723096847534197,4.24840641021729,0.0,0.262050032615662,16.3060035705566,0.0,0.1921406338426711,22.64375,62.670389556884764,2.169480943679808,14.661809158325216,0.2588382184505462,22.19990081787108,0.00716669745743274,1419.0926335287095,135.96221587665156,7.981940841674785,0.12451502861095393
2023-05-27,25.1420135498047,18.3700866699219,11.1679916381836,45.3879241943359,69.3884887695313,26.4026985168457,5.38506317138672,0.0,0.230849221348763,17.1912612915039,0.0,0.690694365842923,20.32386665344238,61.068939971923825,2.169480943679808,12.027226066589373,0.25608916878700266,20.11948394775388,0.00716669745743274,1241.156992656457,132.48790151981487,8.296640586853007,0.1921406338426711
2023-05-29,25.2440147399902,19.4181690216064,15.001996994018603,57.8180389404297,82.4830474853516,40.5977020263672,10.3602390289307,0.344533115625381,0.215729266405106,18.7397060394287,0.0,1.1078012010312528,18.05005073547364,56.45664596557616,1.058662271499632,8.504972648620617,0.2535792738199236,17.82844924926756,0.00150001533329486,1019.0453240333228,59.7685210591674,9.545078086853023,0.690694365842923
2023-05-31,23.852014541626,16.9993362426758,9.66598892211914,64.599006652832,92.7210922241211,35.8511848449707,9.2160701751709,2.06212592124939,0.21053259074688,16.6657257080078,0.0,1.0423976608187138,17.38726806640624,56.38544692993164,0.6275638401508322,7.844305992126476,0.25784471929073366,16.951327896118137,0.0,980.3888808148441,35.385467603968856,9.542962074279764,1.1078012010312528
2023-06-01,28.7660179138184,21.1174221038818,13.0659885406494,62.22273635864261,92.0383758544922,35.1334114074707,12.5027332305908,20.3681526184082,0.206369310617447,18.9634914398193,0.0,1.1538310381688992,17.21890144348144,56.56017456054686,1.0399890244007104,7.6057214736938565,0.24069389700889623,16.97672996520994,0.0,973.9040713841625,58.82196076115701,9.613179969787582,1.0423976608187138
2023-06-04,22.1660118103027,16.1310844421387,10.1459941864014,56.1124076843262,78.16357421875,33.5546569824219,6.72982215881348,0.0,0.20217102766037,16.7257690429688,0.0,1.3902738477016916,18.3323860168457,55.67811508178711,4.554962331056594,8.342502403259282,0.2251060843467716,17.57323760986326,0.0,1020.7126983696797,253.61171686177434,9.989883613586418,1.1538310381688992
2023-06-06,26.3600082397461,19.8029174804688,14.289995193481397,44.4833450317383,57.1945190429688,29.576869964599595,6.97481632232666,5.83330726623535,0.20142850279808,18.5531463623047,0.0474999745686849,1.0309202666163615,18.40721969604492,57.228022766113284,4.554962331056594,8.838785552978521,0.2131302833557132,17.6571907043457,0.0,1053.4087878261075,260.6714879804952,9.568434143066398,1.3902738477016916
2023-06-08,22.6380043029785,17.2329978942871,11.3259868621826,51.3733062744141,74.580696105957,30.145885467529304,6.46565055847168,0.0,0.208277732133865,17.2069931030273,0.0,0.5997453310696091,18.693785858154303,57.04710693359376,5.721623784303664,9.15673618316651,0.20724613964557662,17.929567718505858,0.00949999491373698,1066.4264008438313,326.4020838569645,9.537049674987793,1.0309202666163615
2023-06-09,22.5800037384033,18.0209980010986,13.6719932556152,52.3690071105957,70.7702484130859,34.2470283508301,7.62581825256348,0.0,0.205624386668205,17.8432350158691,0.0,0.5653155065082064,18.25675163269044,55.75816040039065,5.652717161178588,8.377818489074704,0.20575583279132842,17.62302513122558,0.00949999491373698,1017.9628859256476,315.18511017103657,9.878933143615738,0.5997453310696091
2023-06-12,25.6540126800537,22.3420028686523,20.0020008087158,76.1571960449219,94.423942565918,61.3745040893555,17.7414951324463,31.9297103881836,0.207267761230469,22.004711151123,0.237500389417013,0.635409199522103,18.461083984375,53.31216049194338,5.2402919769287095,8.05976810455322,0.20477419197559338,17.85852699279784,0.00949999491373698,984.2002722302457,279.3712868986666,10.401315879821782,0.5653155065082064
2023-06-14,24.8740005493164,19.6901626586914,16.4579925537109,68.3829879760742,87.6157531738281,47.2079849243164,13.5036602020264,23.6179084777832,0.257969379425049,19.5997924804688,0.428332289059957,1.2071417342639754,18.706000137329102,56.09905242919924,7.552603530883789,9.107520484924319,0.20495388209819781,18.46677093505858,0.057000072797139575,1049.3888824446335,423.693901456005,9.598479652404784,0.635409199522103
2023-06-16,23.6960029602051,19.3556632995605,15.657991409301802,72.8013610839844,87.8389739990234,50.5579986572266,14.1049919128418,22.0113220214844,0.276836782693863,19.1085529327393,0.155833313862483,11.817398446833929,19.41781578063964,58.55316848754884,12.276185226440429,10.462288093566904,0.2161135524511336,19.041575622558582,0.14266653060913098,1136.9746390639775,718.8095419481243,8.955527687072735,1.2071417342639754
2023-06-19,26.6960144042969,21.3310871124268,16.2279930114746,68.8527603149414,84.7249298095703,49.3080978393555,15.1131591796875,3.33328223228455,0.250570118427277,20.4905891418457,0.0066665653139352,22.612743664717332,19.32836494445798,64.21677169799806,15.51178817749024,11.888323211669931,0.23119520843029023,19.152656936645503,0.16433319846789057,1241.205198933847,996.1169600215961,7.44004173278805,11.817398446833929
2023-06-21,20.6000022888184,18.4071655273438,16.0999946594238,70.1234970092773,82.2206420898438,59.54863739013669,12.7488269805908,12.5,0.23535093665123,18.8430213928223,0.030000050862630204,27.50794897189209,20.14798278808592,67.71266250610351,16.17844462394715,13.617824935913095,0.2396536856889726,19.80937614440918,0.16566651153067763,1364.2735587084444,1095.4855606950182,6.530157852172824,22.612743664717332
2023-06-23,22.2619972229004,20.1874160766602,17.5259971618652,89.5346221923828,94.2447662353516,84.1963043212891,18.3970012664795,59.653812408447294,0.265627712011337,19.1046295166016,0.280834078788757,19.672510689806938,20.22521629333496,71.26356048583985,18.67844462394715,14.642426681518561,0.2455989956855776,20.009333419799823,0.17166652170320368,1441.3209246592694,1331.0924682400678,5.582789611816398,27.50794897189209
2023-06-26,28.4700088500977,23.9254989624023,20.5999984741211,82.3548889160156,95.7437591552734,64.5477142333984,20.5523357391357,70.8334579467773,0.385142683982849,22.7183952331543,0.811667124430339,92.39323633905559,19.79429893493654,73.93904571533201,24.22326502799989,14.773527908325201,0.2572709858417512,19.42931709289554,0.18033325957755247,1463.5715738532206,1791.045100279887,5.020771026611337,19.672510689806938
2023-06-28,26.6439990997314,22.5619945526123,18.5419940948486,78.209228515625,95.8631744384766,59.5645713806152,18.3339958190918,28.84912109375,0.412192761898041,21.8044242858887,0.0350001007318497,154.69135147456456,20.64136619567872,76.7334259033203,33.666374921798706,16.18326301574706,0.2827056467533112,20.05303764343264,0.25700022665162886,1583.8827435194135,2583.3362854952416,4.458103179931662,92.39323633905559
2023-06-30,28.4320049285889,23.7485828399658,18.7819900512695,68.1222076416016,91.0321502685547,45.7874298095703,17.0022430419922,4.63418579101563,0.371972680091858,22.1732845306397,0.0,196.2385249638432,21.282632446289078,77.81499938964842,35.03393473625182,17.02906379699706,0.30977684259414684,20.592211914062524,0.2328335840255022,1656.1080308180963,2726.165610118418,4.253568649292017,154.69135147456456
2023-07-03,31.4820022583008,26.5146675109863,22.593994140625,78.6084594726563,93.1192779541016,56.2531204223633,22.2661666870117,41.5741653442383,0.402007699012756,24.6634769439697,0.312499245007833,154.4728023014526,21.76613159179688,77.66888885498047,35.29411544799804,17.406880569458004,0.334057354927063,20.928750991821325,0.23150027096271514,1690.551255406151,2741.254729965409,4.359251022338878,196.2385249638432
2023-07-07,30.672008514404304,26.3365859985352,23.14599609375,76.8800354003906,91.6504516601563,57.0459136962891,21.7115783691406,18.5282115936279,0.345058530569077,25.5102958679199,0.0166666669150194,528.7161109539079,23.387631988525378,79.36588134765626,41.1089485168457,19.31034851074218,0.3673887073993682,22.092842102050803,0.2880001097917557,1856.1800254039551,3262.6479303148853,4.077283477783197,154.4728023014526
2023-07-10,29.643999099731403,24.5320777893066,21.3419952392578,73.7558670043945,94.2222900390625,51.5299453735352,19.161413192749,18.3719520568848,0.390033632516861,24.0065650939941,0.14249978462855,682.3528477331325,24.61746597290038,76.83496398925783,32.883828353881825,19.973263931274403,0.38327487111091624,23.373975372314458,0.2351666274170082,1891.4821115345806,2526.6277673994455,4.644202041625977,528.7161109539079
2023-07-13,33.0500030517578,28.3425827026367,22.6039924621582,63.162769317627,85.2954635620117,43.9393157958984,20.180492401123,2.50002527236938,0.313298553228378,26.1282424926758,0.002500025400271,649.0932654216188,24.73878173828124,75.11515960693359,22.391527175903327,19.695079421997058,0.3842530608177186,23.63160934448242,0.1013331594566504,1858.2575387520892,1681.9431376609693,5.0437023162841825,682.3528477331325
2023-07-14,29.676002502441396,26.2914962768555,23.7999954223633,75.9333038330078,86.5476837158203,61.0036697387695,21.6267471313477,48.4274711608887,0.3377125859260561,25.855354309082,0.371666312217712,947.4980498962456,25.894899368286122,72.10586776733399,17.1217080116272,20.0643787384033,0.364474219083786,24.49637298583984,0.09483314439033468,1867.1741896980595,1234.5756138372938,5.830520629882823,649.0932654216188
2023-07-17,31.7800025939941,26.9063301086426,22.0799942016602,71.2951736450195,97.7204437255859,43.535400390625,20.5495796203613,24.5347328186035,0.412744402885437,25.544994354248,0.0,884.721117084827,26.403482055664064,73.66808700561523,25.880365085601817,20.9892795562744,0.35762220025062563,25.232786941528303,0.1691664068338771,1945.094013327861,1906.5569868632015,5.414202499389663,947.4980498962456
2023-07-20,29.0579986572266,24.7857475280762,20.2719879150391,74.4693908691406,95.9768676757813,51.6945114135742,19.4872455596924,15.7608985900879,0.40889021754264804,23.786624908447305,0.0066666919738054,833.5964016223361,26.481814575195322,72.20542984008789,22.472478580474853,20.64596214294432,0.35976954102516184,25.409090423583958,0.1066665578323105,1912.1308043474826,1622.6349754753548,5.835852432251002,884.721117084827
2023-07-21,28.5419998168945,24.3259086608887,20.2979927062988,80.3754043579102,95.23001098632808,61.0203971862793,20.5619964599609,53.4918060302734,0.426001131534576,23.1984939575195,1.07333548863729,1230.0810177325036,26.17164688110352,71.72330093383788,21.919015979766854,20.20109558105468,0.372535878419876,25.06435623168944,0.10466656284406768,1877.1169051875272,1572.1041792904193,5.9705513000488395,833.5964016223361
