date,maxAT,meanAT,minAT,meanRH,maxRH,minRH,meanDP,meanLW,meanSM,meanST,meanRF
2020-07-01,26.0640029907227,22.6574153900147,19.399995803833,79.1431427001953,93.0226898193359,60.4668502807617,18.6709117889404,45.6421356201172,0.302166640758514,22.9147262573242,0.2841668526331580
2020-07-02,32.6620025634766,26.4390029907227,18.9399967193604,60.7105865478516,92.8538970947266,34.2081451416016,17.2556552886963,0.0,0.306643426418304,24.2740020751953,0.0
2020-07-03,33.3720207214356,27.7921714782715,22.0739974975586,60.658546447753900,94.2671813964844,38.5395736694336,18.8777370452881,18.3334350585938,0.286912530660629,26.262035369873,0.12916717926661200
2020-07-04,30.8280067443848,25.1386699676514,21.0579986572266,72.3890151977539,94.2418975830078,48.0219268798828,19.320161819458,6.66669178009033,0.291904896497726,25.069091796875,0.011666615804036500
2020-07-05,34.5560111999512,27.8232536315918,21.3079967498779,59.3554458618164,89.6938018798828,21.7894744873047,17.5876502990723,0.0,0.274559140205383,26.0622138977051,0.0
2020-07-06,34.2100143432617,26.2490844726563,21.1739978790283,69.9585723876953,91.6566696166992,36.8422241210938,19.684741973877,29.1666660308838,0.279650837182999,26.2457656860352,0.5450002352396650
2020-07-07,28.7640075683594,24.9004173278809,20.9319953918457,77.0637054443359,92.0030670166016,59.745719909668,20.3928318023682,23.3332290649414,0.32954752445221,25.2245140075684,0.04999949038028720
2020-07-08,30.3400058746338,26.4310855865479,23.3499946594238,73.7093200683594,88.3850708007813,54.1110305786133,21.1120796203613,15.0000247955322,0.31144580245018,25.785701751709,0.03249995162089670
2020-05-19,18.9200038909912,15.1820821762085,12.0599975585938,44.7592086791992,72.7417373657227,28.1179618835449,2.48615789413452,0.0,0.333139330148697,14.4630126953125,0.0
2020-05-20,17.0500049591064,13.0093326568604,8.7919921875,45.5058250427246,67.1355056762695,30.3586959838867,1.04140710830688,0.0,0.317481815814972,13.1257019042969,0.0
2020-05-21,20.4800148010254,14.0473337173462,6.65798950195313,65.1643447875977,85.2964630126953,43.4723014831543,7.13382816314697,0.0,0.305488467216492,12.9080009460449,0.0
2020-05-22,23.732006072998,18.1597518920898,12.3439931869507,78.3192291259766,92.7935333251953,56.8187637329102,14.1609992980957,42.0192947387695,0.307249307632446,15.6848249435425,0.1058338185151420
2020-05-23,19.8100032806397,17.5808353424072,13.9539995193481,85.4449844360352,95.2095260620117,69.7645645141602,15.042085647583,65.0000228881836,0.360257595777512,16.4991645812988,0.39999886353810600
2020-05-24,18.6260032653809,15.2394189834595,12.0139989852905,66.6192092895508,81.9418334960938,60.114471435546900,9.0075798034668,0.0,0.361705929040909,15.2378540039063,0.0
2020-05-25,21.9520130157471,17.014253616333,13.5899982452393,78.5263977050781,90.4710845947266,62.8523101806641,13.1195840835571,7.1742434501648,0.348490118980408,16.1452121734619,0.0
2020-05-26,25.4640159606934,19.6259212493897,14.5179996490479,77.6149597167969,94.7188873291016,57.878074645996100,15.2735023498535,30.0018157958984,0.338025122880936,17.9070129394531,0.0
2020-05-27,25.8520088195801,20.2963371276855,16.0839996337891,80.4380035400391,94.363037109375,58.7789306640625,16.5788345336914,14.9694309234619,0.328306764364243,18.7269287109375,0.0
2020-05-28,25.108003616333,21.9210872650147,19.0340023040772,85.8570251464844,92.2080383300781,76.0341339111328,19.3938369750977,64.6046524047852,0.330839216709137,19.6954975128174,0.1658331553141280
2020-05-29,28.8340072631836,24.0827484130859,20.8760032653809,81.5900573730469,94.0824432373047,60.4883689880371,20.5842514038086,42.007942199707,0.352296769618988,20.9905643463135,0.2141671578089400
2020-05-30,27.8419990539551,23.2399139404297,19.9459934234619,59.7453079223633,90.6465377807617,35.7979736328125,14.0880794525146,5.0000505447387700,0.355406910181046,21.4988288879395,0.01000010160108410
2020-05-31,21.2600002288818,17.6340808868408,13.3659934997559,41.0587310791016,57.1046600341797,28.9045639038086,3.83240413665772,0.0,0.326520979404449,18.2736415863037,0.0
2020-06-01,21.0939979553223,16.0777454376221,10.0439901351929,41.5672836303711,54.4279327392578,30.7790870666504,2.71557140350342,2.50002527236938,0.307255983352661,15.700704574585,0.0025000254002710200
2020-06-02,23.0240020751953,18.9011631011963,13.6799926757813,47.9756622314453,60.4543228149414,29.4962062835693,7.25007343292236,2.50002527236938,0.290280073881149,17.0788707733154,0.0050000508005420300
2020-06-03,27.10400390625,21.85325050354,16.4839954376221,74.0686264038086,90.0240631103516,61.1693801879883,16.9086666107178,28.4419822692871,0.307415992021561,19.5022373199463,0.307500958442688
2020-06-04,32.4699974060059,24.8801727294922,18.3519973754883,64.7146453857422,90.9062194824219,29.4322738647461,16.7704124450684,14.2425861358643,0.320604383945465,22.3801307678223,0.01000010160108410
2020-06-05,26.7439975738525,23.1074142456055,20.7800006866455,84.4837341308594,92.5049362182617,68.4930419921875,20.2586669921875,80.076286315918,0.368651002645493,21.9815101623535,1.1458335717519100
2020-06-06,30.4900054931641,25.2168312072754,20.7579975128174,67.2690582275391,93.3352966308594,43.7659301757813,17.9589138031006,22.7510833740234,0.399030208587647,22.8528442382813,0.15166664123535200
2020-06-07,24.1499996185303,20.8923301696777,17.0859928131104,49.9118385314941,64.5884552001953,40.1527404785156,9.82474327087402,0.0,0.366926789283752,20.6034545898438,0.0
2020-06-08,25.6760025024414,20.4604949951172,14.3239917755127,51.2895431518555,71.2987594604492,34.2542610168457,9.58007621765137,0.0,0.341920137405396,19.5027256011963,0.0
2020-06-09,30.9420051574707,24.140998840332,15.671989440918,56.0779533386231,80.1191940307617,37.5457916259766,14.1981611251831,0.0,0.321023464202881,21.1645774841309,0.0
2020-06-10,31.1820087432861,26.240837097168,20.8079967498779,69.9168319702148,84.17919921875,54.6266479492188,20.1098308563232,3.70492124557495,0.30531919002533,23.7174644470215,0.0025000254002710200
2020-06-11,25.7119979858398,24.1506652832031,21.8699951171875,81.6750335693359,93.707878112793,72.6379547119141,20.7830810546875,40.4482650756836,0.336587607860565,23.2242393493652,0.5016662279764810
2020-06-12,29.0559978485107,24.4547462463379,19.3179950714111,54.001251220703100,90.6618041992188,29.0187339782715,13.5084095001221,0.359341561794281,0.3504558801651,22.9142112731934,0.0
2020-06-13,23.3979988098145,19.3681640625,15.4339942932129,44.7583618164063,60.9548149108887,33.5196990966797,6.74723720550537,0.0,0.322254180908203,20.2992095947266,0.0
2020-06-14,22.5180053710938,17.3806648254395,11.4999923706055,52.1890068054199,71.6492691040039,40.6549758911133,7.230237483978270,0.0,0.303077518939972,18.285717010498,0.0
2020-06-15,22.7840099334717,18.437084197998,13.707989692688,63.6139068603516,84.354248046875,43.8854217529297,11.0022411346436,0.0,0.290397524833679,18.4069442749023,0.0
2020-06-16,23.7080078125,19.2937507629395,13.8579902648926,61.1648101806641,82.0255279541016,41.1844482421875,11.0925750732422,0.0,0.278873354196548,18.7906112670898,0.0
2020-06-17,22.8840065002441,19.2656669616699,15.0139923095703,74.7485656738281,88.2357788085938,60.5028038024902,14.5483312606812,1.66664111614227,0.268661677837372,18.6891288757324,0.0016666413284838200
2020-06-18,24.5360069274902,20.4643325805664,17.6779975891113,86.4511108398438,93.5535888671875,73.9534301757813,18.0795822143555,33.3034934997559,0.276000022888184,19.4729461669922,0.12333335479100500
2020-06-19,28.138011932373,23.2013359069824,18.8619956970215,72.894775390625,94.8706512451172,53.4743728637695,17.643575668335,21.6475372314453,0.27631750702858,21.5468044281006,0.0033332826569676400
2020-06-20,28.986011505127,23.6468315124512,19.5479965209961,76.7184753417969,88.2694702148438,54.5407371520996,19.1184978485107,29.2325820922852,0.281361728906631,22.2876529693604,0.20666656891504900
2020-06-21,29.7460098266602,24.2554168701172,19.5359954833984,75.8159255981445,90.2192077636719,55.152473449707,19.4326629638672,33.9847984313965,0.296309232711792,23.0364589691162,0.09750060240427650
2020-06-22,31.5540065765381,26.1849174499512,20.8839950561523,70.3571166992188,88.9782409667969,52.0815887451172,20.0250778198242,11.8580198287964,0.293266832828522,24.4014205932617,0.03666674097379050
2020-06-23,31.716007232666,26.6629180908203,21.6999950408936,69.8047332763672,87.328857421875,50.2442436218262,20.423828125,4.16666650772095,0.280437648296356,24.972110748291,0.0074999493857224700
2020-06-24,29.6040000915527,26.0388298034668,22.0279903411865,57.4766464233398,83.1834259033203,31.635721206665,16.0407409667969,8.3333330154419,0.278306931257248,25.1990737915039,0.11166712641716000
2020-06-25,29.0020065307617,24.286413192749,20.1239891052246,56.0265045166016,78.3955535888672,32.974609375,14.3187370300293,3.33328223228455,0.264434397220612,23.6264533996582,0.009999847660462060
2020-06-26,30.5000038146973,24.8935794830322,19.2179908752441,54.4916152954102,86.1094055175781,29.5250205993652,13.9745712280273,0.0,0.25404691696167,23.5219879150391,0.0
2020-06-27,29.2140007019043,24.6727485656738,20.3579902648926,68.7499237060547,83.265510559082,49.8986206054688,18.3659934997559,25.0,0.25557017326355,23.2775459289551,0.22833279768625900
2020-06-28,32.2000045776367,26.3761692047119,21.8239974975586,68.0534591674805,85.3772888183594,42.405311584472700,19.5185794830322,9.99997425079346,0.273482590913773,24.9881858825684,0.07416661580403650
2020-06-29,31.276008605957,25.7661666870117,21.3959980010986,61.660953521728500,86.7492523193359,35.2858352661133,17.1939067840576,4.16666650772095,0.268739223480225,24.966983795166,0.02416636049747470
2020-06-30,27.4120082855225,22.8227500915527,19.7719974517822,73.3775024414063,92.42529296875,50.6027565002441,17.506326675415,15.8332824707031,0.267552554607391,23.4103260040283,0.22083179155985500
2021-05-24,21.1140022277832,17.1191673278809,14.8519992828369,51.8916625976563,63.3054275512695,44.8767852783203,7.07365846633911,0.0,0.240255177021027,19.1220626831055,0.0
2021-05-25,24.0920028686523,18.9629173278809,14.4139976501465,58.8673400878906,75.2578582763672,51.9319801330566,10.6581602096558,0.0,0.236741036176682,18.1013793945313,0.0
2021-05-26,31.3840084075928,23.243335723877,17.7239952087402,75.1406478881836,94.6133499145508,49.337043762207,18.1984157562256,18.7668228149414,0.23981611430645,21.0402450561523,0.0858331024646759
2021-05-27,28.3720016479492,23.3262481689453,18.4679946899414,58.2448577880859,96.2139282226563,31.9473075866699,13.4808254241943,7.73731231689453,0.251912713050842,22.3095874786377,0.0
2021-05-28,18.5840015411377,14.7180805206299,9.7219934463501,65.6578521728516,91.5550308227539,44.8924407958984,7.87199306488037,45.8333320617676,0.280898600816727,17.6279850006104,1.1900002161661800
2021-05-29,10.32399559021,9.50924491882324,8.74799346923828,87.8005523681641,92.3513946533203,82.0893478393555,7.56774997711182,78.3332824707031,0.428157776594162,12.6425018310547,1.042500336964930
2021-05-30,10.855996131897,9.69382858276367,8.42599582672119,90.8936538696289,93.947021484375,85.3410186767578,8.26591491699219,65.6184158325195,0.443179428577423,11.0429019927979,0.5541668732961020
2021-05-31,22.0599975585938,15.1868333816528,9.71399688720703,70.5252151489258,91.6888122558594,39.9006080627441,9.29733371734619,3.10059142112732,0.428791970014572,13.3122787475586,0.0
2021-06-01,24.378002166748,18.5084171295166,11.3439912796021,65.1698913574219,90.1051864624023,37.8751754760742,11.1187515258789,16.2215404510498,0.407530307769775,15.8443441390991,0.0
2021-06-02,24.284008026123,19.7959175109863,14.7179946899414,66.2992477416992,85.4578399658203,52.7565078735352,13.1376667022705,0.0,0.389843612909317,18.1766510009766,0.0
2021-06-03,25.2280044555664,19.9147491455078,15.9639949798584,85.5484619140625,95.7460479736328,67.349967956543,17.3288345336914,65.7052307128906,0.403706938028336,18.2007293701172,0.2758331298828130
2021-06-04,24.8760070800781,21.4749164581299,18.705997467041,85.8617095947266,94.0977172851563,71.9773941040039,18.9306697845459,83.4444808959961,0.4155153632164,19.8214454650879,0.26500078042348200
2021-06-05,32.906005859375,25.6958351135254,17.721996307373,63.1484222412109,95.9401321411133,36.0789031982422,17.0667514801025,25.0,0.403353691101074,21.8047218322754,0.0
2021-06-06,32.9700088500977,27.6659202575684,21.7859954833984,57.2003173828125,77.6017379760742,37.9591369628906,17.9185028076172,0.0,0.377502828836441,24.2634963989258,0.0
2021-06-07,32.7800140380859,27.5371704101563,22.1439971923828,67.5363006591797,83.7227325439453,48.1564102172852,20.7177505493164,7.37495040893555,0.362770318984985,25.05859375,0.08249982198079430
2021-06-08,30.7919998168945,25.3783321380615,23.0419998168945,82.6919326782227,93.2660751342773,64.4043731689453,22.1016693115234,49.3743209838867,0.386307805776596,24.2677459716797,0.42500027020772300
2021-06-09,31.9480056762695,26.1688346862793,22.0859985351563,78.0868759155273,93.4849853515625,53.1024398803711,21.7370872497559,44.5076522827148,0.399872899055481,24.4073848724365,0.07833340764045720
2021-06-10,27.1180038452148,23.2954978942871,18.2439956665039,59.7355728149414,87.9898300170898,35.8420066833496,14.2727460861206,12.961030960083,0.379813671112061,23.2937698364258,0.0
2021-06-11,19.5279998779297,17.9444103240967,16.6199951171875,73.7214050292969,86.5531311035156,63.6751899719238,13.1052484512329,50.8333854675293,0.379787802696228,19.05517578125,0.43000133832295700
2021-06-12,21.2080020904541,19.0323314666748,16.9859962463379,75.9327850341797,89.4004669189453,62.8479537963867,14.5419158935547,10.1134700775146,0.402096152305603,18.8650035858154,0.043333436052004500
2021-06-13,23.8160018920898,20.3467483520508,16.5699939727783,70.6957626342773,82.7709197998047,61.1768646240234,14.7530002593994,2.50002527236938,0.383084535598755,19.4495964050293,0.0025000254002710200
2021-06-14,24.302001953125,21.0444145202637,18.3459968566895,80.8308715820313,92.4010009765625,72.0213088989258,17.5815830230713,70.0000762939453,0.397553682327271,19.8371276855469,0.35166676839192700
2021-06-15,26.507999420166,22.2835807800293,19.0039958953857,69.8831253051758,94.359619140625,45.3505401611328,15.9683294296265,26.5315055847168,0.400861144065857,21.1207847595215,0.0858324666817983
2021-06-16,24.9859981536865,20.804744720459,16.6799907684326,50.696159362793,71.9912414550781,30.3584671020508,9.45607948303223,0.0,0.374224424362183,20.1439914703369,0.0
2021-06-17,24.9959983825684,19.7474117279053,13.183988571167,47.6780242919922,73.5285339355469,30.1217193603516,7.60532855987549,0.0,0.353207767009735,18.9444770812988,0.0
2021-06-18,28.8080024719238,22.3089122772217,14.0739879608154,53.5867462158203,81.161865234375,31.015079498291,11.3868255615234,0.0,0.335021048784256,19.7369823455811,0.0
2021-06-19,31.0920028686523,24.3380012512207,19.8759956359863,70.0575942993164,90.8996734619141,46.9494476318359,18.1447486877441,34.0717315673828,0.322915196418762,22.4716300964355,0.10999997456868500
2021-06-20,30.5900077819824,24.8812503814697,18.0759925842285,73.3989639282227,93.9857482910156,53.3239555358887,19.4065818786621,28.480712890625,0.323521852493286,23.1026268005371,0.006666691973805430
2021-06-21,31.2140083312988,26.3804988861084,22.4359970092773,75.6193084716797,90.9533309936523,55.9558868408203,21.4947509765625,11.1901626586914,0.309429347515106,24.3184127807617,0.0
2021-06-22,24.1079959869385,19.9549102783203,14.6899948120117,85.9995422363281,92.4739685058594,74.0665969848633,17.515832901001,57.7194900512695,0.359103560447693,21.628288269043,0.7200001080830890
2021-06-23,24.015998840332,18.4915790557861,12.425989151001,56.6931953430176,76.6070251464844,34.7931137084961,9.04566478729248,0.0,0.375291049480438,18.4820404052734,0.0
2021-06-24,24.2460021972656,19.2005805969238,12.9079885482788,60.130374908447300,86.3389053344727,38.5251197814941,10.6011581420898,1.66664111614227,0.349411129951477,18.3495559692383,0.0
2021-06-25,26.7540054321289,21.1309986114502,14.9439859390259,66.9974212646484,90.8419952392578,44.0368499755859,14.2244033813477,2.01408910751343,0.32954940199852,19.8487243652344,0.0
2021-06-26,28.9880027770996,25.046745300293,20.6079940795898,79.3235321044922,93.253662109375,66.7450485229492,21.0995826721191,39.920230865478500,0.32821199297905,22.7042770385742,0.18416746457417800
2021-06-27,31.6640014648438,27.2153358459473,22.6539974212647,73.0149078369141,89.8912506103516,56.4563674926758,21.712833404541,2.22690033912659,0.336510390043259,24.5782127380371,0.0
2021-06-28,33.6980056762695,28.4444999694824,23.6939964294434,69.3347473144531,81.9059600830078,52.8425216674805,22.0909175872803,10.8333587646484,0.324519455432892,26.0068283081055,0.1499993602434790
2021-06-29,34.6740074157715,29.5840816497803,24.7239952087402,65.5752410888672,80.0839767456055,50.5729827880859,22.213415145874,6.66669178009033,0.322725176811218,27.0852470397949,0.024999871850013700
2021-06-30,36.0680046081543,29.6799983978272,25.0199928283691,65.6684265136719,86.0875701904297,39.179412841796900,22.0093269348145,6.78328943252564,0.304850995540619,27.4868640899658,0.0058333079020182300
2021-07-01,27.9999942779541,24.6389999389648,22.0219955444336,81.0803680419922,94.9778137207031,63.4809989929199,21.0244140625,39.1666412353516,0.324951857328415,25.4435291290283,0.6224994659423830
2021-07-02,25.1120014190674,22.2253341674805,18.3779945373535,86.405029296875,95.7772216796875,68.8462600708008,19.7388305664063,88.8227386474609,0.405693471431732,23.3491458892822,0.6866654555002850
2021-07-03,20.3460006713867,17.8644142150879,16.299991607666,88.4980010986328,96.4491958618164,72.4427185058594,15.8823299407959,54.5397186279297,0.426004350185394,19.9240188598633,0.6391629378000900
2021-07-04,25.5979995727539,21.1662445068359,15.9159908294678,73.7933502197266,93.6197357177734,51.1936912536621,15.8790855407715,17.5034160614014,0.409305989742279,20.3678245544434,0.015000025431315100
2021-07-05,29.515998840332,24.0399131774902,16.9299850463867,70.4578704833984,96.0002136230469,47.0660552978516,17.7860774993897,19.8134384155273,0.388935208320618,22.0226097106934,0.0
2021-07-06,34.810001373291,27.0321655273438,22.267993927002,70.2060699462891,90.3667068481445,44.0001907348633,20.7519149780273,29.3040390014648,0.370725154876709,24.8523559570313,0.15749969085057600
2021-07-07,34.6080055236816,28.1423301696777,22.2619972229004,70.7605743408203,93.1424560546875,43.7103881835938,21.7804985046387,14.2922468185425,0.365264296531677,26.0717220306397,0.02916666865348820
2021-07-08,29.3520050048828,25.6872482299805,22.7559947967529,77.9622192382813,88.717887878418,63.0148468017578,21.4208297729492,40.2781181335449,0.379575192928314,25.5102348327637,0.4574999411900840
2021-07-09,30.871997833252,25.4889984130859,22.0579948425293,77.2760162353516,95.1652069091797,52.2010002136231,20.8551654815674,41.6666679382324,0.420789361000061,24.6908435821533,0.5508319139480590
2021-07-10,27.1420021057129,24.2079124450684,21.5919933319092,77.2417831420898,89.4758224487305,64.6017532348633,19.8562469482422,6.66669178009033,0.397871822118759,24.066427230835,0.008333333457509680
2021-07-11,27.9500045776367,24.2619132995605,20.5939903259277,81.5914764404297,94.3492431640625,62.8124771118164,20.7537479400635,30.4180736541748,0.387086004018784,23.1953964233398,0.028333283960819200
2021-07-12,30.0900039672852,25.6343307495117,22.875997543335,87.2634429931641,95.1527862548828,71.4755706787109,23.2632484436035,88.0212631225586,0.412606865167618,24.5646629333496,0.7658351262410480
2021-07-13,25.8360042572022,23.5400848388672,21.7319984436035,88.8495330810547,95.9740905761719,79.8437957763672,21.5518341064453,28.5610008239746,0.421157777309418,23.9254531860352,0.04583345850308740
2021-07-14,31.2099990844727,26.0558319091797,21.7699966430664,81.3322830200195,97.3377304077148,56.3135833740234,22.3377494812012,30.7349128723145,0.407963573932648,24.7790298461914,0.16750043630600000
2021-07-15,31.9480018615723,27.156909942627,21.8759956359863,72.8849334716797,89.7017135620117,53.9739952087402,21.5764141082764,7.28039741516113,0.398953557014465,25.9037857055664,0.0
2021-07-16,33.2740020751953,28.7599143981934,24.3079929351807,68.4380645751953,89.4849624633789,44.274959564209,21.8946628570557,6.60049200057983,0.378214418888092,26.6775054931641,0.0016666413284838200
2021-07-17,32.2280044555664,27.3469123840332,23.1739959716797,77.1362075805664,91.8488235473633,60.0760116577148,22.8259143829346,44.4463195800781,0.382676869630814,26.4883117675781,0.887500524520874
2021-07-18,28.1079978942871,24.8447418212891,22.6079940795898,77.4252471923828,94.6149978637695,59.1850509643555,20.3869152069092,37.4593505859375,0.421821892261505,25.1670341491699,0.16583341360092200
2021-07-19,28.7500019073486,24.7159996032715,21.827995300293,67.948112487793,81.1958389282227,49.6212463378906,18.2354927062988,10.8333587646484,0.402034401893616,24.2077293395996,0.021666718026002200
2021-07-20,30.1680068969727,26.0332469940186,21.6659927368164,71.0340118408203,83.8708572387695,54.8493766784668,20.146411895752,4.16666650772095,0.390025198459625,24.7510452270508,0.01083323111136750
2021-07-21,27.7120018005371,24.2590789794922,21.4919929504395,73.614860534668,85.5923156738281,60.8350830078125,19.1493339538574,33.3333320617676,0.395789444446564,24.2149600982666,0.17416699727376300
2021-07-22,27.3359985351563,22.9876594543457,18.1139907836914,59.7833709716797,80.5673065185547,39.6347961425781,14.2753257751465,0.0,0.382791936397553,22.7724990844727,0.0
2021-07-23,28.1100006103516,23.2504119873047,18.2039890289307,55.4446640014648,73.1039962768555,36.5042457580566,13.3320779800415,0.0,0.358516901731491,22.2931938171387,0.0
2021-07-24,28.180004119873,23.5533332824707,17.2319869995117,62.2060203552246,85.5572357177734,43.9515419006348,15.407657623291,0.0,0.340510189533234,22.4422416687012,0.0
2021-07-25,30.374002456665,25.3036651611328,21.0899963378906,71.5803375244141,87.2169570922852,54.9021034240723,19.6452484130859,26.7850227355957,0.332945108413696,23.9181365966797,0.06416651606559750
2021-07-26,32.3200035095215,27.2012500762939,23.161994934082,65.6344833374023,93.1280746459961,35.1163482666016,19.2360763549805,14.5862255096436,0.32341343164444,25.485279083252,0.0
2021-07-27,33.1420059204102,27.0305843353272,20.6839904785156,57.4052658081055,86.0340423583984,35.035270690918,17.0557346343994,1.29776811599731,0.306648373603821,25.2503547668457,0.0
2021-07-28,28.1100063323975,24.1262512207031,20.6739921569824,67.8510360717773,83.5909042358398,50.8462219238281,17.5619926452637,8.3333330154419,0.295478373765945,24.3869285583496,0.02333336075146990
2021-07-29,25.7980003356934,22.9262466430664,19.6879920959473,84.5886840820313,94.6189880371094,70.4637069702148,20.119083404541,45.0212287902832,0.308830916881561,22.9867362976074,0.32999928792317700
2021-07-30,29.1380004882813,24.5420799255371,19.6959934234619,62.1867218017578,94.9029846191406,39.5729713439941,15.920825958252,18.1330070495605,0.34393772482872,23.8921642303467,0.0
2021-07-31,26.0779991149902,20.7034969329834,15.0819892883301,56.343864440918,75.7663192749023,38.0854415893555,11.2873249053955,0.0,0.319356858730316,21.3042411804199,0.0
2021-08-01,24.3479976654053,20.7655773162842,16.9039878845215,75.7625732421875,89.0783843994141,59.7540588378906,16.1737442016602,15.867790222168,0.309899389743805,20.6132659912109,0.023333231608072900
2021-08-02,26.8819999694824,21.9019927978516,16.2059917449951,64.5308074951172,92.1762084960938,41.6700553894043,14.155740737915,3.33452582359314,0.303901821374893,21.2336082458496,0.0
2021-08-03,25.6920051574707,21.0991630554199,16.8639907836914,62.1749267578125,79.7774047851563,44.9830627441406,13.2858209609985,0.0,0.293438494205475,20.8327941894531,0.0
2021-08-04,24.1900043487549,21.112663269043,17.4859886169434,72.2724533081055,85.3729400634766,57.6360664367676,15.7714080810547,0.0,0.288914352655411,20.6421298980713,0.0
2021-08-05,26.8660068511963,22.7937507629395,18.3659915924072,71.8526611328125,88.1237945556641,54.0705947875977,17.1808280944824,0.0,0.28227436542511,21.5341873168945,0.0
2021-08-06,30.7140083312988,25.3621673583984,18.8819942474365,63.3180732727051,85.9237365722656,41.4681625366211,17.2679061889648,12.2545223236084,0.272468507289887,23.2509803771973,0.0
2021-08-07,30.3640098571777,25.3395004272461,21.141996383667,63.3136520385742,80.7359085083008,44.2082901000977,17.5302429199219,0.0,0.263703465461731,24.3355751037598,0.0
2021-08-08,25.4800090789795,22.625919342041,19.9339981079102,73.7561492919922,87.6593933105469,61.9027404785156,17.5777435302734,19.9999485015869,0.270346790552139,23.3844146728516,0.04999987284342450
2021-08-09,26.7920036315918,23.8299980163574,21.0439929962158,79.7179565429688,89.1498107910156,70.3258209228516,20.0622444152832,33.5454711914063,0.273719310760498,23.2118396759033,0.09750061233838400
2021-08-10,31.2060089111328,25.3351669311523,21.6679935455322,82.8138427734375,93.717041015625,65.2391967773438,22.0344982147217,41.5430908203125,0.311539441347122,24.1122703552246,0.3108338514963790
2021-08-11,33.3220100402832,27.095666885376,23.1099967956543,78.0217819213867,93.4132690429688,57.3331260681152,22.6809139251709,22.8726119995117,0.317731022834778,25.5333366394043,0.05583343903223670
2021-08-12,34.4040069580078,28.6005859375,23.3819961547852,70.1485595703125,88.7164611816406,48.7888107299805,22.2030830383301,18.5757675170898,0.304453670978546,26.9012813568115,0.0
2021-08-13,34.890007019043,29.4549179077148,24.6399955749512,64.580810546875,86.9251174926758,41.1762542724609,21.5402412414551,8.3333330154419,0.29015776515007,28.1784477233887,0.033333333830038700
2021-08-14,32.4700050354004,27.8388328552246,24.4619941711426,65.9739456176758,83.58056640625,46.9868927001953,20.6647434234619,8.3333330154419,0.290568590164185,27.1877555847168,0.13166668017705300
2021-08-15,28.0900077819824,24.1326656341553,20.5299949645996,55.3147735595703,82.6734466552734,40.6139678955078,14.2309875488281,0.0,0.292581886053085,25.0121765136719,0.0
2021-08-16,27.652006149292,23.734748840332,20.5159931182861,70.2176971435547,85.2931823730469,52.3686828613281,17.7593307495117,4.16666650772095,0.281350255012512,23.9514198303223,0.017500050365924800
2021-08-17,26.6859970092773,24.3567485809326,21.919994354248,76.957405090332,85.0821838378906,69.8704833984375,20.0090866088867,71.6667175292969,0.321194410324097,23.6178207397461,0.4133340120315550
2021-08-18,29.418004989624,26.1030788421631,23.14599609375,80.8020324707031,89.467155456543,66.2196350097656,22.4494972229004,51.6442642211914,0.331898629665375,24.4758377075195,0.3350013891855880
2021-08-19,29.8359985351563,26.9484958648682,24.7859954833984,76.3761749267578,91.3400192260742,61.1801071166992,22.2619152069092,39.4502410888672,0.3672094643116,25.6211204528809,0.26666728655497200
2021-08-20,27.564001083374,24.6549949645996,22.609992980957,81.3304595947266,93.8750686645508,70.6362457275391,21.1905822753906,47.2662811279297,0.346115320920944,24.4007568359375,0.09666685263315840
2021-08-21,27.8080024719238,24.5467472076416,21.5459938049316,85.0854187011719,95.5760803222656,67.8725814819336,21.7238311767578,79.0570755004883,0.347280263900757,24.2103271484375,0.32583363850911500
2021-08-22,24.069995880127,23.2097434997559,22.0679931640625,93.7573928833008,95.5455780029297,91.6915283203125,22.1399154663086,100.0,0.434712827205658,23.6772537231445,2.999169667561850
2021-08-23,28.7920017242432,24.8392448425293,22.1019973754883,84.5579071044922,95.7732849121094,69.4015502929688,21.9275817871094,59.9999732971191,0.449871122837067,23.7158470153809,1.9316693941752100
2021-08-24,32.1399993896484,26.9824962615967,22.8819961547852,70.905517578125,88.9446258544922,46.1149024963379,20.7589988708496,5.45145130157471,0.420931875705719,25.183536529541,0.0
2021-08-25,32.8280029296875,27.1552486419678,21.061990737915,70.5394439697266,89.5413055419922,44.4640312194824,20.804500579834,4.76611804962158,0.400035321712494,25.0997924804688,0.0
2021-08-26,32.6700019836426,27.3614959716797,22.9519958496094,77.4994201660156,91.4049072265625,58.5199356079102,22.8871650695801,21.2145156860352,0.387510359287262,25.9712581634522,0.08000031113624570
2021-08-27,32.9000015258789,27.7929992675781,23.9439964294434,75.5131225585938,94.2143859863281,51.8618240356445,22.7085800170898,43.1278762817383,0.381343603134155,26.9602088928223,0.13333219289779700
2021-08-28,25.1399993896484,22.7344970703125,20.7099952697754,82.2502899169922,92.0027313232422,75.3124237060547,19.5218353271484,60.8333587646484,0.419544339179993,24.2729606628418,0.5291655460993450
2021-08-29,25.1520004272461,22.381664276123,20.1139945983887,82.6229095458984,92.5572738647461,77.2026290893555,19.2555809020996,6.71497058868408,0.408288508653641,22.426456451416,0.0
2021-08-30,30.3139953613281,25.5329971313477,22.2919960021973,83.3206558227539,97.0099563598633,63.0790328979492,22.3342475891113,43.298282623291,0.405675292015076,24.1331825256348,0.11000010371208200
2021-08-31,28.8839988708496,25.3194122314453,22.0359992980957,73.6542510986328,93.2009735107422,50.6255378723145,19.9397487640381,21.5697288513184,0.397491097450256,24.3348598480225,0.0
2021-09-01,24.0919952392578,22.5207405090332,18.7779788970947,86.5321731567383,97.0748443603516,74.1537094116211,20.0964164733887,83.3333358764648,0.418283611536026,22.7818870544434,1.7950018246968600
2021-09-02,24.8219985961914,20.1226615905762,16.4659957885742,62.3194618225098,90.018424987793,37.3034286499023,12.047492980957,16.6666660308838,0.436034470796585,21.3497352600098,0.4291656812032060
2021-09-03,23.0079956054688,18.7574100494385,13.9279918670654,66.8098678588867,84.0650939941406,51.3260803222656,12.2208271026611,0.0,0.414871066808701,19.2104759216309,0.0
2021-09-04,25.3279991149902,20.0699119567871,15.0759925842285,67.6224975585938,85.8074035644531,47.5491256713867,13.5067462921143,0.0,0.400443613529205,19.7184410095215,0.0
2022-05-14,22.2640037536621,18.4498386383057,15.6400051116943,89.9797821044922,95.6222839355469,78.8570251464844,16.7236747741699,81.3372344970703,0.390523552894592,16.714448928833,0.32583340009053500
2022-05-15,24.8820095062256,20.4948387145996,16.5140018463135,80.165885925293,96.1170959472656,57.2666854858398,16.6740016937256,38.5722122192383,0.417979419231415,17.846492767334,0.06750004986921950
2022-05-16,25.85400390625,20.6388359069824,16.887996673584,80.9312438964844,93.234992980957,64.4310760498047,17.1167526245117,64.8700942993164,0.415388643741608,18.9336624145508,0.5491678714752200
2022-05-17,25.1160011291504,19.505744934082,13.1559944152832,50.4929618835449,77.4491119384766,28.7709503173828,8.01741218566895,0.0,0.415754497051239,17.6404285430908,0.0
2022-05-18,21.9700012207031,17.4870796203613,12.5639915466309,49.7863845825195,64.2444610595703,33.3688888549805,6.51824855804443,0.0,0.396801173686981,16.5429954528809,0.0
2022-05-19,21.5380058288574,16.3127498626709,12.6959953308105,82.4393081665039,95.2694854736328,66.4457397460938,13.1790008544922,54.9615669250488,0.434944450855255,16.0046482086182,0.724166472752889
2022-05-20,24.4100112915039,18.9316711425781,13.3279943466187,85.1040954589844,97.5803985595703,58.9741516113281,16.1316680908203,59.1180648803711,0.423604488372803,17.4066047668457,0.08749986688296
2022-05-21,33.0760154724121,25.5330905914307,17.7160015106201,71.1771240234375,98.9378662109375,40.548648834228500,19.026252746582,29.1666660308838,0.40958109498024,21.4840240478516,0.0
2022-05-22,31.8580112457275,26.1914176940918,21.6339988708496,67.8839416503906,81.6136474609375,48.897674560546900,19.5182495117188,15.2992343902588,0.393385231494904,23.6473541259766,0.1075005829334260
2022-05-23,23.3660011291504,19.8369121551514,16.3539943695068,53.9985275268555,77.4459762573242,38.3235206604004,9.93416404724121,0.0,0.385561138391495,20.4272155761719,0.0
2022-05-24,19.286003112793,17.1793365478516,13.9919948577881,59.1974563598633,72.6301727294922,47.1576652526856,8.9927453994751,0.0,0.367794394493103,18.1011600494385,0.0
2022-05-25,21.1540069580078,16.2092514038086,11.597993850708,60.0559616088867,83.0587005615234,42.352409362793,8.02816581726074,0.0,0.354390203952789,16.2153778076172,0.0
2022-05-26,23.152006149292,17.9749984741211,11.9859924316406,71.0965881347656,83.8141632080078,55.7009201049805,12.5088300704956,0.0,0.3439901471138,16.6451263427734,0.0
2022-05-27,25.9180030822754,21.3575820922852,18.7159976959229,84.4443511962891,94.6548614501953,65.4925918579102,18.5014991760254,60.989402770996100,0.354153513908386,19.4309272766113,0.4541669289271040
2022-05-28,23.4180030822754,20.8248310089111,18.8239994049072,80.4405212402344,95.1488800048828,65.0397796630859,17.1814994812012,45.0436477661133,0.408129334449768,20.0315437316895,0.31583350896835300
2022-05-29,25.6600036621094,20.9038314819336,15.3399906158447,63.0419692993164,83.031982421875,38.0926971435547,13.1009140014648,0.0,0.387432634830475,19.5957412719727,0.0
2022-05-30,30.5540084838867,24.2589988708496,16.223991394043,65.2194747924805,90.5159606933594,42.9473609924316,16.6833324432373,10.3865909576416,0.367525994777679,21.0999355316162,0.0
2022-05-31,34.1380081176758,28.1479187011719,22.0579948425293,57.0966644287109,82.3754272460938,34.2116241455078,18.0832481384277,0.0,0.345422625541687,24.3809394836426,0.0
2022-06-01,23.8060035705566,19.4797554016113,16.314001083374,77.0362091064453,90.3372573852539,65.835075378418,15.2495002746582,0.0,0.329591751098633,21.1281623840332,0.0
2022-06-02,27.3139991760254,21.2961654663086,16.6919937133789,83.5153427124023,94.2216339111328,60.6096229553223,18.2140827178955,45.833625793457,0.342626750469208,20.2480201721191,0.23000029722849500
2022-06-03,25.7519989013672,21.6319141387939,18.4999923706055,70.4049377441406,96.5168304443359,38.2136650085449,15.3354091644287,35.5015754699707,0.354800939559937,20.7367858886719,0.040833157797654500
2022-06-04,28.3880004882813,22.1339149475098,15.2339897155762,48.6548271179199,75.4607772827148,24.1923408508301,9.62107086181641,0.0,0.331644237041473,20.3543758392334,0.0
2022-06-05,25.180004119873,19.8488311767578,14.2299861907959,41.3784484863281,58.4551086425781,24.9202537536621,5.69740533828735,0.0,0.30671501159668,19.6264667510986,0.0
2022-06-06,27.6700057983398,21.3727493286133,13.5799884796143,45.3079452514648,75.7038269042969,28.3340244293213,8.0908203125,0.0,0.285744965076447,19.782470703125,0.0
2022-06-07,26.3840026855469,21.4159145355225,15.799991607666,62.8808822631836,82.0628967285156,46.9275665283203,13.8178272247314,27.5000247955322,0.27262419462204,20.1962127685547,0.0816668172677358
2022-06-08,29.2920055389404,24.4362525939941,20.0959949493408,63.9460830688477,90.8545684814453,33.9197616577148,16.1608257293701,30.028076171875,0.277709156274796,22.2822341918945,0.08666674296061200
2022-06-09,28.0460014343262,23.8530788421631,19.4159927368164,66.5465621948242,95.403938293457,43.6936569213867,16.5694942474365,37.5,0.3575159907341,22.5395374298096,0.800002098083496
2022-06-10,26.2960014343262,21.6060810089111,16.1239929199219,53.2839736938477,72.35888671875,33.471923828125,11.1227436065674,0.0,0.335309356451035,20.7398948669434,0.0
2022-06-11,24.4860000610352,21.0533294677734,17.5139865875244,62.1688499450684,82.7502136230469,43.1037826538086,13.2132434844971,2.98227453231812,0.31449019908905,20.0918769836426,0.0025000254002710200
2022-06-12,23.1119937896729,19.918327331543,16.6539878845215,84.1258697509766,91.8817749023438,73.2713928222656,17.1205806732178,56.2395133972168,0.334943532943726,19.0874195098877,0.3541679382324220
2022-06-13,30.3100032806397,24.8542518615723,19.773998260498,71.6160507202148,92.8479232788086,42.671932220459,18.9150810241699,25.8337020874023,0.345066905021668,22.3221206665039,0.0
2022-06-14,28.5300102233887,23.4514999389648,19.6039962768555,52.2261581420898,69.8757553100586,34.0207710266113,12.652491569519,0.0,0.317606061697006,22.0471725463867,0.0
2022-06-15,28.0260181427002,22.9194984436035,18.529993057251,61.3743896484375,78.5661315917969,43.2296943664551,14.7282390594482,0.0,0.299923539161682,22.0497207641602,0.0
2022-06-16,24.648006439209,21.572416305542,19.1039962768555,72.734619140625,81.8445587158203,64.8730850219727,16.4134979248047,6.66669178009033,0.290871828794479,21.1629810333252,0.028333283960819200
2022-06-17,33.5500030517578,27.1156692504883,21.5559978485107,57.320316314697300,86.8741989135742,30.6588096618652,16.7295761108398,4.28093099594116,0.276712656021118,24.0030994415283,0.004999923830231030
2022-06-18,23.4879970550537,20.0461654663086,15.3739948272705,49.7622718811035,55.9548149108887,45.4706230163574,9.18690299987793,0.0,0.258636832237244,21.3758544921875,0.0
2022-06-19,23.3560028076172,18.319164276123,13.4939937591553,40.4944076538086,54.6659698486328,27.0367431640625,4.1519832611084,0.0,0.248145177960396,18.6179962158203,0.0
2022-06-20,26.9120063781738,20.6183338165283,13.493992805481,41.4103240966797,60.2446823120117,23.0579414367676,6.0825629234314,0.0,0.235833525657654,19.5233459472656,0.0
2022-06-21,27.0860061645508,21.4982509613037,15.4399900436401,55.2148551940918,72.6504440307617,34.8384475708008,11.7296533584595,0.0,0.233766853809357,20.4007186889648,0.0
2022-06-22,22.0240097045898,19.9598388671875,17.871997833252,76.3708801269531,88.1057281494141,62.0765609741211,15.5351638793945,20.0000762939453,0.237282648682594,20.5720329284668,0.06583341459433240
2022-06-23,22.6939964294434,19.840747833252,17.3079967498779,79.5247573852539,90.9193115234375,64.2506637573242,16.0636672973633,38.7971534729004,0.251526892185211,19.4621295928955,0.10750085115432700
2022-06-24,27.9559993743897,22.3757476806641,16.3039951324463,71.5286636352539,93.2372589111328,46.946739196777300,16.4376640319824,20.2229232788086,0.252929449081421,20.7522048950195,0.0
2022-06-25,33.4920043945313,26.766918182373,19.5439949035645,56.395999908447300,88.7637023925781,28.0710468292236,16.1029071807861,4.25343227386475,0.239453554153442,23.9304275512695,0.0
2022-06-26,32.6800079345703,27.1403388977051,20.9619941711426,55.8992233276367,82.0074691772461,32.8049774169922,16.6674118041992,0.0,0.225169375538826,25.3128356933594,0.0
2022-06-27,26.7240028381348,23.6729965209961,20.8439979553223,78.6973876953125,94.2743225097656,64.891960144043,19.6452484130859,45.219688415527300,0.253680318593979,23.6850395202637,0.2449999451637270
2022-06-28,26.7520027160645,22.2280807495117,18.1239967346191,53.9141311645508,91.9460601806641,36.2580108642578,11.8265724182129,4.16666650772095,0.275976240634918,22.2580947875977,0.0
2022-06-29,29.7560043334961,24.1317520141602,16.9579925537109,54.2708358764648,83.9263000488281,32.115119934082,13.2542362213135,1.57072842121124,0.256621211767197,22.3706245422363,0.0
2022-06-30,30.982006072998,26.0246696472168,19.973991394043,52.5990447998047,83.5115356445313,33.1157379150391,14.7403221130371,0.564375102519989,0.238239526748657,24.3134918212891,0.0
2022-07-01,33.6500053405762,27.1220016479492,21.4359931945801,67.9745178222656,90.392204284668,39.0587158203125,20.1254119873047,12.4154357910156,0.234529495239258,25.3870429992676,0.1283341646194460
2022-07-02,33.2840042114258,27.1355781555176,24.0339946746826,72.1628036499023,85.7649841308594,42.9858627319336,21.4006652832031,14.223804473877,0.268175363540649,26.0109996795654,0.23499921957651800
2022-07-03,31.0620079040527,26.5654182434082,22.6579933166504,54.4570007324219,89.8218765258789,23.7249889373779,14.9800662994385,3.94234490394592,0.271087765693665,25.6902694702148,0.0
2022-07-04,30.0980033874512,24.9689979553223,18.4119892120361,40.4988632202148,58.0784645080566,26.0367527008057,9.88639640808106,0.0,0.246630221605301,24.4441471099854,0.0
2022-07-05,30.6140060424805,24.8507480621338,20.6499900817871,63.4768981933594,86.190315246582,38.4226799011231,16.8959102630615,25.3977012634277,0.237219393253326,24.241569519043,0.15250015258789100
2022-07-06,30.1940040588379,26.8294200897217,23.121997833252,64.7624206542969,91.8296737670898,44.8987884521484,19.0509948730469,1.17262411117554,0.244648590683937,25.5169639587402,0.0
2022-07-07,26.7060050964355,24.1544990539551,21.1219959259033,70.9783630371094,84.5939559936523,61.4647598266602,18.4705791473389,27.5000247955322,0.237941950559616,24.3307266235352,0.06416689356168110
2022-07-08,29.3040027618408,24.6508331298828,19.581995010376,72.2422637939453,91.0135879516602,52.3623199462891,19.0139961242676,17.5008087158203,0.235258668661118,23.8883514404297,0.025000127653280900
2022-07-09,28.6640090942383,24.8425846099854,21.5059928894043,63.1369552612305,87.8212738037109,42.9900054931641,16.8494911193848,2.50002527236938,0.232442796230316,24.8016948699951,0.0025000254002710200
2022-07-10,27.638011932373,23.1370868682861,18.4639930725098,59.647834777832,83.9087905883789,38.053165435791,14.2965698242188,0.0,0.222235321998596,23.4665298461914,0.0
2022-07-11,30.3920078277588,24.1171684265137,17.2119903564453,56.6145133972168,84.3758239746094,34.9247360229492,14.0734882354736,0.0,0.213118702173233,23.5533447265625,0.0
2022-07-12,32.6260070800781,26.3425827026367,20.5519943237305,65.7214126586914,83.9737014770508,47.0668258666992,19.0703296661377,8.3333330154419,0.20689782500267,25.0859413146973,0.027500028411547300
2022-07-13,33.4220085144043,28.2642478942871,22.9459953308105,52.8288803100586,85.2962188720703,31.9355621337891,16.6665687561035,0.0,0.20347535610199,26.8481178283691,0.0
2022-07-14,32.1760025024414,27.2969970703125,22.3479919433594,54.1690330505371,80.0232391357422,35.7105293273926,16.5099868774414,0.0,0.198448687791824,26.5904998779297,0.0
2022-07-15,29.6680145263672,25.5763339996338,21.6839942932129,52.6614685058594,78.4475708007813,37.3491668701172,14.7195644378662,0.0,0.195262044668198,25.8506107330322,0.0
2022-07-16,28.7220058441162,24.8098373413086,20.9039878845215,72.4446182250977,90.9101409912109,53.733642578125,19.1809024810791,11.6666145324707,0.197576195001602,24.9630374908447,0.02749989926815030
2022-07-17,28.9560050964355,25.5995807647705,21.7919921875,74.8140640258789,90.5193481445313,58.2677345275879,20.5705757141113,45.8332061767578,0.27326774597168,25.3227882385254,0.456665833791097
2022-07-18,30.5600070953369,26.6585845947266,24.1199951171875,79.8037261962891,89.8782119750977,62.4060974121094,22.75807762146,33.5363464355469,0.296601086854935,25.3710517883301,0.44583384195963500
2022-07-19,33.1660003662109,28.2036628723145,23.221996307373,61.3942680358887,87.9896087646484,38.4021148681641,19.3085784912109,0.92164021730423,0.318035334348679,26.5374526977539,0.0
2022-07-20,35.0620040893555,29.7200012207031,23.9279937744141,57.346405029296900,77.3931884765625,39.3726768493652,19.9014110565186,0.0,0.28351366519928,27.8315124511719,0.0
2022-07-21,33.9960021972656,29.6727485656738,25.6119956970215,66.3925094604492,82.8923492431641,50.322269439697300,22.5054931640625,20.8333339691162,0.276923596858978,28.1737422943115,0.27333297332127900
2022-07-22,34.302001953125,29.5939140319824,25.1479911804199,53.047794342041,71.5848693847656,32.9846076965332,18.3641567230225,0.0,0.278195232152939,28.2735252380371,0.0
2022-07-23,35.5040054321289,30.1390819549561,25.037992477417,51.805625915527300,76.7329025268555,30.7333908081055,18.1890678405762,0.0,0.259694427251816,28.7805156707764,0.0
2022-07-24,36.0280075073242,30.3572540283203,25.4739933013916,55.531524658203100,76.3500366210938,33.6256256103516,19.7014083862305,4.16666650772095,0.243696063756943,29.0388145446777,0.013333383947610900
2022-07-25,31.390007019043,28.3033313751221,25.9959945678711,74.0517578125,85.6440124511719,56.8718223571777,23.1520805358887,12.5,0.259188592433929,28.3933525085449,0.15749981999397300
2022-07-26,27.8639984130859,24.8707466125488,22.0099945068359,60.7334823608398,92.1192016601563,41.992546081543,16.3629932403564,4.16666650772095,0.266701936721802,25.8645973205566,0.006666691973805430
2022-07-27,29.4480056762695,25.3275833129883,20.1899909973145,63.2658157348633,83.7809066772461,43.939109802246100,17.4556579589844,0.0,0.254046976566315,25.2019138336182,0.0
2022-07-28,32.882007598877,27.5011653900147,23.6959953308105,74.1495666503906,90.3695526123047,51.156700134277300,22.2139129638672,11.6561222076416,0.251625299453735,26.6356792449951,0.12500024835268700
2022-07-29,29.9080028533936,26.5399150848389,23.1839942932129,68.3337631225586,85.0267181396484,50.0418548583984,19.9894943237305,0.0,0.259652018547058,26.2008647918701,0.0
2022-07-30,31.5580024719238,27.067081451416,23.0599975585938,53.1633529663086,79.3298950195313,33.3272666931152,15.8507404327393,0.0,0.24852366745472,26.4295024871826,0.0
2022-07-31,30.0740070343018,25.6296653747559,20.9159927368164,56.653076171875,73.046272277832,39.6202850341797,15.9966516494751,5.83330726623535,0.236422017216682,25.4243698120117,0.0183333083987236
2022-08-01,24.935998916626,22.3143291473389,19.6119956970215,81.8919219970703,93.1423110961914,71.8862991333008,19.0050792694092,28.3332824707031,0.309165388345718,23.8684043884277,0.41583287715911900
2022-08-02,33.0060043334961,27.0369148254395,21.359992980957,66.218017578125,89.1984405517578,42.1221923828125,19.5852451324463,0.0,0.299685329198837,25.3166694641113,0.0
2022-08-03,32.3540077209473,27.3563327789307,22.359992980957,56.3701171875,73.2083587646484,37.1640434265137,17.4213218688965,0.0,0.27579528093338,26.7080879211426,0.0
2022-08-04,34.8200073242188,28.6809997558594,23.105993270874,63.4094772338867,83.4609298706055,39.7210388183594,20.4764938354492,0.0,0.258202880620956,27.3751525878906,0.0
2022-08-05,33.9520034790039,27.8727493286133,24.387996673584,65.5983963012695,81.9267425537109,40.8014755249023,20.5377464294434,12.5,0.248837023973465,27.6587791442871,0.02000007778406140
2022-08-06,31.9120025634766,27.9684944152832,23.8999938964844,72.1823348999023,89.1896286010742,55.5870819091797,22.2882461547852,3.33328223228455,0.242551192641258,27.3445529937744,0.011666489144166300
2022-08-07,33.6240005493164,29.3409996032715,26.0459976196289,67.8368759155273,84.9240264892578,51.3687744140625,22.5400810241699,8.3333330154419,0.239659547805786,28.2999782562256,0.09333344300587970
2022-08-08,34.1580047607422,29.7391662597656,25.7559967041016,68.4493942260742,85.5884170532227,48.5810699462891,22.9963302612305,5.55409336090088,0.243398696184158,28.6464347839355,0.028333410620689400
2022-08-09,36.8360023498535,30.5465812683105,27.0559959411621,66.1121597290039,83.2950210571289,40.9599533081055,23.0473289489746,5.83330726623535,0.235941231250763,29.3597183227539,0.013333257287740700
2022-08-10,30.0640068054199,27.2915878295898,24.7359962463379,64.6524505615234,79.8500823974609,50.3013916015625,19.8314094543457,1.66664111614227,0.226457849144936,27.7492713928223,0.0016666413284838200
2022-08-11,32.4700050354004,26.9252452850342,22.0319919586182,58.0974960327148,89.4778442382813,33.0943641662598,17.0518226623535,16.6666660308838,0.222737848758698,26.760913848877,0.041666666666666700
2022-08-12,29.6380043029785,25.3365821838379,21.351993560791,40.8751983642578,61.1465682983398,20.8993110656738,10.1270627975464,0.0,0.213892906904221,26.0618209838867,0.0
2022-08-13,27.9540042877197,22.6213340759277,17.4259929656982,45.2559776306152,72.528076171875,27.9513740539551,9.44748306274414,0.0,0.205083683133125,23.9783096313477,0.0
2022-08-14,28.5920085906982,23.108585357666,17.5119895935059,54.0020256042481,77.6888885498047,30.2874317169189,12.4549875259399,0.0,0.198404520750046,23.3795166015625,0.0
2022-08-15,27.1760101318359,22.7320823669434,18.299991607666,58.1740341186523,77.6041564941406,40.586769104003900,13.6635723114014,2.50002527236938,0.194402039051056,23.1253128051758,0.0075000766664743400
2023-05-17,18.839994430542,15.5303297042847,9.73399162292481,38.792518615722700,56.600700378418,25.5925579071045,0.993899524211884,0.0,0.258946001529694,16.7476596832275,0.0
2023-05-18,17.1120090484619,11.9929990768433,5.87198734283447,49.7110214233398,73.2209777832031,38.6376419067383,1.52257061004639,0.0,0.251517683267593,13.3004417419434,0.0
2023-05-19,21.7000064849854,15.909330368042,9.72598934173584,63.806884765625,84.7771377563477,40.8952865600586,8.50699234008789,0.875996947288513,0.246866852045059,14.596284866333,0.0
2023-05-20,19.7399978637695,16.6539974212647,12.9959869384766,92.9163436889648,97.0057220458984,83.9014892578125,15.4896621704102,76.0956649780273,0.275178372859955,14.9862947463989,0.37749799092610700
2023-05-21,22.3740081787109,17.8098316192627,12.9299955368042,64.216796875,94.6621551513672,44.3700485229492,10.4694957733154,12.1238594055176,0.312373220920563,16.5186786651611,0.008333333457509680
2023-05-22,24.4140129089355,17.8411693572998,13.2699937820435,63.7253684997559,81.4748840332031,41.4184455871582,10.408992767334,0.0,0.296286702156067,16.5387153625488,0.0
2023-05-23,19.9240131378174,15.5499992370605,11.36399269104,66.6330337524414,91.7925720214844,45.0287017822266,8.81882858276367,2.79328608512878,0.28430837392807,15.9809532165527,0.0
2023-05-24,25.6780166625977,17.5133361816406,9.61998844146729,59.5537948608398,82.5245056152344,34.8812255859375,8.74907684326172,2.50002527236938,0.272853344678879,16.2048950195313,0.0025000254002710200
2023-05-25,20.7520046234131,15.7569160461426,10.9759960174561,48.3628692626953,69.1689834594727,30.7230968475342,4.24840641021729,0.0,0.262050032615662,16.3060035705566,0.0
2023-05-26,22.9900074005127,17.0104999542236,10.3519897460938,47.749885559082,78.3893966674805,26.13134765625,4.55206680297852,0.0,0.247001737356186,16.0736923217773,0.0
2023-05-27,25.1420135498047,18.3700866699219,11.1679916381836,45.3879241943359,69.3884887695313,26.4026985168457,5.38506317138672,0.0,0.230849221348763,17.1912612915039,0.0
2023-05-28,25.2100143432617,19.4005870819092,13.1639938354492,47.09814453125,67.9154663085938,29.9202308654785,7.04464721679688,0.0,0.221893355250359,17.830078125,0.0
2023-05-29,25.2440147399902,19.4181690216064,15.0019969940186,57.8180389404297,82.4830474853516,40.5977020263672,10.3602390289307,0.344533115625381,0.215729266405106,18.7397060394287,0.0
2023-05-30,20.3840103149414,16.1628360748291,12.0539932250977,60.8816299438477,80.2040100097656,43.7485885620117,8.18757438659668,0.0,0.212810963392258,17.0978012084961,0.0
2023-05-31,23.852014541626,16.9993362426758,9.66598892211914,64.599006652832,92.7210922241211,35.8511848449707,9.2160701751709,2.06212592124939,0.21053259074688,16.6657257080078,0.0
2023-06-01,28.7660179138184,21.1174221038818,13.0659885406494,62.2227363586426,92.0383758544922,35.1334114074707,12.5027332305908,20.3681526184082,0.206369310617447,18.9634914398193,0.0
2023-06-02,32.9700241088867,24.3615112304688,15.755989074707,58.5337905883789,85.8078765869141,28.9040489196777,14.2899856567383,8.48544502258301,0.200860142707825,21.601806640625,0.0
2023-06-03,20.1560039520264,18.3837547302246,14.0240001678467,74.3072052001953,85.6234130859375,66.0974502563477,13.6823301315308,0.0,0.199255138635635,19.2941703796387,0.0
2023-06-04,22.1660118103027,16.1310844421387,10.1459941864014,56.1124076843262,78.16357421875,33.5546569824219,6.72982215881348,0.0,0.20217102766037,16.7257690429688,0.0
2023-06-05,24.3680038452148,18.6704158782959,11.7499904632568,49.0586738586426,76.5485534667969,30.8397884368897,6.84181594848633,0.0,0.200885131955147,16.9016628265381,0.0
2023-06-06,26.3600082397461,19.8029174804688,14.2899951934814,44.4833450317383,57.1945190429688,29.5768699645996,6.97481632232666,5.83330726623535,0.20142850279808,18.5531463623047,0.0474999745686849
2023-06-07,22.084005355835,17.8362503051758,13.1779947280884,45.9443511962891,64.9261169433594,29.2915344238281,5.5019006729126,0.0,0.208029329776764,18.201810836792,0.0
2023-06-08,22.6380043029785,17.2329978942871,11.3259868621826,51.3733062744141,74.580696105957,30.1458854675293,6.46565055847168,0.0,0.208277732133865,17.2069931030273,0.0
2023-06-09,22.5800037384033,18.0209980010986,13.6719932556152,52.3690071105957,70.7702484130859,34.2470283508301,7.62581825256348,0.0,0.205624386668205,17.8432350158691,0.0
2023-06-10,26.6700057983398,20.2393341064453,13.2219924926758,55.8731842041016,79.7334442138672,36.6554336547852,10.4972410202026,0.0,0.203264385461807,18.7063903808594,0.0
2023-06-11,29.5420112609863,23.4484214782715,16.7279930114746,56.7561721801758,78.1728973388672,35.3702354431152,13.6843223571777,0.0,0.199192717671394,21.0000114440918,0.0
2023-06-12,25.6540126800537,22.3420028686523,20.0020008087158,76.1571960449219,94.423942565918,61.3745040893555,17.7414951324463,31.9297103881836,0.207267761230469,22.004711151123,0.23750038941701300
2023-06-13,26.0420036315918,21.1256637573242,16.3179950714111,58.140739440918,90.2044982910156,32.4161720275879,11.565242767334,0.0379785448312759,0.243251979351044,21.1577663421631,0.0
2023-06-14,24.8740005493164,19.6901626586914,16.4579925537109,68.3829879760742,87.6157531738281,47.2079849243164,13.5036602020264,23.6179084777832,0.257969379425049,19.5997924804688,0.42833228905995700
2023-06-15,25.976001739502,20.9293308258057,15.4839935302734,57.234519958496100,74.3402099609375,39.952018737793,11.7830753326416,0.0,0.285087645053864,19.5424289703369,0.0
2023-06-16,23.6960029602051,19.3556632995605,15.6579914093018,72.8013610839844,87.8389739990234,50.5579986572266,14.1049919128418,22.0113220214844,0.276836782693863,19.1085529327393,0.1558333138624830
2023-06-17,25.8200016021729,20.6085815429688,16.2759971618652,58.7305526733398,90.5083465576172,30.7862930297852,11.075325012207,8.18732643127441,0.282612681388855,19.7342433929443,0.01416664198040960
2023-06-18,27.0420036315918,21.8734149932861,16.4079933166504,52.3063049316406,68.2360687255859,39.3335418701172,11.4274082183838,0.0,0.263950169086456,20.079704284668,0.0
2023-06-19,26.6960144042969,21.3310871124268,16.2279930114746,68.8527603149414,84.7249298095703,49.3080978393555,15.1131591796875,3.33328223228455,0.250570118427277,20.4905891418457,0.006666565313935280
2023-06-20,23.9160099029541,20.237419128418,17.3659973144531,72.7475662231445,90.0075531005859,57.5168380737305,14.9654121398926,2.39421606063843,0.242245107889175,20.2656059265137,0.0
2023-06-21,20.6000022888184,18.4071655273438,16.0999946594238,70.1234970092773,82.2206420898438,59.5486373901367,12.7488269805908,12.5,0.23535093665123,18.8430213928223,0.030000050862630200
2023-06-22,20.7040023803711,18.1440811157227,15.2779941558838,78.1524963378906,86.9448547363281,70.3281097412109,14.2327461242676,14.9998979568481,0.251638442277908,18.0558700561523,0.07166658838589990
2023-06-23,22.2619972229004,20.1874160766602,17.5259971618652,89.5346221923828,94.2447662353516,84.1963043212891,18.3970012664795,59.653812408447300,0.265627712011337,19.1046295166016,0.2808340787887570
2023-06-24,26.6339988708496,22.9186668395996,20.7140007019043,87.3100128173828,97.7948303222656,71.2401733398438,20.5954189300537,87.0773086547852,0.354319393634796,21.0171127319336,0.6975001494089760
2023-06-25,28.4700050354004,23.6697483062744,20.242000579834,82.8228607177734,95.6061401367188,59.8700332641602,20.3844985961914,62.3350334167481,0.362043529748917,22.4815788269043,0.4341653188069660
2023-06-26,28.4700088500977,23.9254989624023,20.5999984741211,82.3548889160156,95.7437591552734,64.5477142333984,20.5523357391357,70.8334579467773,0.385142683982849,22.7183952331543,0.8116671244303390
2023-06-27,26.8400001525879,22.1079120635986,19.653995513916,85.298583984375,95.0925903320313,67.7748031616211,19.415584564209,79.0513000488281,0.414772659540176,21.9217357635498,0.723333994547526
2023-06-28,26.6439990997314,22.5619945526123,18.5419940948486,78.209228515625,95.8631744384766,59.5645713806152,18.3339958190918,28.84912109375,0.412192761898041,21.8044242858887,0.03500010073184970
2023-06-29,26.4959983825684,22.7798309326172,18.0139923095703,68.0214233398438,82.4444961547852,53.6795501708984,16.3744983673096,2.50002527236938,0.39104026556015,21.5879859924316,0.0025000254002710200
2023-06-30,28.4320049285889,23.7485828399658,18.7819900512695,68.1222076416016,91.0321502685547,45.7874298095703,17.0022430419922,4.63418579101563,0.371972680091858,22.1732845306397,0.0
2023-07-01,28.0480079650879,23.9381675720215,19.7359924316406,64.7809982299805,83.0403289794922,45.615726470947300,16.5030765533447,1.17572772502899,0.350575983524323,22.7915534973145,0.0
2023-07-02,30.6480026245117,25.5896663665772,21.6019954681397,79.7404556274414,90.5733337402344,59.9884185791016,21.6637477874756,65.2463684082031,0.386009335517883,23.6697883605957,0.5841662089029950
2023-07-03,31.4820022583008,26.5146675109863,22.593994140625,78.6084594726563,93.1192779541016,56.2531204223633,22.2661666870117,41.5741653442383,0.402007699012756,24.6634769439697,0.3124992450078330
2023-07-04,28.8940010070801,25.4690799713135,22.7579917907715,82.3647079467773,94.611083984375,65.6807556152344,22.115665435791,70.4830856323242,0.407138496637344,24.4635925292969,0.19583346446355200
2023-07-05,32.7320022583008,27.3799152374268,21.7479934692383,69.8002624511719,94.0388336181641,42.1715698242188,20.7039966583252,2.32520580291748,0.389623612165451,25.3330421447754,0.0
2023-07-06,32.8560028076172,27.5509986877441,22.5399894714355,70.0512084960938,92.5539245605469,43.1846466064453,21.0231590270996,12.2582216262817,0.363893538713455,25.8008689880371,0.0
2023-07-07,30.6720085144043,26.3365859985352,23.14599609375,76.8800354003906,91.6504516601563,57.0459136962891,21.7115783691406,18.5282115936279,0.345058530569077,25.5102958679199,0.016666666915019400
2023-07-08,29.9820022583008,26.1969146728516,23.5639953613281,80.926139831543,93.3366546630859,66.8478393554688,22.5609130859375,55.6541442871094,0.340771824121475,25.379810333252,0.14666645725568100
2023-07-09,27.4279975891113,24.3040752410889,22.0219917297363,86.6829071044922,93.02587890625,74.4672698974609,21.8851642608643,79.0903167724609,0.373437732458115,24.2684841156006,0.4150014321009320
2023-07-10,29.6439990997314,24.5320777893066,21.3419952392578,73.7558670043945,94.2222900390625,51.5299453735352,19.161413192749,18.3719520568848,0.390033632516861,24.0065650939941,0.1424997846285500
2023-07-11,31.1279983520508,25.7989120483398,19.6279907226563,58.3193855285645,80.2738418579102,38.1781425476074,16.3454132080078,0.0,0.360363602638245,24.1701011657715,0.0
2023-07-12,32.5279998779297,27.3459930419922,21.4759902954102,59.1519470214844,82.1894836425781,36.2113609313965,17.8841590881348,0.0,0.333529412746429,25.0683403015137,0.0
2023-07-13,33.0500030517578,28.3425827026367,22.6039924621582,63.162769317627,85.2954635620117,43.9393157958984,20.180492401123,2.50002527236938,0.313298553228378,26.1282424926758,0.0025000254002710200
2023-07-14,29.6760025024414,26.2914962768555,23.7999954223633,75.9333038330078,86.5476837158203,61.0036697387695,21.6267471313477,48.4274711608887,0.337712585926056,25.855354309082,0.3716663122177120
2023-07-15,31.9060020446777,26.7512474060059,23.0079975128174,79.7133712768555,93.5333099365234,59.2447357177734,22.7407455444336,48.0361480712891,0.367607653141022,25.8527603149414,0.3508341709772750
2023-07-16,26.2479972839355,25.2374153137207,23.6039962768555,91.2688903808594,94.8770141601563,85.9828033447266,23.7038307189941,96.9365158081055,0.423361122608185,24.9760856628418,1.0791667302449500
2023-07-17,31.7800025939941,26.9063301086426,22.0799942016602,71.2951736450195,97.7204437255859,43.535400390625,20.5495796203613,24.5347328186035,0.412744402885437,25.544994354248,0.0
2023-07-18,29.2140045166016,25.6426658630371,23.0419921875,79.2255096435547,90.7953033447266,62.2045364379883,21.6739139556885,49.049659729003900,0.413957834243774,25.1407356262207,0.4199990431467690
2023-07-19,28.1199989318848,23.5224933624268,20.5879936218262,82.6326293945313,92.3289337158203,65.2766494750977,20.3150825500488,50.5614471435547,0.424108564853668,23.421802520752,0.2666662931442260
2023-07-20,29.0579986572266,24.7857475280762,20.2719879150391,74.4693908691406,95.9768676757813,51.6945114135742,19.4872455596924,15.7608985900879,0.408890217542648,23.7866249084473,0.006666691973805430
2023-07-21,28.5419998168945,24.3259086608887,20.2979927062988,80.3754043579102,95.2300109863281,61.0203971862793,20.5619964599609,53.4918060302734,0.426001131534576,23.1984939575195,1.0733354886372900