Date,Damage,Foci,Unnamed: 3,Unnamed: 4,Unnamed: 5,Unnamed: 6,Unnamed: 7,Unnamed: 8
2020-05-26,76.0,0.43010752688172044,,,,,,
2020-05-26,47.885,0.27099603848330506,,,,,,
2020-05-26,115.0,0.6508205998868138,,,,,,
2020-05-26,134.0,0.758347481607244,,,,,,
2020-05-26,0.0,0.0,,,,,,
2020-05-26,0.0,0.0,,,,,,
2020-05-26,297.0,1.6808149405772497,,,,,,
2020-05-26,104.0,0.588568194680249,,,,,,
2020-05-27,105.975,0.5997453310696095,,,,,,
2020-05-27,67.51,0.3820599886813809,,,,,,
2020-05-27,104.405,0.5908602150537635,,,,,,
2020-05-27,173.485,0.9818053197509905,,,,,,
2020-05-27,124.03,0.7019241652518393,,,,,,
2020-05-27,39.25,0.22212790039615168,,,,,,
2020-05-27,327.345,1.852546689303905,,,,,,
2020-05-27,67.51,0.3820599886813809,,,,,,
2020-05-28,145.225,0.8218732314657612,,,,,,
2020-05-28,87.135,0.49312393887945677,,,,,,
2020-05-28,106.76,0.6041878890775326,,,,,,
2020-05-28,203.315,1.1506225240520658,,,,,,
2020-05-28,154.645,0.8751839275608377,,,,,,
2020-05-28,19.625,0.11106395019807584,,,,,,
2020-05-28,328.13,1.8569892473118281,,,,,,
2020-05-28,39.25,0.22212790039615168,,,,,,
2020-05-29,154.645,0.8751839275608377,,,,,,
2020-05-29,98.125,0.5553197509903792,,,,,,
2020-05-29,106.76,0.6041878890775326,,,,,,
2020-05-29,193.11,1.0928692699490663,,,,,,
2020-05-29,240.995,1.3638653084323713,,,,,,
2020-05-29,117.75,0.666383701188455,,,,,,
2020-05-29,387.005,2.1901810979060556,,,,,,
2020-05-29,78.5,0.44425580079230337,,,,,,
2020-06-01,577.76,3.2697226938313526,,,,,,
2020-06-01,433.32,2.4522920203735143,,,,,,
2020-06-01,600.525,3.3985568760611207,,,,,,
2020-06-01,619.365,3.5051782682512735,,,,,,
2020-06-01,1091.935,6.17959818902094,,,,,,
2020-06-01,533.015,3.01649688737974,,,,,,
2020-06-01,1075.45,6.086304470854556,,,,,,
2020-06-01,484.345,2.7410582908885117,,,,,,
2020-06-03,451.375,2.554470854555744,,,,,,
2020-06-03,270.825,1.5326825127334465,,,,,,
2020-06-03,463.935,2.6255517826825128,,,,,,
2020-06-03,559.705,3.167543859649123,,,,,,
2020-06-03,574.62,3.2519524617996605,,,,,,
2020-06-03,291.235,1.6481890209394456,,,,,,
2020-06-03,818.755,4.633588002263724,,,,,,
2020-06-03,291.235,1.6481890209394456,,,,,,
2020-06-05,860.36,4.869043576683645,,,,,,
2020-06-05,774.01,4.380362195812111,,,,,,
2020-06-05,910.6,5.15336728919072,,,,,,
2020-06-05,1778.81,10.066836445953594,,,,,,
2020-06-05,1654.78,9.364912280701756,,,,,,
2020-06-05,1073.095,6.072976796830787,,,,,,
2020-06-05,1882.43,10.653254102999435,,,,,,
2020-06-05,902.75,5.108941709111488,,,,,,
2020-06-07,3267.17,18.489926428975668,,,,,,
2020-06-07,2059.055,11.652829654782117,,,,,,
2020-06-07,2519.065,14.256168647425016,,,,,,
2020-06-07,4734.335,26.793067345783815,,,,,,
2020-06-07,2608.555,14.76262026032824,,,,,,
2020-06-07,1902.055,10.764318053197512,,,,,,
2020-06-07,5352.915,30.293803056027166,,,,,,
2020-06-07,1548.805,8.765166949632146,,,,,,
2020-06-09,2223.12,12.58132427843803,,,,,,
2020-06-09,1854.955,10.497764572722128,,,,,,
2020-06-09,3510.52,19.867119411431805,,,,,,
2020-06-09,7311.49,41.377985285795134,,,,,,
2020-06-09,3959.54,22.40826259196378,,,,,,
2020-06-09,2172.095,12.292558007923033,,,,,,
2020-06-09,4667.61,26.415449915110358,,,,,,
2020-06-09,2492.375,14.105121675155631,,,,,,
2020-06-12,2582.65,14.616015846066782,,,,,,
2020-06-12,2183.085,12.354753820033958,,,,,,
2020-06-12,3485.4,19.72495755517827,,,,,,
2020-06-12,5029.495,28.463469156762876,,,,,,
2020-06-12,3324.475,18.814233163554047,,,,,,
2020-06-12,2743.575,15.526740237691001,,,,,,
2020-06-12,6486.455,36.708856819468025,,,,,,
2020-06-12,2498.655,14.140662139219017,,,,,,
2020-06-16,18913.79,107.03899264289758,,,,,,
2020-06-16,13246.875,74.96816638370119,,,,,,
2020-06-16,23440.885,132.6592246745897,,,,,,
2020-06-16,31465.155,178.07105263157897,,,,,,
2020-06-16,14834.93,83.9554612337295,,,,,,
2020-06-16,12411.635,70.24128466327109,,,,,,
2020-06-16,27883.985,157.8041029994341,,,,,,
2020-06-16,19248.2,108.93152235427279,,,,,,
2020-06-23,43219.745,244.59391624221848,,,,,,
2020-06-23,33855.48,191.59864176570463,,,,,,
2020-06-23,57003.56,322.600792303339,,,,,,
2020-06-23,92258.695,522.1205149971704,,,,,,
2020-06-23,38596.88,218.4316921335597,,,,,,
2020-06-23,28836.975,163.19736842105263,,,,,,
2020-06-23,59101.865,334.47574985851725,,,,,,
2020-06-23,50024.125,283.10200905489535,,,,,,
2020-07-01,136168.455,770.6194397283531,,,,,,
2020-07-01,116793.87,660.9726655348047,,,,,,
2020-07-01,160512.875,908.3920486700623,,,,,,
2020-07-01,167435.79,947.5709677419356,,,,,,
2020-07-01,134307.22,760.0861346915677,,,,,,
2020-07-01,125413.17,709.7519524617996,,,,,,
2020-07-01,137699.99,779.286870401811,,,,,,
2020-07-01,119411.06,675.7841539332202,,,,,,
2020-07-08,208642.01,1180.7697226938315,,,,,,
2020-07-08,246581.06,1395.4785512167516,,,,,,
2020-07-08,302294.08,1710.7757781550654,,,,,,
2020-07-08,407956.65,2308.7529711375214,,,,,,
2020-07-08,210482.05,1191.183078664403,,,,,,
2020-07-08,190047.715,1075.5388511601584,,,,,,
2020-07-08,321831.945,1821.3466044142617,,,,,,
2020-07-08,269712.655,1526.3874080362198,,,,,,
2021-05-31,213.363,1.2074872665534806,,,,,,
2021-05-31,153.075,0.8662988115449916,,,,,,
2021-05-31,292.02,1.6526315789473685,,,,,,
2021-05-31,171.6795,0.9715874363327675,,,,,,
2021-05-31,0.0,0.0,,,,,,
2021-05-31,193.11,1.0928692699490663,,,,,,
2021-05-31,43.646,0.24700622524052068,,,,,,
2021-05-31,394.9335,2.235050933786078,,,,,,
2021-06-01,587.494,3.3248104131295984,,,,,,
2021-06-01,114.61,0.6486134691567629,,,,,,
2021-06-01,97.1202,0.5496332767402378,,,,,,
2021-06-01,13.7061,0.07756706281833617,,,,,,
2021-06-01,128.3475,0.726358234295416,,,,,,
2021-06-01,377.585,2.136870401810979,,,,,,
2021-06-01,0.0,0.0,,,,,,
2021-06-01,87.135,0.49312393887945677,,,,,,
2021-06-03,296.73,1.679286926994907,,,,,,
2021-06-03,76.145,0.43092812676853426,,,,,,
2021-06-03,173.485,0.9818053197509905,,,,,,
2021-06-03,12.403,0.07019241652518393,,,,,,
2021-06-03,405.688,2.2959139784946236,,,,,,
2021-06-03,614.655,3.4785229202037353,,,,,,
2021-06-03,116.18,0.6574985851726091,,,,,,
2021-06-03,95.77,0.5419920769666101,,,,,,
2021-06-09,857.22,4.851273344651953,,,,,,
2021-06-09,211.165,1.195048104131296,,,,,,
2021-06-09,1224.286,6.928613469156764,,,,,,
2021-06-09,181.335,1.0262308998302208,,,,,,
2021-06-09,623.29,3.5273910582908887,,,,,,
2021-06-09,1505.63,8.52082625919638,,,,,,
2021-06-09,624.546,3.534499151103566,,,,,,
2021-06-09,412.125,2.332342954159593,,,,,,
2021-06-11,817.185,4.624702886247878,,,,,,
2021-06-11,422.0,2.3882286361063954,,,,,,
2021-06-11,2136.0,12.088285229202038,,,,,,
2021-06-11,513.0,2.903225806451613,,,,,,
2021-06-11,864.0,4.889643463497453,,,,,,
2021-06-11,2256.0,12.767402376910018,,,,,,
2021-06-11,764.0,4.323712507074137,,,,,,
2021-06-11,620.0,3.5087719298245617,,,,,,
2021-06-15,380.725,2.1546406338426713,,,,,,
2021-06-15,231.575,1.3105546123372949,,,,,,
2021-06-15,1410.881,7.984612337294851,,,,,,
2021-06-15,296.73,1.679286926994907,,,,,,
2021-06-15,765.375,4.331494057724957,,,,,,
2021-06-15,1146.1,6.486134691567629,,,,,,
2021-06-15,595.815,3.371901528013583,,,,,,
2021-06-15,837.595,4.740209394453877,,,,,,
2021-06-18,575.405,3.2563950198075835,,,,,,
2021-06-18,496.905,2.8121392190152803,,,,,,
2021-06-18,1664.985,9.422665534804754,,,,,,
2021-06-18,184.475,1.044001131861913,,,,,,
2021-06-18,1164.94,6.5927560837577825,,,,,,
2021-06-18,2266.295,12.825664968873799,,,,,,
2021-06-18,522.81,2.95874363327674,,,,,,
2021-06-18,512.605,2.900990379173741,,,,,,
2021-06-23,660.185,3.736191284663271,,,,,,
2021-06-23,509.465,2.883220147142049,,,,,,
2021-06-23,2392.68,13.540916808149406,,,,,,
2021-06-23,254.34,1.439388794567063,,,,,,
2021-06-23,1532.32,8.671873231465762,,,,,,
2021-06-23,2709.82,15.335710243350313,,,,,,
2021-06-23,1062.105,6.010780984719864,,,,,,
2021-06-23,466.29,2.6388794567062823,,,,,,
2021-06-29,690.8,3.9094510469722694,,,,,,
2021-06-29,317.925,1.7992359932088287,,,,,,
2021-06-29,962.41,5.446576117713639,,,,,,
2021-06-29,127.955,0.7241369552914545,,,,,,
2021-06-29,817.185,4.624702886247878,,,,,,
2021-06-29,949.065,5.371052631578948,,,,,,
2021-06-29,733.975,4.153791737408037,,,,,,
2021-06-29,465.505,2.634436898698359,,,,,,
2021-07-02,255.91,1.448273910582909,,,,,,
2021-07-02,154.645,0.8751839275608377,,,,,,
2021-07-02,559.705,3.167543859649123,,,,,,
2021-07-02,105.975,0.5997453310696095,,,,,,
2021-07-02,426.255,2.4123089983022075,,,,,,
2021-07-02,424.685,2.4034238822863614,,,,,,
2021-07-02,384.65,2.1768534238822865,,,,,,
2021-07-02,106.76,0.6041878890775326,,,,,,
2021-07-06,1208.9,6.841539332201473,,,,,,
2021-07-06,1317.23,7.454612337294851,,,,,,
2021-07-06,2989.28,16.917260894170912,,,,,,
2021-07-06,262.975,1.4882569326542163,,,,,,
2021-07-06,2917.06,16.508545557441995,,,,,,
2021-07-06,3710.695,20.999971703452182,,,,,,
2021-07-06,1618.67,9.160554612337297,,,,,,
2021-07-06,1106.065,6.259564233163554,,,,,,
2021-07-09,528.776,2.992507074136955,,,,,,
2021-07-09,620.15,3.5096208262591966,,,,,,
2021-07-09,1727.785,9.778070175438598,,,,,,
2021-07-09,496.905,2.8121392190152803,,,,,,
2021-07-09,1346.275,7.6189869835880035,,,,,,
2021-07-09,2428.79,13.745274476513867,,,,,,
2021-07-09,890.19,5.037860780984721,,,,,,
2021-07-09,446.665,2.5278155065082064,,,,,,
2021-07-13,1657.92,9.382682512733448,,,,,,
2021-07-13,1336.855,7.565676287492926,,,,,,
2021-07-13,6667.005,37.730645161290326,,,,,,
2021-07-13,831.315,4.704668930390493,,,,,,
2021-07-13,3427.31,19.396208262591966,,,,,,
2021-07-13,5927.535,33.54575551782683,,,,,,
2021-07-13,5162.945,29.21870401810979,,,,,,
2021-07-13,2252.95,12.750141482739105,,,,,,
2021-07-16,7090.905,40.129626485568764,,,,,,
2021-07-16,6043.715,34.20325410299944,,,,,,
2021-07-16,17427.79,98.6292586304471,,,,,,
2021-07-16,2719.24,15.389020939445388,,,,,,
2021-07-16,10235.62,57.92654216185626,,,,,,
2021-07-16,9116.99,51.59586870401811,,,,,,
2021-07-16,15171.7,85.8613469156763,,,,,,
2021-07-16,5866.305,33.19923599320883,,,,,,
2021-07-20,7723.615,43.71032823995473,,,,,,
2021-07-20,5449.47,30.8402376910017,,,,,,
2021-07-20,16973.27,96.05698924731183,,,,,,
2021-07-20,3255.395,18.42328805885682,,,,,,
2021-07-20,13162.1,74.48839841539333,,,,,,
2021-07-20,9865.095,55.82962648556876,,,,,,
2021-07-20,13383.47,75.74119977362761,,,,,,
2021-07-20,4315.93,24.42518392756084,,,,,,
2021-07-28,24219.61,137.06627051499717,,,,,,
2021-07-28,22016.9,124.60045274476515,,,,,,
2021-07-28,50742.4,287.1669496321449,,,,,,
2021-07-28,9002.38,50.947255234861345,,,,,,
2021-07-28,42525.02,240.66225240520657,,,,,,
2021-07-28,34090.2,192.9269949066214,,,,,,
2021-07-28,37362.86,211.44799094510472,,,,,,
2021-07-28,25347.65,143.45019807583478,,,,,,
2021-08-03,33163.11,187.6803056027165,,,,,,
2021-08-03,23472.29,132.83695529145444,,,,,,
2021-08-03,54241.15,306.9674589700057,,,,,,
2021-08-03,7919.08,44.81652518392756,,,,,,
2021-08-03,43520.4,246.295415959253,,,,,,
2021-08-03,40248.52,227.77883418222976,,,,,,
2021-08-03,39090.65,221.22608941709115,,,,,,
2021-08-03,28205.84,159.62558007923033,,,,,,
2021-08-10,41856.2,236.87719298245614,,,,,,
2021-08-10,34069.79,192.8114883984154,,,,,,
2021-08-10,62268.56,352.3970571590266,,,,,,
2021-08-10,12041.9,68.14883984153933,,,,,,
2021-08-10,61505.54,348.0788907753254,,,,,,
2021-08-10,57283.81,324.1868138087153,,,,,,
2021-08-10,59091.66,334.4179966044143,,,,,,
2021-08-10,34319.42,194.22422184493493,,,,,,
2021-08-17,50952.78,288.3575551782683,,,,,,
2021-08-17,36710.53,207.7562535370685,,,,,,
2021-08-17,68545.42,387.9197509903792,,,,,,
2021-08-17,14816.88,83.85331069609508,,,,,,
2021-08-17,75221.06,425.6992642897567,,,,,,
2021-08-17,74446.26,421.3144312393888,,,,,,
2021-08-17,50948.07,288.33089983022074,,,,,,
2021-08-17,41727.46,236.14861346915677,,,,,,
2021-08-24,122732.4,694.5806451612904,,,,,,
2021-08-24,102714.9,581.295415959253,,,,,,
2021-08-24,157398.0,890.7640067911715,,,,,,
2021-08-24,40876.52,231.3328805885682,,,,,,
2021-08-24,153849.0,870.679117147708,,,,,,
2021-08-24,174139.7,985.510469722694,,,,,,
2021-08-24,128947.2,729.7521222410866,,,,,,
2021-08-24,184511.9,1044.209960384833,,,,,,
2021-09-04,94769.91,536.3322580645162,,,,,,
2021-09-04,72113.24,408.1111488398416,,,,,,
2021-09-04,118699.1,671.7549518958688,,,,,,
2021-09-04,58005.22,328.2694963214488,,,,,,
2021-09-04,120528.9,682.1103565365025,,,,,,
2021-09-04,22475.34,127.19490662139219,,,,,,
2021-09-04,16252.64,91.97872099603849,,,,,,
2021-09-04,86687.55,490.5916808149406,,,,,,
2022-05-19,0.0,0.0,,,,,,
2022-05-19,0.0,0.0,,,,,,
2022-05-19,0.0,0.0,,,,,,
2022-05-19,0.0,0.0,,,,,,
2022-05-19,0.0,0.0,,,,,,
2022-05-19,0.0,0.0,,,,,,
2022-05-19,0.0,0.0,,,,,,
2022-05-19,0.0,0.0,,,,,,
2022-05-19,0.0,0.0,,,,,,
2022-05-19,0.0,0.0,,,,,,
2022-05-19,0.0,0.0,,,,,,
2022-05-19,0.0,0.0,,,,,,
2022-05-21,0.0,0.0,,,,,,
2022-05-21,0.0,0.0,,,,,,
2022-05-21,0.0,0.0,,,,,,
2022-05-21,0.0,0.0,,,,,,
2022-05-21,0.0,0.0,,,,,,
2022-05-21,0.0,0.0,,,,,,
2022-05-21,0.0,0.0,,,,,,
2022-05-21,0.0,0.0,,,,,,
2022-05-21,186.83,1.057328805885682,,,,,,
2022-05-21,94.985,0.5375495189586871,,,,,,
2022-05-21,0.0,0.0,,,,,,
2022-05-21,164.85,0.932937181663837,,,,,,
2022-05-23,0.0,0.0,,,,,,
2022-05-23,0.0,0.0,,,,,,
2022-05-23,0.0,0.0,,,,,,
2022-05-23,0.0,0.0,,,,,,
2022-05-23,0.0,0.0,,,,,,
2022-05-23,0.0,0.0,,,,,,
2022-05-23,0.0,0.0,,,,,,
2022-05-23,0.0,0.0,,,,,,
2022-05-23,397.995,2.252376910016978,,,,,,
2022-05-23,146.795,0.8307583474816073,,,,,,
2022-05-23,78.5,0.44425580079230337,,,,,,
2022-05-23,389.36,2.2035087719298247,,,,,,
2022-05-25,0.0,0.0,,,,,,
2022-05-25,0.0,0.0,,,,,,
2022-05-25,0.0,0.0,,,,,,
2022-05-25,0.0,0.0,,,,,,
2022-05-25,0.0,0.0,,,,,,
2022-05-25,0.0,0.0,,,,,,
2022-05-25,0.0,0.0,,,,,,
2022-05-25,0.0,0.0,,,,,,
2022-05-25,308.505,1.7459252971137522,,,,,,
2022-05-25,164.85,0.932937181663837,,,,,,
2022-05-25,251.2,1.4216185625353708,,,,,,
2022-05-25,475.71,2.6921901528013583,,,,,,
2022-05-27,0.0,0.0,,,,,,
2022-05-27,0.0,0.0,,,,,,
2022-05-27,0.0,0.0,,,,,,
2022-05-27,0.0,0.0,,,,,,
2022-05-27,0.0,0.0,,,,,,
2022-05-27,0.0,0.0,,,,,,
2022-05-27,0.0,0.0,,,,,,
2022-05-27,0.0,0.0,,,,,,
2022-05-27,215.875,1.2217034521788344,,,,,,
2022-05-27,164.85,0.932937181663837,,,,,,
2022-05-27,245.705,1.3905206564799095,,,,,,
2022-05-27,273.18,1.5460101867572158,,,,,,
2022-05-29,0.0,0.0,,,,,,
2022-05-29,,,,,,,,
2022-05-29,0.0,0.0,,,,,,
2022-05-29,0.0,0.0,,,,,,
2022-05-29,0.0,0.0,,,,,,
2022-05-29,0.0,0.0,,,,,,
2022-05-29,0.0,0.0,,,,,,
2022-05-29,0.0,0.0,,,,,,
2022-05-29,321.065,1.8170062252405208,,,,,,
2022-05-29,300.655,1.7014997170345219,,,,,,
2022-05-29,296.73,1.679286926994907,,,,,,
2022-05-29,833.67,4.717996604414261,,,,,,
2022-05-31,0.0,0.0,,,,,,
2022-05-31,78.5,0.44425580079230337,,,,,,
2022-05-31,0.0,0.0,,,,,,
2022-05-31,0.0,0.0,,,,,,
2022-05-31,0.0,0.0,,,,,,
2022-05-31,0.0,0.0,,,,,,
2022-05-31,0.0,0.0,,,,,,
2022-05-31,0.0,0.0,,,,,,
2022-05-31,562.845,3.1853140916808154,,,,,,
2022-05-31,673.53,3.8117147707979626,,,,,,
2022-05-31,492.98,2.789926428975665,,,,,,
2022-05-31,1464.025,8.285370684776458,,,,,,
2022-06-02,0.0,0.0,,,,,,
2022-06-02,104.405,0.5908602150537635,,,,,,
2022-06-02,0.0,0.0,,,,,,
2022-06-02,12.0,0.06791171477079797,,,,,,
2022-06-02,0.0,0.0,,,,,,
2022-06-02,0.0,0.0,,,,,,
2022-06-02,0.0,0.0,,,,,,
2022-06-02,0.0,0.0,,,,,,
2022-06-02,366.595,2.0746745897000567,,,,,,
2022-06-02,302.225,1.7103848330503681,,,,,,
2022-06-02,646.84,3.66066779852858,,,,,,
2022-06-02,1433.41,8.11211092246746,,,,,,
2022-06-04,0.0,0.0,,,,,,
2022-06-04,96.555,0.5464346349745332,,,,,,
2022-06-04,14.0,0.07923033389926429,,,,,,
2022-06-04,94.985,0.5375495189586871,,,,,,
2022-06-04,0.0,0.0,,,,,,
2022-06-04,0.0,0.0,,,,,,
2022-06-04,0.0,0.0,,,,,,
2022-06-04,0.0,0.0,,,,,,
2022-06-04,474.14,2.6833050367855122,,,,,,
2022-06-04,136.59,0.7730050933786079,,,,,,
2022-06-04,434.105,2.456734578381438,,,,,,
2022-06-04,2667.43,15.095812110922468,,,,,,
2022-06-06,,,,,,,,
2022-06-06,0.0,0.0,,,,,,
2022-06-06,67.51,0.3820599886813809,,,,,,
2022-06-06,253.555,1.4349462365591399,,,,,,
2022-06-06,0.0,0.0,,,,,,
2022-06-06,0.0,0.0,,,,,,
2022-06-06,78.5,0.44425580079230337,,,,,,
2022-06-06,0.0,0.0,,,,,,
2022-06-06,1192.415,6.748245614035088,,,,,,
2022-06-06,192.325,1.0884267119411433,,,,,,
2022-06-06,616.225,3.4874080362195814,,,,,,
2022-06-06,4301.015,24.340775325410302,,,,,,
2022-06-08,78.5,0.44425580079230337,,,,,,
2022-06-08,66.725,0.3776174306734578,,,,,,
2022-06-08,47.885,0.27099603848330506,,,,,,
2022-06-08,186.83,1.057328805885682,,,,,,
2022-06-08,0.0,0.0,,,,,,
2022-06-08,0.0,0.0,,,,,,
2022-06-08,0.0,0.0,,,,,,
2022-06-08,0.0,0.0,,,,,,
2022-06-08,1548.02,8.760724391624223,,,,,,
2022-06-08,134.235,0.7596774193548388,,,,,,
2022-06-08,789.71,4.469213355970572,,,,,,
2022-06-08,4398.355,24.891652518392757,,,,,,
2022-06-10,94.985,0.5375495189586871,,,,,,
2022-06-10,39.25,0.22212790039615168,,,,,,
2022-06-10,19.625,0.11106395019807584,,,,,,
2022-06-10,183.69,1.0395585738539899,,,,,,
2022-06-10,78.5,0.44425580079230337,,,,,,
2022-06-10,0.0,0.0,,,,,,
2022-06-10,19.625,0.11106395019807584,,,,,,
2022-06-10,0.0,0.0,,,,,,
2022-06-10,916.095,5.18446519524618,,,,,,
2022-06-10,259.835,1.470486700622524,,,,,,
2022-06-10,686.09,3.8827956989247316,,,,,,
2022-06-10,3437.515,19.453961516694964,,,,,,
2022-06-13,87.135,0.49312393887945677,,,,,,
2022-06-13,0.0,0.0,,,,,,
2022-06-13,0.0,0.0,,,,,,
2022-06-13,428.61,2.4256366723259766,,,,,,
2022-06-13,47.885,0.27099603848330506,,,,,,
2022-06-13,0.0,0.0,,,,,,
2022-06-13,0.0,0.0,,,,,,
2022-06-13,0.0,0.0,,,,,,
2022-06-13,1330.575,7.530135823429542,,,,,,
2022-06-13,396.425,2.243491794001132,,,,,,
2022-06-13,736.33,4.1671194114318055,,,,,,
2022-06-13,6614.41,37.43299377475948,,,,,,
2022-06-15,134.235,0.7596774193548388,,,,,,
2022-06-15,58.09,0.32874929258630453,,,,,,
2022-06-15,263.76,1.4926994906621394,,,,,,
2022-06-15,1390.235,7.867770232031692,,,,,,
2022-06-15,19.625,0.11106395019807584,,,,,,
2022-06-15,78.5,0.44425580079230337,,,,,,
2022-06-15,19.625,0.11106395019807584,,,,,,
2022-06-15,0.0,0.0,,,,,,
2022-06-15,3803.325,21.524193548387096,,,,,,
2022-06-15,780.29,4.415902659875496,,,,,,
2022-06-15,2340.87,13.247707979626485,,,,,,
2022-06-15,10809.45,61.17402376910018,,,,,,
2022-06-17,204.1,1.1550650820599888,,,,,,
2022-06-17,97.34,0.5508771929824562,,,,,,
2022-06-17,222.94,1.2616864742501415,,,,,,
2022-06-17,1734.85,9.818053197509904,,,,,,
2022-06-17,0.0,0.0,,,,,,
2022-06-17,47.885,0.27099603848330506,,,,,,
2022-06-17,0.0,0.0,,,,,,
2022-06-17,0.0,0.0,,,,,,
2022-06-17,3648.68,20.64900962082626,,,,,,
2022-06-17,1138.25,6.441709111488398,,,,,,
2022-06-17,1635.94,9.258290888511603,,,,,,
2022-06-17,10559.04,59.75687606112055,,,,,,
2022-06-20,167.99,0.9507074136955292,,,,,,
2022-06-20,183.69,1.0395585738539899,,,,,,
2022-06-20,194.68,1.1017543859649124,,,,,,
2022-06-20,1550.375,8.774052065647991,,,,,,
2022-06-20,0.0,0.0,,,,,,
2022-06-20,56.52,0.31986417657045846,,,,,,
2022-06-20,19.625,0.11106395019807584,,,,,,
2022-06-20,0.0,0.0,,,,,,
2022-06-20,3264.03,18.472156196943974,,,,,,
2022-06-20,1069.955,6.055206564799095,,,,,,
2022-06-20,1022.855,5.788653084323713,,,,,,
2022-06-20,12220.88,69.16174306734578,,,,,,
2022-06-22,58.875,0.3331918505942275,,,,,,
2022-06-22,47.885,0.27099603848330506,,,,,,
2022-06-22,172.7,0.9773627617430674,,,,,,
2022-06-22,507.895,2.874335031126203,,,,,,
2022-06-22,0.0,0.0,,,,,,
2022-06-22,19.625,0.11106395019807584,,,,,,
2022-06-22,0.0,0.0,,,,,,
2022-06-22,0.0,0.0,,,,,,
2022-06-22,2771.835,15.686672325976232,,,,,,
2022-06-22,785.0,4.442558007923034,,,,,,
2022-06-22,1105.28,6.255121675155631,,,,,,
2022-06-22,7860.205,44.483333333333334,,,,,,
2022-06-24,58.09,0.32874929258630453,,,,,,
2022-06-24,86.35,0.4886813808715337,,,,,,
2022-06-24,135.805,0.7685625353706849,,,,,,
2022-06-24,613.085,3.4696378041878897,,,,,,
2022-06-24,0.0,0.0,,,,,,
2022-06-24,19.625,0.11106395019807584,,,,,,
2022-06-24,0.0,0.0,,,,,,
2022-06-24,0.0,0.0,,,,,,
2022-06-24,2066.905,11.697255234861348,,,,,,
2022-06-24,598.17,3.3852292020373516,,,,,,
2022-06-24,825.82,4.673571024335032,,,,,,
2022-06-24,7017.115,39.712026032824,,,,,,
2022-06-27,117.75,0.666383701188455,,,,,,
2022-06-27,145.225,0.8218732314657612,,,,,,
2022-06-27,164.85,0.932937181663837,,,,,,
2022-06-27,653.905,3.7006508205998867,,,,,,
2022-06-27,0.0,0.0,,,,,,
2022-06-27,0.0,0.0,,,,,,
2022-06-27,28.26,0.15993208828522923,,,,,,
2022-06-27,78.5,0.44425580079230337,,,,,,
2022-06-27,1441.26,8.15653650254669,,,,,,
2022-06-27,436.46,2.4700622524052065,,,,,,
2022-06-27,576.19,3.260837577815507,,,,,,
2022-06-27,4640.135,26.259960384833054,,,,,,
2022-06-29,154.645,0.8751839275608377,,,,,,
2022-06-29,98.125,0.5553197509903792,,,,,,
2022-06-29,282.6,1.5993208828522922,,,,,,
2022-06-29,1237.16,7.001471420486702,,,,,,
2022-06-29,47.885,0.27099603848330506,,,,,,
2022-06-29,58.09,0.32874929258630453,,,,,,
2022-06-29,66.725,0.3776174306734578,,,,,,
2022-06-29,0.0,0.0,,,,,,
2022-06-29,3329.185,18.840888511601584,,,,,,
2022-06-29,888.62,5.028975664968874,,,,,,
2022-06-29,1635.94,9.258290888511603,,,,,,
2022-06-29,11882.55,67.24702886247877,,,,,,
2022-07-01,234.715,1.328324844368987,,,,,,
2022-07-01,164.85,0.932937181663837,,,,,,
2022-07-01,378.37,2.1413129598189022,,,,,,
2022-07-01,2231.755,12.630192416525185,,,,,,
2022-07-01,19.625,0.11106395019807584,,,,,,
2022-07-01,153.075,0.8662988115449916,,,,,,
2022-07-01,0.0,0.0,,,,,,
2022-07-01,67.51,0.3820599886813809,,,,,,
2022-07-01,4735.12,26.797509903791738,,,,,,
2022-07-01,1952.295,11.048641765704586,,,,,,
2022-07-01,2274.93,12.87453310696095,,,,,,
2022-07-01,14413.39,81.56983588002264,,,,,,
2022-07-04,338.335,1.9147425014148274,,,,,,
2022-07-04,221.37,1.2528013582342956,,,,,,
2022-07-04,343.83,1.9458404074702886,,,,,,
2022-07-04,2453.125,13.88299377475948,,,,,,
2022-07-04,47.885,0.27099603848330506,,,,,,
2022-07-04,194.68,1.1017543859649124,,,,,,
2022-07-04,76.93,0.43537068477645735,,,,,,
2022-07-04,124.815,0.7063667232597624,,,,,,
2022-07-04,4002.715,22.65260328239955,,,,,,
2022-07-04,1858.095,10.515534804753822,,,,,,
2022-07-04,2587.36,14.64267119411432,,,,,,
2022-07-04,11824.46,66.91827956989248,,,,,,
2022-07-06,390.93,2.212393887945671,,,,,,
2022-07-06,212.735,1.2039332201471422,,,,,,
2022-07-06,493.765,2.794368986983588,,,,,,
2022-07-06,2025.3,11.461799660441427,,,,,,
2022-07-06,47.885,0.27099603848330506,,,,,,
2022-07-06,175.055,0.9906904357668366,,,,,,
2022-07-06,86.35,0.4886813808715337,,,,,,
2022-07-06,77.715,0.43981324278438033,,,,,,
2022-07-06,4126.745,23.35452744765139,,,,,,
2022-07-06,1946.015,11.013101301641202,,,,,,
2022-07-06,2046.495,11.581748726655348,,,,,,
2022-07-06,14042.87,79.47294850028298,,,,,,
2022-07-08,512.605,2.900990379173741,,,,,,
2022-07-08,203.315,1.1506225240520658,,,,,,
2022-07-08,435.675,2.465619694397284,,,,,,
2022-07-08,3318.195,18.778692699490666,,,,,,
2022-07-08,67.51,0.3820599886813809,,,,,,
2022-07-08,213.52,1.2083757781550652,,,,,,
2022-07-08,66.725,0.3776174306734578,,,,,,
2022-07-08,147.58,0.8352009054895304,,,,,,
2022-07-08,5363.905,30.355998868138087,,,,,,
2022-07-08,2568.52,14.536049801924166,,,,,,
2022-07-08,2739.65,15.504527447651387,,,,,,
2022-07-08,26962.4,152.58856819468028,,,,,,
2022-07-11,712.78,4.033842671194114,,,,,,
2022-07-11,549.5,3.1097906055461237,,,,,,
2022-07-11,575.405,3.2563950198075835,,,,,,
2022-07-11,3370.79,19.076344086021507,,,,,,
2022-07-11,95.77,0.5419920769666101,,,,,,
2022-07-11,270.825,1.5326825127334465,,,,,,
2022-07-11,155.43,0.8796264855687607,,,,,,
2022-07-11,182.12,1.0306734578381438,,,,,,
2022-07-11,7768.36,43.96355404640634,,,,,,
2022-07-11,3731.89,21.119920769666102,,,,,,
2022-07-11,3360.585,19.01859083191851,,,,,,
2022-07-11,27237.93,154.14787775891344,,,,,,
2022-07-13,657.045,3.718421052631579,,,,,,
2022-07-13,222.94,1.2616864742501415,,,,,,
2022-07-13,399.565,2.2612620260328242,,,,,,
2022-07-13,4143.23,23.447821165817768,,,,,,
2022-07-13,67.51,0.3820599886813809,,,,,,
2022-07-13,309.29,1.7503678551216755,,,,,,
2022-07-13,117.75,0.666383701188455,,,,,,
2022-07-13,153.86,0.8707413695529147,,,,,,
2022-07-13,7167.835,40.56499717034522,,,,,,
2022-07-13,2609.34,14.767062818336164,,,,,,
2022-07-13,3168.26,17.930164119977366,,,,,,
2022-07-13,33496.74,189.56842105263158,,,,,,
2022-07-15,567.555,3.211969439728353,,,,,,
2022-07-15,195.465,1.1061969439728354,,,,,,
2022-07-15,346.97,1.963610639501981,,,,,,
2022-07-15,3085.835,17.463695529145447,,,,,,
2022-07-15,0.0,0.0,,,,,,
2022-07-15,164.85,0.932937181663837,,,,,,
2022-07-15,0.0,0.0,,,,,,
2022-07-15,76.145,0.43092812676853426,,,,,,
2022-07-15,5746.985,32.523967176004525,,,,,,
2022-07-15,1952.295,11.048641765704586,,,,,,
2022-07-15,2132.845,12.070430107526882,,,,,,
2022-07-15,21529.41,121.84159592529713,,,,,,
2022-07-18,1022.855,5.788653084323713,,,,,,
2022-07-18,497.69,2.8165817770232033,,,,,,
2022-07-18,559.705,3.167543859649123,,,,,,
2022-07-18,2694.12,15.24685908319185,,,,,,
2022-07-18,84.78,0.47979626485568766,,,,,,
2022-07-18,105.975,0.5997453310696095,,,,,,
2022-07-18,194.68,1.1017543859649124,,,,,,
2022-07-18,181.335,1.0262308998302208,,,,,,
2022-07-18,8076.865,45.709479343520094,,,,,,
2022-07-18,2140.695,12.114855687606115,,,,,,
2022-07-18,3496.39,19.787153367289193,,,,,,
2022-07-18,34042.31,192.65597057159027,,,,,,
2022-07-20,1544.095,8.738511601584607,,,,,,
2022-07-20,893.33,5.055631013016413,,,,,,
2022-07-20,1018.145,5.761997736276174,,,,,,
2022-07-20,5443.19,30.804697226938313,,,,,,
2022-07-20,125.6,0.7108092812676854,,,,,,
2022-07-20,671.96,3.802829654782117,,,,,,
2022-07-20,206.455,1.168392756083758,,,,,,
2022-07-20,243.35,1.3771929824561404,,,,,,
2022-07-20,18027.53,102.02337294850028,,,,,,
2022-07-20,6040.575,34.185483870967744,,,,,,
2022-07-20,6210.92,35.14951895868704,,,,,,
2022-07-20,58488.0,331.00169779286927,,,,,,
2022-07-22,2051.205,11.608404074702886,,,,,,
2022-07-22,1049.545,5.939700056593097,,,,,,
2022-07-22,744.18,4.211544991511036,,,,,,
2022-07-22,6416.59,36.31346915676288,,,,,,
2022-07-22,134.235,0.7596774193548388,,,,,,
2022-07-22,658.615,3.7273061686474254,,,,,,
2022-07-22,233.145,1.3194397283531412,,,,,,
2022-07-22,368.165,2.0835597057159028,,,,,,
2022-07-22,14373.35,81.34323712507074,,,,,,
2022-07-22,8952.14,50.66293152235427,,,,,,
2022-07-22,6921.345,39.17003395585739,,,,,,
2022-07-22,69843.81,395.26774193548385,,,,,,
2022-07-25,1431.055,8.098783248443691,,,,,,
2022-07-25,738.685,4.180447085455574,,,,,,
2022-07-25,426.255,2.4123089983022075,,,,,,
2022-07-25,5264.21,29.791794001131866,,,,,,
2022-07-25,95.77,0.5419920769666101,,,,,,
2022-07-25,264.545,1.4971420486700624,,,,,,
2022-07-25,124.815,0.7063667232597624,,,,,,
2022-07-25,204.1,1.1550650820599888,,,,,,
2022-07-25,10755.29,60.86751556310131,,,,,,
2022-07-25,6225.835,35.23392756083758,,,,,,
2022-07-25,7957.545,45.034210526315796,,,,,,
2022-07-25,52598.93,297.67362761743067,,,,,,
2022-07-27,1760.755,9.964657611771365,,,,,,
2022-07-27,1080.945,6.117402376910017,,,,,,
2022-07-27,525.165,2.972071307300509,,,,,,
2022-07-27,6389.115,36.15797962648557,,,,,,
2022-07-27,193.11,1.0928692699490663,,,,,,
2022-07-27,476.495,2.6966327108092814,,,,,,
2022-07-27,505.54,2.8610073571024337,,,,,,
2022-07-27,415.265,2.350113186191285,,,,,,
2022-07-27,18102.89,102.44985851726089,,,,,,
2022-07-27,9166.445,51.87574985851726,,,,,,
2022-07-27,10248.96,58.00203735144312,,,,,,
2022-07-27,58698.38,332.19230333899264,,,,,,
2022-07-29,1685.395,9.538172043010753,,,,,,
2022-07-29,1938.165,10.96867572156197,,,,,,
2022-07-29,855.65,4.842388228636106,,,,,,
2022-07-29,6225.835,35.23392756083758,,,,,,
2022-07-29,262.975,1.4882569326542163,,,,,,
2022-07-29,895.685,5.0689586870401815,,,,,,
2022-07-29,456.87,2.5855687606112054,,,,,,
2022-07-29,456.87,2.5855687606112054,,,,,,
2022-07-29,26821.88,151.79332201471422,,,,,,
2022-07-29,13710.81,77.59371816638371,,,,,,
2022-07-29,12026.2,68.05998868138089,,,,,,
2022-07-29,77114.48,436.41471420486704,,,,,,
2022-08-01,1665.77,9.427108092812677,,,,,,
2022-08-01,2168.955,12.274787775891342,,,,,,
2022-08-01,1261.495,7.139190718732315,,,,,,
2022-08-01,7933.21,44.896491228070175,,,,,,
2022-08-01,262.975,1.4882569326542163,,,,,,
2022-08-01,931.01,5.268873797396718,,,,,,
2022-08-01,423.9,2.398981324278438,,,,,,
2022-08-01,358.745,2.0302490096208263,,,,,,
2022-08-01,25737.8,145.65817770232033,,,,,,
2022-08-01,13286.13,75.19032258064516,,,,,,
2022-08-01,13561.66,76.74963214487833,,,,,,
2022-08-01,85133.25,481.795415959253,,,,,,
2022-08-03,4420.335,25.016044142614604,,,,,,
2022-08-03,4192.685,23.727702320316926,,,,,,
2022-08-03,2070.045,11.71502546689304,,,,,,
2022-08-03,19300.01,109.2247311827957,,,,,,
2022-08-03,698.65,3.9538766270515,,,,,,
2022-08-03,1652.425,9.351584606677985,,,,,,
2022-08-03,726.91,4.113808715336729,,,,,,
2022-08-03,1409.075,7.9743916242218456,,,,,,
2022-08-03,43932.53,248.6277872099604,,,,,,
2022-08-03,28803.22,163.00633842671195,,,,,,
2022-08-03,22181.75,125.53338992642898,,,,,,
2022-08-03,201261.4,1139.0005659309566,,,,,,
2022-08-08,5783.88,32.732767402376915,,,,,,
2022-08-08,4736.69,26.80639501980758,,,,,,
2022-08-08,3050.51,17.26378041878891,,,,,,
2022-08-08,22480.05,127.22156196943973,,,,,,
2022-08-08,408.985,2.3145727221279007,,,,,,
2022-08-08,1478.94,8.369779286926995,,,,,,
2022-08-08,1439.69,8.147651386530844,,,,,,
2022-08-08,1186.92,6.717147707979628,,,,,,
2022-08-08,47202.05,267.13101301641206,,,,,,
2022-08-08,28566.15,161.6646859083192,,,,,,
2022-08-08,22995.01,130.13588002263722,,,,,,
2022-08-08,203456.3,1151.4221844934918,,,,,,
2022-08-15,7861.775,44.49221844934918,,,,,,
2022-08-15,3956.4,22.39049235993209,,,,,,
2022-08-15,3545.845,20.067034521788344,,,,,,
2022-08-15,21395.96,121.0863610639502,,,,,,
2022-08-15,233.93,1.323882286361064,,,,,,
2022-08-15,1140.605,6.455036785512168,,,,,,
2022-08-15,1294.465,7.325778155065082,,,,,,
2022-08-15,1347.06,7.623429541595925,,,,,,
2022-08-15,51068.18,289.0106395019808,,,,,,
2022-08-15,33795.82,191.26100735710244,,,,,,
2022-08-15,35063.6,198.43576683644596,,,,,,
2022-08-15,152663.7,863.9711375212225,,,,,,
2023-05-22,0.0,0.0,,,,,,
2023-05-22,0.0,0.0,,,,,,
2023-05-22,0.0,0.0,,,,,,
2023-05-22,0.0,0.0,,,,,,
2023-05-22,0.0,0.0,,,,,,
2023-05-22,0.0,0.0,,,,,,
2023-05-22,0.0,0.0,,,,,,
2023-05-22,0.0,0.0,,,,,,
2023-05-22,0.0,0.0,,,,,,
2023-05-22,0.0,0.0,,,,,,
2023-05-22,0.0,0.0,,,,,,
2023-05-22,0.0,0.0,,,,,,
2023-05-23,0.0,0.0,,,,,,
2023-05-23,0.0,0.0,,,,,,
2023-05-23,0.0,0.0,,,,,,
2023-05-23,0.0,0.0,,,,,,
2023-05-23,0.0,0.0,,,,,,
2023-05-23,0.0,0.0,,,,,,
2023-05-23,0.0,0.0,,,,,,
2023-05-23,0.0,0.0,,,,,,
2023-05-23,0.0,0.0,,,,,,
2023-05-23,0.0,0.0,,,,,,
2023-05-23,0.0,0.0,,,,,,
2023-05-23,0.0,0.0,,,,,,
2023-05-25,0.0,0.0,,,,,,
2023-05-25,0.0,0.0,,,,,,
2023-05-25,0.0,0.0,,,,,,
2023-05-25,0.0,0.0,,,,,,
2023-05-25,0.0,0.0,,,,,,
2023-05-25,0.0,0.0,,,,,,
2023-05-25,0.0,0.0,,,,,,
2023-05-25,0.0,0.0,,,,,,
2023-05-25,78.5,0.44425580079230337,,,,,,
2023-05-25,0.0,0.0,,,,,,
2023-05-25,0.0,0.0,,,,,,
2023-05-25,0.0,0.0,,,,,,
2023-05-27,0.0,0.0,,,,,,
2023-05-27,0.0,0.0,,,,,,
2023-05-27,0.0,0.0,,,,,,
2023-05-27,0.0,0.0,,,,,,
2023-05-27,0.0,0.0,,,,,,
2023-05-27,0.0,0.0,,,,,,
2023-05-27,0.0,0.0,,,,,,
2023-05-27,0.0,0.0,,,,,,
2023-05-27,167.205,0.9462648556876062,,,,,,
2023-05-27,230.005,1.3016694963214488,,,,,,
2023-05-27,100.48,0.5686474250141483,,,,,,
2023-05-27,94.985,0.5375495189586871,,,,,,
2023-05-29,0.0,0.0,,,,,,
2023-05-29,155.43,0.8796264855687607,,,,,,
2023-05-29,0.0,0.0,,,,,,
2023-05-29,88.705,0.5020090548953028,,,,,,
2023-05-29,0.0,0.0,,,,,,
2023-05-29,0.0,0.0,,,,,,
2023-05-29,0.0,0.0,,,,,,
2023-05-29,0.0,0.0,,,,,,
2023-05-29,546.36,3.0920203735144316,,,,,,
2023-05-29,509.465,2.883220147142049,,,,,,
2023-05-29,241.78,1.3683078664402943,,,,,,
2023-05-29,370.52,2.096887379739672,,,,,,
2023-05-31,0.0,0.0,,,,,,
2023-05-31,167.21,0.9462931522354274,,,,,,
2023-05-31,364.24,2.0613469156762876,,,,,,
2023-05-31,203.315,1.1506225240520658,,,,,,
2023-05-31,0.0,0.0,,,,,,
2023-05-31,0.0,0.0,,,,,,
2023-05-31,0.0,0.0,,,,,,
2023-05-31,0.0,0.0,,,,,,
2023-05-31,638.99,3.6162422184493495,,,,,,
2023-05-31,445.88,2.523372948500283,,,,,,
2023-05-31,310.86,1.7592529711375213,,,,,,
2023-05-31,330.485,1.8703169213355972,,,,,,
2023-06-01,0.0,0.0,,,,,,
2023-06-01,195.465,1.1061969439728354,,,,,,
2023-06-01,232.36,1.3149971703452181,,,,,,
2023-06-01,155.43,0.8796264855687607,,,,,,
2023-06-01,0.0,0.0,,,,,,
2023-06-01,0.0,0.0,,,,,,
2023-06-01,0.0,0.0,,,,,,
2023-06-01,0.0,0.0,,,,,,
2023-06-01,993.025,5.619835880022637,,,,,,
2023-06-01,342.26,1.9369552914544426,,,,,,
2023-06-01,408.2,2.3101301641199776,,,,,,
2023-06-01,295.945,1.6748443689869836,,,,,,
2023-06-04,0.0,0.0,,,,,,
2023-06-04,108.33,0.6130730050933786,,,,,,
2023-06-04,251.985,1.4260611205432938,,,,,,
2023-06-04,217.445,1.2305885681946802,,,,,,
2023-06-04,0.0,0.0,,,,,,
2023-06-04,0.0,0.0,,,,,,
2023-06-04,0.0,0.0,,,,,,
2023-06-04,0.0,0.0,,,,,,
2023-06-04,1140.605,6.455036785512168,,,,,,
2023-06-04,503.97,2.8521222410865876,,,,,,
2023-06-04,400.35,2.2657045840407473,,,,,,
2023-06-04,958.485,5.424363327674024,,,,,,
2023-06-06,0.0,0.0,,,,,,
2023-06-06,116.965,0.661941143180532,,,,,,
2023-06-06,167.205,0.9462648556876062,,,,,,
2023-06-06,136.59,0.7730050933786079,,,,,,
2023-06-06,0.0,0.0,,,,,,
2023-06-06,0.0,0.0,,,,,,
2023-06-06,0.0,0.0,,,,,,
2023-06-06,0.0,0.0,,,,,,
2023-06-06,447.45,2.532258064516129,,,,,,
2023-06-06,434.105,2.456734578381438,,,,,,
2023-06-06,280.245,1.5859932088285231,,,,,,
2023-06-06,781.86,4.424787775891342,,,,,,
2023-06-08,0.0,0.0,,,,,,
2023-06-08,0.0,0.0,,,,,,
2023-06-08,0.0,0.0,,,,,,
2023-06-08,76.93,0.43537068477645735,,,,,,
2023-06-08,0.0,0.0,,,,,,
2023-06-08,0.0,0.0,,,,,,
2023-06-08,0.0,0.0,,,,,,
2023-06-08,0.0,0.0,,,,,,
2023-06-08,303.795,1.7192699490662142,,,,,,
2023-06-08,331.27,1.87475947934352,,,,,,
2023-06-08,178.98,1.0129032258064516,,,,,,
2023-06-08,359.53,2.0346915676287494,,,,,,
2023-06-09,0.0,0.0,,,,,,
2023-06-09,89.49,0.5064516129032258,,,,,,
2023-06-09,0.0,0.0,,,,,,
2023-06-09,105.19,0.5953027730616866,,,,,,
2023-06-09,0.0,0.0,,,,,,
2023-06-09,0.0,0.0,,,,,,
2023-06-09,0.0,0.0,,,,,,
2023-06-09,0.0,0.0,,,,,,
2023-06-09,350.11,1.9813808715336731,,,,,,
2023-06-09,385.435,2.1812959818902096,,,,,,
2023-06-09,213.52,1.2083757781550652,,,,,,
2023-06-09,268.47,1.5193548387096776,,,,,,
2023-06-12,0.0,0.0,,,,,,
2023-06-12,66.725,0.3776174306734578,,,,,,
2023-06-12,0.0,0.0,,,,,,
2023-06-12,98.125,0.5553197509903792,,,,,,
2023-06-12,0.0,0.0,,,,,,
2023-06-12,0.0,0.0,,,,,,
2023-06-12,0.0,0.0,,,,,,
2023-06-12,0.0,0.0,,,,,,
2023-06-12,358.745,2.0302490096208263,,,,,,
2023-06-12,288.095,1.6304187889077535,,,,,,
2023-06-12,394.07,2.230164119977363,,,,,,
2023-06-12,397.21,2.247934352009055,,,,,,
2023-06-14,0.0,0.0,,,,,,
2023-06-14,128.74,0.7285795132993775,,,,,,
2023-06-14,0.0,0.0,,,,,,
2023-06-14,183.69,1.0395585738539899,,,,,,
2023-06-14,0.0,0.0,,,,,,
2023-06-14,0.0,0.0,,,,,,
2023-06-14,0.0,0.0,,,,,,
2023-06-14,0.0,0.0,,,,,,
2023-06-14,1230.095,6.961488398415394,,,,,,
2023-06-14,284.17,1.6082059988681383,,,,,,
2023-06-14,275.535,1.559337860780985,,,,,,
2023-06-14,1159.445,6.56165817770232,,,,,,
2023-06-16,24.0,0.13582342954159593,,,,,,
2023-06-16,865.07,4.8956989247311835,,,,,,
2023-06-16,324.205,1.8347764572722127,,,,,,
2023-06-16,1543.31,8.734069043576683,,,,,,
2023-06-16,0.0,0.0,,,,,,
2023-06-16,0.0,0.0,,,,,,
2023-06-16,0.0,0.0,,,,,,
2023-06-16,0.0,0.0,,,,,,
2023-06-16,15071.215,85.29267119411432,,,,,,
2023-06-16,5881.22,33.28364459535937,,,,,,
2023-06-16,8586.33,48.59269949066214,,,,,,
2023-06-16,5326.225,30.142756083757785,,,,,,
2023-06-19,974.97,5.517657045840408,,,,,,
2023-06-19,1991.545,11.270769666100737,,,,,,
2023-06-19,504.755,2.8565647990945107,,,,,,
2023-06-19,2280.425,12.905631013016414,,,,,,
2023-06-19,58.09,0.32874929258630453,,,,,,
2023-06-19,0.0,0.0,,,,,,
2023-06-19,0.0,0.0,,,,,,
2023-06-19,0.0,0.0,,,,,,
2023-06-19,20567.0,116.39501980758348,,,,,,
2023-06-19,7995.225,45.2474533106961,,,,,,
2023-06-19,18053.43,102.16994906621393,,,,,,
2023-06-19,10472.685,59.26816638370119,,,,,,
2023-06-21,1050.33,5.944142614601018,,,,,,
2023-06-21,2437.425,13.79414261460102,,,,,,
2023-06-21,541.65,3.065365025466893,,,,,,
2023-06-21,2855.83,16.162026032823995,,,,,,
2023-06-21,120.105,0.6797113752122241,,,,,,
2023-06-21,0.0,0.0,,,,,,
2023-06-21,0.0,0.0,,,,,,
2023-06-21,0.0,0.0,,,,,,
2023-06-21,31371.74,177.54238822863613,,,,,,
2023-06-21,7487.33,42.373118279569894,,,,,,
2023-06-21,21869.315,123.76522354272778,,,,,,
2023-06-21,14151.195,80.08599320882853,,,,,,
2023-06-23,1239.515,7.014799094510471,,,,,,
2023-06-23,1245.01,7.045897000565931,,,,,,
2023-06-23,135.02,0.7641199773627618,,,,,,
2023-06-23,1854.17,10.493322014714206,,,,,,
2023-06-23,0.0,0.0,,,,,,
2023-06-23,0.0,0.0,,,,,,
2023-06-23,0.0,0.0,,,,,,
2023-06-23,0.0,0.0,,,,,,
2023-06-23,24596.405,139.1986700622524,,,,,,
2023-06-23,6215.63,35.17617430673458,,,,,,
2023-06-23,11164.27,63.18205998868139,,,,,,
2023-06-23,7369.58,41.70673457838144,,,,,,
2023-06-26,3098.395,17.534776457272216,,,,,,
2023-06-26,7483.405,42.35090548953028,,,,,,
2023-06-26,1944.445,11.004216185625355,,,,,,
2023-06-26,9811.715,55.52753254103,,,,,,
2023-06-26,146.01,0.8263157894736842,,,,,,
2023-06-26,0.0,0.0,,,,,,
2023-06-26,146.795,0.8307583474816073,,,,,,
2023-06-26,86.35,0.4886813808715337,,,,,,
2023-06-26,56802.6,321.4634974533107,,,,,,
2023-06-26,31375.665,177.56460101867575,,,,,,
2023-06-26,87228.415,493.6526032823995,,,,,,
2023-06-26,46166.635,261.2712790039615,,,,,,
2023-06-28,6381.265,36.11355404640634,,,,,,
2023-06-28,12661.265,71.65401810979061,,,,,,
2023-06-28,3478.335,19.684974533106963,,,,,,
2023-06-28,15633.275,88.47354272778722,,,,,,
2023-06-28,58.09,0.32874929258630453,,,,,,
2023-06-28,0.0,0.0,,,,,,
2023-06-28,105.19,0.5953027730616866,,,,,,
2023-06-28,116.965,0.661941143180532,,,,,,
2023-06-28,93144.175,527.1317204301075,,,,,,
2023-06-28,46736.545,264.49657611771363,,,,,,
2023-06-28,119264.27,674.9534238822864,,,,,,
2023-06-28,82428.925,466.49080362195815,,,,,,
2023-06-30,9233.955,52.257809847198644,,,,,,
2023-06-30,17620.895,99.72209960384833,,,,,,
2023-06-30,6056.275,34.274335031126206,,,,,,
2023-06-30,19773.365,111.90359366157331,,,,,,
2023-06-30,69.865,0.39538766270514997,,,,,,
2023-06-30,0.0,0.0,,,,,,
2023-06-30,105.975,0.5997453310696095,,,,,,
2023-06-30,251.2,1.4216185625353708,,,,,,
2023-06-30,118647.26,671.4615732880588,,,,,,
2023-06-30,62380.81,353.0323146576118,,,,,,
2023-06-30,133457.07,755.2748726655349,,,,,,
2023-06-30,108091.36,611.7224674589701,,,,,,
2023-07-03,7649.04,43.28828522920204,,,,,,
2023-07-03,22112.665,125.14241652518395,,,,,,
2023-07-03,5079.735,28.74779286926995,,,,,,
2023-07-03,13573.435,76.81627051499717,,,,,,
2023-07-03,106.76,0.6041878890775326,,,,,,
2023-07-03,76.93,0.43537068477645735,,,,,,
2023-07-03,137.375,0.7774476513865309,,,,,,
2023-07-03,69.865,0.39538766270514997,,,,,,
2023-07-03,115934.3,656.1080928126769,,,,,,
2023-07-03,48907.07,276.78024900962083,,,,,,
2023-07-03,95846.145,542.4230050933787,,,,,,
2023-07-03,83516.15,472.6437464629315,,,,,,
2023-07-07,30508.24,172.65557441992078,,,,,,
2023-07-07,58530.385,331.24156762874935,,,,,,
2023-07-07,13271.21,75.1058856819468,,,,,,
2023-07-07,71529.2,404.8058856819468,,,,,,
2023-07-07,442.74,2.5056027164685912,,,,,,
2023-07-07,526.735,2.9809564233163557,,,,,,
2023-07-07,1912.26,10.82207130730051,,,,,,
2023-07-07,2211.345,12.514685908319185,,,,,,
2023-07-07,261963.92,1482.5349179400114,,,,,,
2023-07-07,177579.56,1004.977702320317,,,,,,
2023-07-07,438939.82,2484.0963214487833,,,,,,
2023-07-07,306202.6,1732.8953027730618,,,,,,
2023-07-10,51917.545,293.81745897000565,,,,,,
2023-07-10,76557.125,433.26046972269387,,,,,,
2023-07-10,30976.885,175.30778155065082,,,,,,
2023-07-10,122222.15,691.6929824561404,,,,,,
2023-07-10,1272.485,7.201386530843237,,,,,,
2023-07-10,2266.295,12.825664968873799,,,,,,
2023-07-10,4721.775,26.721986417657046,,,,,,
2023-07-10,4672.32,26.442105263157895,,,,,,
2023-07-10,359875.4,2036.6462931522358,,,,,,
2023-07-10,406368.6,2299.7657045840406,,,,,,
2023-07-10,422669.12,2392.015393322015,,,,,,
2023-07-10,362753.21,2052.9327108092816,,,,,,
2023-07-14,59987.345,339.4869552914545,,,,,,
2023-07-14,115474.29,653.504753820034,,,,,,
2023-07-14,31518.535,178.37314657611773,,,,,,
2023-07-14,127852.17,723.5550084889644,,,,,,
2023-07-14,1091.935,6.17959818902094,,,,,,
2023-07-14,846.23,4.789077532541031,,,,,,
2023-07-14,4196.61,23.749915110356536,,,,,,
2023-07-14,3541.92,20.04482173174873,,,,,,
2023-07-14,386771.86,2188.8616864742503,,,,,,
2023-07-14,276761.96,1566.2816072439164,,,,,,
2023-07-14,572482.45,3239.855404640634,,,,,,
2023-07-14,428549.56,2425.294623655914,,,,,,
2023-07-17,74321.445,420.6080645161291,,,,,,
2023-07-17,158319.59,895.9795698924731,,,,,,
2023-07-17,39078.87,221.15942275042448,,,,,,
2023-07-17,183266.89,1037.1640633842674,,,,,,
2023-07-17,1208.115,6.837096774193549,,,,,,
2023-07-17,3201.23,18.11675155631013,,,,,,
2023-07-17,6807.52,38.52586304470855,,,,,,
2023-07-17,3245.975,18.369977362761745,,,,,,
2023-07-17,444257.41,2514.190209394454,,,,,,
2023-07-17,484907.85,2744.24363327674,,,,,,
2023-07-17,597169.13,3379.5649688737976,,,,,,
2023-07-17,470528.22,2662.864855687606,,,,,,
2023-07-21,83783.835,474.15865874363334,,,,,,
2023-07-21,204590.63,1157.8417091114884,,,,,,
2023-07-21,44540.9,252.07074136955293,,,,,,
2023-07-21,183367.37,1037.7327108092813,,,,,,
2023-07-21,1191.63,6.743803056027166,,,,,,
2023-07-21,2303.19,13.034465195246181,,,,,,
2023-07-21,6889.945,38.99233163554047,,,,,,
2023-07-21,3728.75,21.10215053763441,,,,,,
2023-07-21,459984.1,2603.192416525184,,,,,,
2023-07-21,431190.3,2440.2393887945673,,,,,,
2023-07-21,636874.43,3604.269552914545,,,,,,
2023-07-21,549818.71,3111.5942840973403,,,,,,
2022-05-19,0.0,0.0,,,,,,
2022-05-19,0.0,0.0,,,,,,
2022-05-19,0.0,0.0,,,,,,
2022-05-19,0.0,0.0,,,,,,
2022-05-19,0.0,0.0,,,,,,
2022-05-19,0.0,0.0,,,,,,
2022-05-19,0.0,0.0,,,,,,
2022-05-19,0.0,0.0,,,,,,
2022-05-19,0.0,0.0,,,,,,
2022-05-19,0.0,0.0,,,,,,
2022-05-19,0.0,0.0,,,,,,
2022-05-19,0.0,0.0,,,,,,
2022-05-19,0.0,0.0,,,,,,
2022-05-19,0.0,0.0,,,,,,
2022-05-19,0.0,0.0,,,,,,
2022-05-19,0.0,0.0,,,,,,
2022-05-19,0.0,0.0,,,,,,
2022-05-19,0.0,0.0,,,,,,
2022-05-19,0.0,0.0,,,,,,
2022-05-19,0.0,0.0,,,,,,
2022-05-19,0.0,0.0,,,,,,
2022-05-19,0.0,0.0,,,,,,
2022-05-19,0.0,0.0,,,,,,
2022-05-19,0.0,0.0,,,,,,
2022-05-21,0.0,0.0,,,,,,
2022-05-21,0.0,0.0,,,,,,
2022-05-21,66.725,0.3776174306734578,,,,,,
2022-05-21,0.0,0.0,,,,,,
2022-05-21,136.59,0.7730050933786079,,,,,,
2022-05-21,39.25,0.22212790039615168,,,,,,
2022-05-21,0.0,0.0,,,,,,
2022-05-21,0.0,0.0,,,,,,
2022-05-21,0.0,0.0,,,,,,
2022-05-21,47.885,0.27099603848330506,,,,,,
2022-05-21,0.0,0.0,,,,,,
2022-05-21,0.0,0.0,,,,,,
2022-05-21,58.09,0.32874929258630453,,,,,,
2022-05-21,0.0,0.0,,,,,,
2022-05-21,0.0,0.0,,,,,,
2022-05-21,0.0,0.0,,,,,,
2022-05-21,0.0,0.0,,,,,,
2022-05-21,28.26,0.15993208828522923,,,,,,
2022-05-21,0.0,0.0,,,,,,
2022-05-21,0.0,0.0,,,,,,
2022-05-21,67.51,0.3820599886813809,,,,,,
2022-05-21,0.0,0.0,,,,,,
2022-05-21,0.0,0.0,,,,,,
2022-05-21,0.0,0.0,,,,,,
2022-05-23,0.0,0.0,,,,,,
2022-05-23,0.0,0.0,,,,,,
2022-05-23,86.35,0.4886813808715337,,,,,,
2022-05-23,0.0,0.0,,,,,,
2022-05-23,223.725,1.2661290322580645,,,,,,
2022-05-23,47.885,0.27099603848330506,,,,,,
2022-05-23,0.0,0.0,,,,,,
2022-05-23,0.0,0.0,,,,,,
2022-05-23,0.0,0.0,,,,,,
2022-05-23,114.61,0.6486134691567629,,,,,,
2022-05-23,0.0,0.0,,,,,,
2022-05-23,0.0,0.0,,,,,,
2022-05-23,96.555,0.5464346349745332,,,,,,
2022-05-23,0.0,0.0,,,,,,
2022-05-23,0.0,0.0,,,,,,
2022-05-23,0.0,0.0,,,,,,
2022-05-23,0.0,0.0,,,,,,
2022-05-23,39.25,0.22212790039615168,,,,,,
2022-05-23,28.26,0.15993208828522923,,,,,,
2022-05-23,0.0,0.0,,,,,,
2022-05-23,66.725,0.3776174306734578,,,,,,
2022-05-23,0.0,0.0,,,,,,
2022-05-23,0.0,0.0,,,,,,
2022-05-23,0.0,0.0,,,,,,
2022-05-25,0.0,0.0,,,,,,
2022-05-25,58.09,0.32874929258630453,,,,,,
2022-05-25,222.94,1.2616864742501415,,,,,,
2022-05-25,0.0,0.0,,,,,,
2022-05-25,292.805,1.6570741369552917,,,,,,
2022-05-25,243.35,1.3771929824561404,,,,,,
2022-05-25,58.09,0.32874929258630453,,,,,,
2022-05-25,193.895,1.0973118279569893,,,,,,
2022-05-25,0.0,0.0,,,,,,
2022-05-25,164.065,0.9284946236559141,,,,,,
2022-05-25,0.0,0.0,,,,,,
2022-05-25,0.0,0.0,,,,,,
2022-05-25,137.375,0.7774476513865309,,,,,,
2022-05-25,0.0,0.0,,,,,,
2022-05-25,0.0,0.0,,,,,,
2022-05-25,0.0,0.0,,,,,,
2022-05-25,0.0,0.0,,,,,,
2022-05-25,144.44,0.8174306734578382,,,,,,
2022-05-25,144.44,0.8174306734578382,,,,,,
2022-05-25,0.0,0.0,,,,,,
2022-05-25,162.495,0.919609507640068,,,,,,
2022-05-25,0.0,0.0,,,,,,
2022-05-25,0.0,0.0,,,,,,
2022-05-25,266.9,1.5104697226938313,,,,,,
2022-05-27,0.0,0.0,,,,,,
2022-05-27,47.885,0.27099603848330506,,,,,,
2022-05-27,332.055,1.8792020373514433,,,,,,
2022-05-27,0.0,0.0,,,,,,
2022-05-27,378.37,2.1413129598189022,,,,,,
2022-05-27,243.35,1.3771929824561404,,,,,,
2022-05-27,47.885,0.27099603848330506,,,,,,
2022-05-27,145.225,0.8218732314657612,,,,,,
2022-05-27,0.0,0.0,,,,,,
2022-05-27,372.09,2.105772495755518,,,,,,
2022-05-27,0.0,0.0,,,,,,
2022-05-27,0.0,0.0,,,,,,
2022-05-27,156.215,0.8840690435766837,,,,,,
2022-05-27,0.0,0.0,,,,,,
2022-05-27,0.0,0.0,,,,,,
2022-05-27,58.09,0.32874929258630453,,,,,,
2022-05-27,0.0,0.0,,,,,,
2022-05-27,232.36,1.3149971703452181,,,,,,
2022-05-27,178.195,1.0084606677985286,,,,,,
2022-05-27,0.0,0.0,,,,,,
2022-05-27,114.61,0.6486134691567629,,,,,,
2022-05-27,0.0,0.0,,,,,,
2022-05-27,0.0,0.0,,,,,,
2022-05-27,223.725,1.2661290322580645,,,,,,
2022-05-29,0.0,0.0,,,,,,
2022-05-29,0.0,0.0,,,,,,
2022-05-29,394.07,2.230164119977363,,,,,,
2022-05-29,0.0,0.0,,,,,,
2022-05-29,671.175,3.7983870967741935,,,,,,
2022-05-29,225.295,1.2750141482739106,,,,,,
2022-05-29,0.0,0.0,,,,,,
2022-05-29,123.245,0.6974816072439163,,,,,,
2022-05-29,0.0,0.0,,,,,,
2022-05-29,493.765,2.794368986983588,,,,,,
2022-05-29,0.0,0.0,,,,,,
2022-05-29,0.0,0.0,,,,,,
2022-05-29,335.195,1.8969722693831352,,,,,,
2022-05-29,0.0,0.0,,,,,,
2022-05-29,0.0,0.0,,,,,,
2022-05-29,0.0,0.0,,,,,,
2022-05-29,0.0,0.0,,,,,,
2022-05-29,252.77,1.4305036785512169,,,,,,
2022-05-29,225.295,1.2750141482739106,,,,,,
2022-05-29,0.0,0.0,,,,,,
2022-05-29,94.985,0.5375495189586871,,,,,,
2022-05-29,0.0,0.0,,,,,,
2022-05-29,0.0,0.0,,,,,,
2022-05-29,145.225,0.8218732314657612,,,,,,
2022-05-31,254.34,1.439388794567063,,,,,,
2022-05-31,47.885,0.27099603848330506,,,,,,
2022-05-31,423.9,2.398981324278438,,,,,,
2022-05-31,0.0,0.0,,,,,,
2022-05-31,938.86,5.313299377475948,,,,,,
2022-05-31,242.565,1.3727504244482174,,,,,,
2022-05-31,28.26,0.15993208828522923,,,,,,
2022-05-31,173.485,0.9818053197509905,,,,,,
2022-05-31,58.09,0.32874929258630453,,,,,,
2022-05-31,767.73,4.344821731748727,,,,,,
2022-05-31,0.0,0.0,,,,,,
2022-05-31,0.0,0.0,,,,,,
2022-05-31,269.255,1.5237973967176006,,,,,,
2022-05-31,0.0,0.0,,,,,,
2022-05-31,0.0,0.0,,,,,,
2022-05-31,77.715,0.43981324278438033,,,,,,
2022-05-31,87.135,0.49312393887945677,,,,,,
2022-05-31,223.725,1.2661290322580645,,,,,,
2022-05-31,145.225,0.8218732314657612,,,,,,
2022-05-31,0.0,0.0,,,,,,
2022-05-31,125.6,0.7108092812676854,,,,,,
2022-05-31,0.0,0.0,,,,,,
2022-05-31,0.0,0.0,,,,,,
2022-05-31,183.69,1.0395585738539899,,,,,,
2022-06-02,125.6,0.7108092812676854,,,,,,
2022-06-02,264.545,1.4971420486700624,,,,,,
2022-06-02,671.175,3.7983870967741935,,,,,,
2022-06-02,0.0,0.0,,,,,,
2022-06-02,1126.475,6.375070741369552,,,,,,
2022-06-02,175.84,0.9951329937747596,,,,,,
2022-06-02,66.725,0.3776174306734578,,,,,,
2022-06-02,153.86,0.8707413695529147,,,,,,
2022-06-02,299.085,1.6926146010186758,,,,,,
2022-06-02,1110.775,6.2862195812110935,,,,,,
2022-06-02,0.0,0.0,,,,,,
2022-06-02,0.0,0.0,,,,,,
2022-06-02,483.56,2.7366157328805887,,,,,,
2022-06-02,0.0,0.0,,,,,,
2022-06-02,0.0,0.0,,,,,,
2022-06-02,87.135,0.49312393887945677,,,,,,
2022-06-02,211.165,1.195048104131296,,,,,,
2022-06-02,156.215,0.8840690435766837,,,,,,
2022-06-02,342.26,1.9369552914544426,,,,,,
2022-06-02,0.0,0.0,,,,,,
2022-06-02,251.2,1.4216185625353708,,,,,,
2022-06-02,0.0,0.0,,,,,,
2022-06-02,0.0,0.0,,,,,,
2022-06-02,518.885,2.9365308432371253,,,,,,
2022-06-04,77.715,0.43981324278438033,,,,,,
2022-06-04,194.68,1.1017543859649124,,,,,,
2022-06-04,814.045,4.606932654216186,,,,,,
2022-06-04,39.25,0.22212790039615168,,,,,,
2022-06-04,2271.005,12.852320316921338,,,,,,
2022-06-04,430.18,2.4345217883418226,,,,,,
2022-06-04,172.7,0.9773627617430674,,,,,,
2022-06-04,279.46,1.5815506508205999,,,,,,
2022-06-04,251.985,1.4260611205432938,,,,,,
2022-06-04,2098.305,11.874957555178268,,,,,,
2022-06-04,47.885,0.27099603848330506,,,,,,
2022-06-04,0.0,0.0,,,,,,
2022-06-04,748.89,4.238200339558574,,,,,,
2022-06-04,0.0,0.0,,,,,,
2022-06-04,0.0,0.0,,,,,,
2022-06-04,234.715,1.328324844368987,,,,,,
2022-06-04,239.425,1.3549801924165252,,,,,,
2022-06-04,502.4,2.8432371250707416,,,,,,
2022-06-04,400.35,2.2657045840407473,,,,,,
2022-06-04,0.0,0.0,,,,,,
2022-06-04,560.49,3.1719864176570463,,,,,,
2022-06-04,0.0,0.0,,,,,,
2022-06-04,0.0,0.0,,,,,,
2022-06-04,379.94,2.1501980758347483,,,,,,
2022-06-06,154.645,0.8751839275608377,,,,,,
2022-06-06,67.51,0.3820599886813809,,,,,,
2022-06-06,1649.285,9.333814374646295,,,,,,
2022-06-06,76.145,0.43092812676853426,,,,,,
2022-06-06,2730.23,15.451216751556311,,,,,,
2022-06-06,243.35,1.3771929824561404,,,,,,
2022-06-06,167.205,0.9462648556876062,,,,,,
2022-06-06,573.835,3.247509903791738,,,,,,
2022-06-06,421.545,2.3856536502546692,,,,,,
2022-06-06,2793.03,15.806621392190156,,,,,,
2022-06-06,39.25,0.22212790039615168,,,,,,
2022-06-06,28.26,0.15993208828522923,,,,,,
2022-06-06,597.385,3.3807866440294285,,,,,,
2022-06-06,0.0,0.0,,,,,,
2022-06-06,67.51,0.3820599886813809,,,,,,
2022-06-06,240.21,1.3594227504244483,,,,,,
2022-06-06,164.065,0.9284946236559141,,,,,,
2022-06-06,563.63,3.189756649688738,,,,,,
2022-06-06,253.555,1.4349462365591399,,,,,,
2022-06-06,66.725,0.3776174306734578,,,,,,
2022-06-06,173.485,0.9818053197509905,,,,,,
2022-06-06,0.0,0.0,,,,,,
2022-06-06,0.0,0.0,,,,,,
2022-06-06,597.385,3.3807866440294285,,,,,,
2022-06-08,147.58,0.8352009054895304,,,,,,
2022-06-08,173.485,0.9818053197509905,,,,,,
2022-06-08,1763.895,9.982427843803057,,,,,,
2022-06-08,47.885,0.27099603848330506,,,,,,
2022-06-08,4127.53,23.35897000565931,,,,,,
2022-06-08,349.325,1.97693831352575,,,,,,
2022-06-08,153.86,0.8707413695529147,,,,,,
2022-06-08,351.68,1.9902659875495192,,,,,,
2022-06-08,471.0,2.66553480475382,,,,,,
2022-06-08,2815.795,15.935455574419922,,,,,,
2022-06-08,47.885,0.27099603848330506,,,,,,
2022-06-08,58.09,0.32874929258630453,,,,,,
2022-06-08,611.515,3.460752688172043,,,,,,
2022-06-08,0.0,0.0,,,,,,
2022-06-08,0.0,0.0,,,,,,
2022-06-08,136.59,0.7730050933786079,,,,,,
2022-06-08,205.67,1.1639501980758347,,,,,,
2022-06-08,516.53,2.923203169213356,,,,,,
2022-06-08,312.43,1.7681380871533674,,,,,,
2022-06-08,19.625,0.11106395019807584,,,,,,
2022-06-08,226.08,1.2794567062818338,,,,,,
2022-06-08,0.0,0.0,,,,,,
2022-06-08,0.0,0.0,,,,,,
2022-06-08,231.575,1.3105546123372949,,,,,,
2022-06-10,58.09,0.32874929258630453,,,,,,
2022-06-10,67.51,0.3820599886813809,,,,,,
2022-06-10,1607.68,9.098358800226373,,,,,,
2022-06-10,0.0,0.0,,,,,,
2022-06-10,2869.96,16.24199207696661,,,,,,
2022-06-10,224.51,1.2705715902659875,,,,,,
2022-06-10,114.61,0.6486134691567629,,,,,,
2022-06-10,270.04,1.5282399547255237,,,,,,
2022-06-10,191.54,1.0839841539332202,,,,,,
2022-06-10,1942.875,10.995331069609508,,,,,,
2022-06-10,47.885,0.27099603848330506,,,,,,
2022-06-10,0.0,0.0,,,,,,
2022-06-10,649.195,3.673995472552349,,,,,,
2022-06-10,0.0,0.0,,,,,,
2022-06-10,0.0,0.0,,,,,,
2022-06-10,117.75,0.666383701188455,,,,,,
2022-06-10,117.75,0.666383701188455,,,,,,
2022-06-10,126.385,0.7152518392756084,,,,,,
2022-06-10,343.045,1.9413978494623658,,,,,,
2022-06-10,0.0,0.0,,,,,,
2022-06-10,310.075,1.7548104131295983,,,,,,
2022-06-10,0.0,0.0,,,,,,
2022-06-10,0.0,0.0,,,,,,
2022-06-10,266.115,1.5060271646859085,,,,,,
2022-06-13,105.975,0.5997453310696095,,,,,,
2022-06-13,39.25,0.22212790039615168,,,,,,
2022-06-13,1811.78,10.253423882286361,,,,,,
2022-06-13,39.25,0.22212790039615168,,,,,,
2022-06-13,2877.025,16.28197509903792,,,,,,
2022-06-13,117.75,0.666383701188455,,,,,,
2022-06-13,105.975,0.5997453310696095,,,,,,
2022-06-13,311.645,1.7636955291454444,,,,,,
2022-06-13,317.925,1.7992359932088287,,,,,,
2022-06-13,2409.95,13.638653084323712,,,,,,
2022-06-13,0.0,0.0,,,,,,
2022-06-13,19.625,0.11106395019807584,,,,,,
2022-06-13,546.36,3.0920203735144316,,,,,,
2022-06-13,0.0,0.0,,,,,,
2022-06-13,28.26,0.15993208828522923,,,,,,
2022-06-13,142.87,0.8085455574419922,,,,,,
2022-06-13,136.59,0.7730050933786079,,,,,,
2022-06-13,343.045,1.9413978494623658,,,,,,
2022-06-13,292.805,1.6570741369552917,,,,,,
2022-06-13,0.0,0.0,,,,,,
2022-06-13,193.11,1.0928692699490663,,,,,,
2022-06-13,19.625,0.11106395019807584,,,,,,
2022-06-13,0.0,0.0,,,,,,
2022-06-13,153.86,0.8707413695529147,,,,,,
2022-06-15,469.43,2.656649688737974,,,,,,
2022-06-15,255.125,1.443831352574986,,,,,,
2022-06-15,6090.815,34.46980758347482,,,,,,
2022-06-15,252.77,1.4305036785512169,,,,,,
2022-06-15,9390.955,53.146321448783254,,,,,,
2022-06-15,360.315,2.0391341256366724,,,,,,
2022-06-15,196.25,1.1106395019807584,,,,,,
2022-06-15,733.975,4.153791737408037,,,,,,
2022-06-15,974.97,5.517657045840408,,,,,,
2022-06-15,5560.94,31.471080928126767,,,,,,
2022-06-15,19.625,0.11106395019807584,,,,,,
2022-06-15,67.51,0.3820599886813809,,,,,,
2022-06-15,968.69,5.482116581777023,,,,,,
2022-06-15,0.0,0.0,,,,,,
2022-06-15,67.51,0.3820599886813809,,,,,,
2022-06-15,297.515,1.6837294850028297,,,,,,
2022-06-15,165.635,0.93737973967176,,,,,,
2022-06-15,427.04,2.4167515563101305,,,,,,
2022-06-15,477.28,2.7010752688172044,,,,,,
2022-06-15,19.625,0.11106395019807584,,,,,,
2022-06-15,563.63,3.189756649688738,,,,,,
2022-06-15,39.25,0.22212790039615168,,,,,,
2022-06-15,0.0,0.0,,,,,,
2022-06-15,418.405,2.3678834182229767,,,,,,
2022-06-17,350.11,1.9813808715336731,,,,,,
2022-06-17,175.84,0.9951329937747596,,,,,,
2022-06-17,6826.36,38.6324844368987,,,,,,
2022-06-17,262.19,1.4838143746462933,,,,,,
2022-06-17,9099.72,51.4981324278438,,,,,,
2022-06-17,306.15,1.732597623089983,,,,,,
2022-06-17,317.14,1.7947934352009056,,,,,,
2022-06-17,1366.685,7.734493491794002,,,,,,
2022-06-17,1365.115,7.7256083757781555,,,,,,
2022-06-17,5977.775,33.8300792303339,,,,,,
2022-06-17,0.0,0.0,,,,,,
2022-06-17,86.35,0.4886813808715337,,,,,,
2022-06-17,1481.295,8.383106960950766,,,,,,
2022-06-17,19.625,0.11106395019807584,,,,,,
2022-06-17,86.35,0.4886813808715337,,,,,,
2022-06-17,359.53,2.0346915676287494,,,,,,
2022-06-17,147.58,0.8352009054895304,,,,,,
2022-06-17,749.675,4.242642897566497,,,,,,
2022-06-17,415.265,2.350113186191285,,,,,,
2022-06-17,0.0,0.0,,,,,,
2022-06-17,487.485,2.758828522920204,,,,,,
2022-06-17,117.75,0.666383701188455,,,,,,
2022-06-17,56.52,0.31986417657045846,,,,,,
2022-06-17,807.765,4.571392190152801,,,,,,
2022-06-20,427.04,2.4167515563101305,,,,,,
2022-06-20,144.44,0.8174306734578382,,,,,,
2022-06-20,5283.05,29.89841539332202,,,,,,
2022-06-20,220.585,1.2483588002263726,,,,,,
2022-06-20,8322.57,47.1,,,,,,
2022-06-20,235.5,1.33276740237691,,,,,,
2022-06-20,299.87,1.6970571590265988,,,,,,
2022-06-20,912.955,5.166694963214488,,,,,,
2022-06-20,1088.01,6.157385398981325,,,,,,
2022-06-20,4998.88,28.29020939445388,,,,,,
2022-06-20,47.885,0.27099603848330506,,,,,,
2022-06-20,58.875,0.3331918505942275,,,,,,
2022-06-20,1037.77,5.873061686474251,,,,,,
2022-06-20,19.625,0.11106395019807584,,,,,,
2022-06-20,105.975,0.5997453310696095,,,,,,
2022-06-20,299.085,1.6926146010186758,,,,,,
2022-06-20,134.235,0.7596774193548388,,,,,,
2022-06-20,536.155,3.0342671194114317,,,,,,
2022-06-20,539.295,3.052037351443124,,,,,,
2022-06-20,19.625,0.11106395019807584,,,,,,
2022-06-20,500.045,2.8299094510469724,,,,,,
2022-06-20,105.19,0.5953027730616866,,,,,,
2022-06-20,19.625,0.11106395019807584,,,,,,
2022-06-20,544.005,3.0786926994906625,,,,,,
2022-06-22,156.215,0.8840690435766837,,,,,,
2022-06-22,39.25,0.22212790039615168,,,,,,
2022-06-22,3009.69,17.032767402376912,,,,,,
2022-06-22,145.225,0.8218732314657612,,,,,,
2022-06-22,4601.67,26.042275042444825,,,,,,
2022-06-22,157.0,0.8885116015846067,,,,,,
2022-06-22,153.86,0.8707413695529147,,,,,,
2022-06-22,270.825,1.5326825127334465,,,,,,
2022-06-22,410.555,2.3234578381437467,,,,,,
2022-06-22,3236.555,18.316666666666666,,,,,,
2022-06-22,0.0,0.0,,,,,,
2022-06-22,0.0,0.0,,,,,,
2022-06-22,626.43,3.5451612903225804,,,,,,
2022-06-22,0.0,0.0,,,,,,
2022-06-22,19.625,0.11106395019807584,,,,,,
2022-06-22,186.83,1.057328805885682,,,,,,
2022-06-22,58.09,0.32874929258630453,,,,,,
2022-06-22,379.155,2.1457555178268253,,,,,,
2022-06-22,184.475,1.044001131861913,,,,,,
2022-06-22,0.0,0.0,,,,,,
2022-06-22,194.68,1.1017543859649124,,,,,,
2022-06-22,19.625,0.11106395019807584,,,,,,
2022-06-22,0.0,0.0,,,,,,
2022-06-22,325.775,1.8436615732880588,,,,,,
2022-06-24,156.215,0.8840690435766837,,,,,,
2022-06-24,67.51,0.3820599886813809,,,,,,
2022-06-24,4553.0,25.766836445953594,,,,,,
2022-06-24,114.61,0.6486134691567629,,,,,,
2022-06-24,5249.295,29.707385398981327,,,,,,
2022-06-24,226.08,1.2794567062818338,,,,,,
2022-06-24,145.225,0.8218732314657612,,,,,,
2022-06-24,511.035,2.892105263157895,,,,,,
2022-06-24,600.525,3.3985568760611207,,,,,,
2022-06-24,4188.76,23.70548953027731,,,,,,
2022-06-24,0.0,0.0,,,,,,
2022-06-24,0.0,0.0,,,,,,
2022-06-24,905.89,5.1267119411431805,,,,,,
2022-06-24,0.0,0.0,,,,,,
2022-06-24,76.145,0.43092812676853426,,,,,,
2022-06-24,243.35,1.3771929824561404,,,,,,
2022-06-24,146.01,0.8263157894736842,,,,,,
2022-06-24,620.935,3.514063384267119,,,,,,
2022-06-24,501.615,2.8387945670628185,,,,,,
2022-06-24,0.0,0.0,,,,,,
2022-06-24,321.85,1.8214487832484438,,,,,,
2022-06-24,19.625,0.11106395019807584,,,,,,
2022-06-24,39.25,0.22212790039615168,,,,,,
2022-06-24,238.64,1.3505376344086022,,,,,,
2022-06-27,222.94,1.2616864742501415,,,,,,
2022-06-27,39.25,0.22212790039615168,,,,,,
2022-06-27,2185.44,12.368081494057726,,,,,,
2022-06-27,28.26,0.15993208828522923,,,,,,
2022-06-27,3578.815,20.253621958121112,,,,,,
2022-06-27,144.44,0.8174306734578382,,,,,,
2022-06-27,86.35,0.4886813808715337,,,,,,
2022-06-27,655.475,3.709535936615733,,,,,,
2022-06-27,284.955,1.6126485568760611,,,,,,
2022-06-27,2422.51,13.709734012450483,,,,,,
2022-06-27,0.0,0.0,,,,,,
2022-06-27,0.0,0.0,,,,,,
2022-06-27,747.32,4.229315223542728,,,,,,
2022-06-27,0.0,0.0,,,,,,
2022-06-27,86.35,0.4886813808715337,,,,,,
2022-06-27,225.295,1.2750141482739106,,,,,,
2022-06-27,133.45,0.7552348613469156,,,,,,
2022-06-27,395.64,2.239049235993209,,,,,,
2022-06-27,324.99,1.839219015280136,,,,,,
2022-06-27,0.0,0.0,,,,,,
2022-06-27,164.065,0.9284946236559141,,,,,,
2022-06-27,0.0,0.0,,,,,,
2022-06-27,39.25,0.22212790039615168,,,,,,
2022-06-27,239.425,1.3549801924165252,,,,,,
2022-06-29,420.76,2.381211092246746,,,,,,
2022-06-29,117.75,0.666383701188455,,,,,,
2022-06-29,5991.12,33.90560271646859,,,,,,
2022-06-29,67.51,0.3820599886813809,,,,,,
2022-06-29,6996.705,39.596519524617996,,,,,,
2022-06-29,317.14,1.7947934352009056,,,,,,
2022-06-29,156.215,0.8840690435766837,,,,,,
2022-06-29,608.375,3.442982456140351,,,,,,
2022-06-29,866.64,4.904584040747029,,,,,,
2022-06-29,3995.65,22.612620260328242,,,,,,
2022-06-29,0.0,0.0,,,,,,
2022-06-29,0.0,0.0,,,,,,
2022-06-29,1036.985,5.868619128466327,,,,,,
2022-06-29,0.0,0.0,,,,,,
2022-06-29,105.975,0.5997453310696095,,,,,,
2022-06-29,290.45,1.6437464629315224,,,,,,
2022-06-29,117.75,0.666383701188455,,,,,,
2022-06-29,303.795,1.7192699490662142,,,,,,
2022-06-29,595.815,3.371901528013583,,,,,,
2022-06-29,0.0,0.0,,,,,,
2022-06-29,364.24,2.0613469156762876,,,,,,
2022-06-29,67.51,0.3820599886813809,,,,,,
2022-06-29,0.0,0.0,,,,,,
2022-06-29,679.025,3.842812676853424,,,,,,
2022-07-01,712.78,4.033842671194114,,,,,,
2022-07-01,337.55,1.9102999434069046,,,,,,
2022-07-01,11891.965,67.30031126202604,,,,,,
2022-07-01,284.955,1.6126485568760611,,,,,,
2022-07-01,13010.59,73.63095642331636,,,,,,
2022-07-01,780.29,4.415902659875496,,,,,,
2022-07-01,507.895,2.874335031126203,,,,,,
2022-07-01,2138.34,12.101528013582344,,,,,,
2022-07-01,1949.155,11.030871533672892,,,,,,
2022-07-01,6727.45,38.0727221279004,,,,,,
2022-07-01,0.0,0.0,,,,,,
2022-07-01,28.26,0.15993208828522923,,,,,,
2022-07-01,2683.13,15.184663271080929,,,,,,
2022-07-01,19.625,0.11106395019807584,,,,,,
2022-07-01,67.51,0.3820599886813809,,,,,,
2022-07-01,639.775,3.6206847764572725,,,,,,
2022-07-01,259.835,1.470486700622524,,,,,,
2022-07-01,1306.24,7.392416525183928,,,,,,
2022-07-01,719.845,4.073825693265422,,,,,,
2022-07-01,39.25,0.22212790039615168,,,,,,
2022-07-01,733.975,4.153791737408037,,,,,,
2022-07-01,162.495,0.919609507640068,,,,,,
2022-07-01,144.44,0.8174306734578382,,,,,,
2022-07-01,960.055,5.43324844368987,,,,,,
2022-07-04,657.83,3.7228636106395023,,,,,,
2022-07-04,381.51,2.1590831918505944,,,,,,
2022-07-04,9887.86,55.95846066779853,,,,,,
2022-07-04,230.79,1.3061120543293718,,,,,,
2022-07-04,10066.84,56.97136389360499,,,,,,
2022-07-04,755.955,4.278183361629882,,,,,,
2022-07-04,435.675,2.465619694397284,,,,,,
2022-07-04,1456.96,8.24538766270515,,,,,,
2022-07-04,1522.9,8.618562535370685,,,,,,
2022-07-04,6952.745,39.34773627617431,,,,,,
2022-07-04,19.625,0.11106395019807584,,,,,,
2022-07-04,0.0,0.0,,,,,,
2022-07-04,1764.68,9.98687040181098,,,,,,
2022-07-04,19.625,0.11106395019807584,,,,,,
2022-07-04,19.625,0.11106395019807584,,,,,,
2022-07-04,554.21,3.136445953593662,,,,,,
2022-07-04,199.39,1.1284097340124504,,,,,,
2022-07-04,753.6,4.264855687606112,,,,,,
2022-07-04,861.145,4.873486134691568,,,,,,
2022-07-04,67.51,0.3820599886813809,,,,,,
2022-07-04,851.725,4.8201754385964914,,,,,,
2022-07-04,105.975,0.5997453310696095,,,,,,
2022-07-04,95.77,0.5419920769666101,,,,,,
2022-07-04,1011.865,5.726457272212791,,,,,,
2022-07-07,614.655,3.4785229202037353,,,,,,
2022-07-07,362.67,2.0524617996604415,,,,,,
2022-07-07,7882.185,44.607724957555185,,,,,,
2022-07-07,242.565,1.3727504244482174,,,,,,
2022-07-07,8962.345,50.72068477645727,,,,,,
2022-07-07,534.585,3.025382003395586,,,,,,
2022-07-07,340.69,1.9280701754385967,,,,,,
2022-07-07,1401.225,7.929966044142614,,,,,,
2022-07-07,1752.12,9.91578947368421,,,,,,
2022-07-07,6467.615,36.602235427277876,,,,,,
2022-07-07,19.625,0.11106395019807584,,,,,,
2022-07-07,0.0,0.0,,,,,,
2022-07-07,1686.965,9.547057159026599,,,,,,
2022-07-07,0.0,0.0,,,,,,
2022-07-07,67.51,0.3820599886813809,,,,,,
2022-07-07,503.97,2.8521222410865876,,,,,,
2022-07-07,210.38,1.190605546123373,,,,,,
2022-07-07,707.285,4.002744765138653,,,,,,
2022-07-07,547.145,3.096462931522354,,,,,,
2022-07-07,0.0,0.0,,,,,,
2022-07-07,703.36,3.9805319750990384,,,,,,
2022-07-07,66.725,0.3776174306734578,,,,,,
2022-07-07,154.645,0.8751839275608377,,,,,,
2022-07-07,578.545,3.2741652518392756,,,,,,
2022-07-11,1091.15,6.175155631013017,,,,,,
2022-07-11,688.445,3.8961233729485008,,,,,,
2022-07-11,18041.655,102.10331069609508,,,,,,
2022-07-11,233.93,1.323882286361064,,,,,,
2022-07-11,16116.835,91.2101584606678,,,,,,
2022-07-11,1961.715,11.10195246179966,,,,,,
2022-07-11,1033.06,5.846406338426712,,,,,,
2022-07-11,2790.675,15.793293718166385,,,,,,
2022-07-11,4336.34,24.540690435766837,,,,,,
2022-07-11,10315.685,58.37965478211658,,,,,,
2022-07-11,66.725,0.3776174306734578,,,,,,
2022-07-11,78.5,0.44425580079230337,,,,,,
2022-07-11,3295.43,18.649858517260895,,,,,,
2022-07-11,58.875,0.3331918505942275,,,,,,
2022-07-11,146.795,0.8307583474816073,,,,,,
2022-07-11,865.07,4.8956989247311835,,,,,,
2022-07-11,254.34,1.439388794567063,,,,,,
2022-07-11,2473.535,13.998500282965479,,,,,,
2022-07-11,3289.15,18.61431805319751,,,,,,
2022-07-11,39.25,0.22212790039615168,,,,,,
2022-07-11,2147.76,12.15483870967742,,,,,,
2022-07-11,204.1,1.1550650820599888,,,,,,
2022-07-11,240.21,1.3594227504244483,,,,,,
2022-07-11,1977.415,11.190803621958121,,,,,,
2022-07-14,1248.15,7.063667232597624,,,,,,
2022-07-14,517.315,2.9276457272212797,,,,,,
2022-07-14,12344.91,69.86366723259762,,,,,,
2022-07-14,273.18,1.5460101867572158,,,,,,
2022-07-14,15607.37,88.32693831352576,,,,,,
2022-07-14,1246.58,7.0547821165817775,,,,,,
2022-07-14,679.025,3.842812676853424,,,,,,
2022-07-14,1980.555,11.208573853989815,,,,,,
2022-07-14,3963.465,22.430475382003397,,,,,,
2022-07-14,7875.905,44.5721844934918,,,,,,
2022-07-14,39.25,0.22212790039615168,,,,,,
2022-07-14,96.555,0.5464346349745332,,,,,,
2022-07-14,2703.54,15.300169779286927,,,,,,
2022-07-14,0.0,0.0,,,,,,
2022-07-14,126.385,0.7152518392756084,,,,,,
2022-07-14,1315.66,7.445727221279005,,,,,,
2022-07-14,335.98,1.9014148273910585,,,,,,
2022-07-14,1150.81,6.512790039615167,,,,,,
2022-07-14,1690.89,9.569269949066214,,,,,,
2022-07-14,0.0,0.0,,,,,,
2022-07-14,1218.32,6.894850028296548,,,,,,
2022-07-14,124.815,0.7063667232597624,,,,,,
2022-07-14,67.51,0.3820599886813809,,,,,,
2022-07-14,1085.655,6.144057724957555,,,,,,
2022-07-18,1239.515,7.014799094510471,,,,,,
2022-07-18,1095.075,6.197368421052632,,,,,,
2022-07-18,15454.295,87.46063950198076,,,,,,
2022-07-18,763.805,4.322608941709111,,,,,,
2022-07-18,19800.055,112.05464063384268,,,,,,
2022-07-18,1750.55,9.906904357668365,,,,,,
2022-07-18,772.44,4.371477079796265,,,,,,
2022-07-18,3172.97,17.9568194680249,,,,,,
2022-07-18,3236.555,18.316666666666666,,,,,,
2022-07-18,14233.62,80.55246179966045,,,,,,
2022-07-18,28.26,0.15993208828522923,,,,,,
2022-07-18,165.635,0.93737973967176,,,,,,
2022-07-18,3187.1,18.036785512167516,,,,,,
2022-07-18,67.51,0.3820599886813809,,,,,,
2022-07-18,192.325,1.0884267119411433,,,,,,
2022-07-18,1114.7,6.308432371250708,,,,,,
2022-07-18,262.975,1.4882569326542163,,,,,,
2022-07-18,2531.625,14.327249575551784,,,,,,
2022-07-18,1663.415,9.413780418788908,,,,,,
2022-07-18,39.25,0.22212790039615168,,,,,,
2022-07-18,1599.83,9.053933220147142,,,,,,
2022-07-18,445.88,2.523372948500283,,,,,,
2022-07-18,175.055,0.9906904357668366,,,,,,
2022-07-18,3072.49,17.38817204301075,,,,,,
2022-07-21,3047.37,17.246010186757218,,,,,,
2022-07-21,1726.215,9.769185059422751,,,,,,
2022-07-21,29982.29,169.67906055461236,,,,,,
2022-07-21,1118.625,6.330645161290323,,,,,,
2022-07-21,25311.54,143.2458404074703,,,,,,
2022-07-21,4978.47,28.174702886247882,,,,,,
2022-07-21,1314.875,7.441284663271081,,,,,,
2022-07-21,6018.595,34.0610922467459,,,,,,
2022-07-21,7402.55,41.89332201471421,,,,,,
2022-07-21,20716.15,117.23910582908887,,,,,,
2022-07-21,175.84,0.9951329937747596,,,,,,
2022-07-21,366.595,2.0746745897000567,,,,,,
2022-07-21,8744.9,49.49009620826259,,,,,,
2022-07-21,134.235,0.7596774193548388,,,,,,
2022-07-21,295.945,1.6748443689869836,,,,,,
2022-07-21,2143.05,12.128183361629883,,,,,,
2022-07-21,1416.14,8.014374646293152,,,,,,
2022-07-21,3879.47,21.95512167515563,,,,,,
2022-07-21,7021.04,39.73423882286361,,,,,,
2022-07-21,253.555,1.4349462365591399,,,,,,
2022-07-21,4342.62,24.57623089983022,,,,,,
2022-07-21,806.98,4.566949632144879,,,,,,
2022-07-21,413.695,2.341228070175439,,,,,,
2022-07-21,5173.935,29.28089983022072,,,,,,
2022-07-25,2506.505,14.185087719298247,,,,,,
2022-07-25,842.305,4.766864742501415,,,,,,
2022-07-25,28471.165,161.12713638936052,,,,,,
2022-07-25,548.715,3.1053480475382007,,,,,,
2022-07-25,28742.775,162.6642614601019,,,,,,
2022-07-25,3148.635,17.81910016977929,,,,,,
2022-07-25,1367.47,7.738936049801925,,,,,,
2022-07-25,4910.96,27.7926428975665,,,,,,
2022-07-25,7134.865,40.37840973401245,,,,,,
2022-07-25,15999.085,90.54377475947935,,,,,,
2022-07-25,97.34,0.5508771929824562,,,,,,
2022-07-25,187.615,1.061771363893605,,,,,,
2022-07-25,7837.44,44.35449915110357,,,,,,
2022-07-25,58.09,0.32874929258630453,,,,,,
2022-07-25,244.135,1.3816355404640634,,,,,,
2022-07-25,1414.57,8.005489530277305,,,,,,
2022-07-25,904.32,5.117826825127335,,,,,,
2022-07-25,3781.345,21.399801924165253,,,,,,
2022-07-25,6626.185,37.499632144878326,,,,,,
2022-07-25,153.075,0.8662988115449916,,,,,,
2022-07-25,3894.385,22.03953027730617,,,,,,
2022-07-25,525.165,2.972071307300509,,,,,,
2022-07-25,311.645,1.7636955291454444,,,,,,
2022-07-25,5326.225,30.142756083757785,,,,,,
2022-07-29,4264.12,24.13197509903792,,,,,,
2022-07-29,2977.505,16.850622524052067,,,,,,
2022-07-29,41956.68,237.4458404074703,,,,,,
2022-07-29,1009.51,5.713129598189021,,,,,,
2022-07-29,47435.98,268.4548953027731,,,,,,
2022-07-29,11817.39,66.87826825127334,,,,,,
2022-07-29,2129.705,12.05265987549519,,,,,,
2022-07-29,8247.21,46.67351443123939,,,,,,
2022-07-29,10711.325,60.618704018109796,,,,,,
2022-07-29,29043.43,164.3657611771364,,,,,,
2022-07-29,269.255,1.5237973967176006,,,,,,
2022-07-29,448.235,2.5367006225240525,,,,,,
2022-07-29,14603.355,82.6449066213922,,,,,,
2022-07-29,186.83,1.057328805885682,,,,,,
2022-07-29,331.27,1.87475947934352,,,,,,
2022-07-29,2481.385,14.04292586304471,,,,,,
2022-07-29,1570.0,8.885116015846068,,,,,,
2022-07-29,12050.535,68.19770797962649,,,,,,
2022-07-29,12124.325,68.61530843237126,,,,,,
2022-07-29,125.6,0.7108092812676854,,,,,,
2022-07-29,6999.845,39.61428975664969,,,,,,
2022-07-29,1752.905,9.920232031692134,,,,,,
2022-07-29,665.68,3.7672891907187323,,,,,,
2022-07-29,8328.065,47.131097906055466,,,,,,
2022-08-02,7531.29,42.62190152801359,,,,,,
2022-08-02,4412.485,24.97161856253537,,,,,,
2022-08-02,88394.925,500.25424448217325,,,,,,
2022-08-02,942.0,5.33106960950764,,,,,,
2022-08-02,81252.21,459.83140916808156,,,,,,
2022-08-02,22800.325,129.0340973401245,,,,,,
2022-08-02,3166.69,17.92127900396152,,,,,,
2022-08-02,9602.905,54.34581211092247,,,,,,
2022-08-02,21910.92,124.00067911714771,,,,,,
2022-08-02,62935.02,356.1687606112054,,,,,,
2022-08-02,818.755,4.633588002263724,,,,,,
2022-08-02,870.565,4.926796830786644,,,,,,
2022-08-02,28148.53,159.30124504810414,,,,,,
2022-08-02,263.76,1.4926994906621394,,,,,,
2022-08-02,601.31,3.4029994340690437,,,,,,
2022-08-02,3396.695,19.222948500282968,,,,,,
2022-08-02,3935.205,22.270543293718166,,,,,,
2022-08-02,19744.32,111.73921901528014,,,,,,
2022-08-02,55671.415,315.0617713638936,,,,,,
2022-08-02,454.515,2.5722410865874363,,,,,,
2022-08-02,10128.855,57.3223259762309,,,,,,
2022-08-02,1945.23,11.008658743633278,,,,,,
2022-08-02,1011.865,5.726457272212791,,,,,,
2022-08-02,16229.09,91.8454442558008,,,,,,
2023-05-23,0.0,0.0,,,,,,
2023-05-23,0.0,0.0,,,,,,
2023-05-23,0.0,0.0,,,,,,
2023-05-23,0.0,0.0,,,,,,
2023-05-23,0.0,0.0,,,,,,
2023-05-23,0.0,0.0,,,,,,
2023-05-23,0.0,0.0,,,,,,
2023-05-23,0.0,0.0,,,,,,
2023-05-23,0.0,0.0,,,,,,
2023-05-23,0.0,0.0,,,,,,
2023-05-23,0.0,0.0,,,,,,
2023-05-23,0.0,0.0,,,,,,
2023-05-23,0.0,0.0,,,,,,
2023-05-23,0.0,0.0,,,,,,
2023-05-23,0.0,0.0,,,,,,
2023-05-23,0.0,0.0,,,,,,
2023-05-23,232.36,1.3149971703452181,,,,,,
2023-05-23,442.74,2.5056027164685912,,,,,,
2023-05-23,0.0,0.0,,,,,,
2023-05-23,0.0,0.0,,,,,,
2023-05-23,0.0,0.0,,,,,,
2023-05-23,0.0,0.0,,,,,,
2023-05-23,116.965,0.661941143180532,,,,,,
2023-05-23,0.0,0.0,,,,,,
2023-05-25,0.0,0.0,,,,,,
2023-05-25,0.0,0.0,,,,,,
2023-05-25,0.0,0.0,,,,,,
2023-05-25,0.0,0.0,,,,,,
2023-05-25,0.0,0.0,,,,,,
2023-05-25,0.0,0.0,,,,,,
2023-05-25,0.0,0.0,,,,,,
2023-05-25,0.0,0.0,,,,,,
2023-05-25,0.0,0.0,,,,,,
2023-05-25,0.0,0.0,,,,,,
2023-05-25,0.0,0.0,,,,,,
2023-05-25,0.0,0.0,,,,,,
2023-05-25,0.0,0.0,,,,,,
2023-05-25,0.0,0.0,,,,,,
2023-05-25,0.0,0.0,,,,,,
2023-05-25,0.0,0.0,,,,,,
2023-05-25,167.205,0.9462648556876062,,,,,,
2023-05-25,797.56,4.5136389360498015,,,,,,
2023-05-25,0.0,0.0,,,,,,
2023-05-25,0.0,0.0,,,,,,
2023-05-25,0.0,0.0,,,,,,
2023-05-25,0.0,0.0,,,,,,
2023-05-25,178.98,1.0129032258064516,,,,,,
2023-05-25,0.0,0.0,,,,,,
2023-05-27,0.0,0.0,,,,,,
2023-05-27,0.0,0.0,,,,,,
2023-05-27,0.0,0.0,,,,,,
2023-05-27,0.0,0.0,,,,,,
2023-05-27,0.0,0.0,,,,,,
2023-05-27,0.0,0.0,,,,,,
2023-05-27,0.0,0.0,,,,,,
2023-05-27,0.0,0.0,,,,,,
2023-05-27,0.0,0.0,,,,,,
2023-05-27,0.0,0.0,,,,,,
2023-05-27,0.0,0.0,,,,,,
2023-05-27,0.0,0.0,,,,,,
2023-05-27,0.0,0.0,,,,,,
2023-05-27,0.0,0.0,,,,,,
2023-05-27,0.0,0.0,,,,,,
2023-05-27,0.0,0.0,,,,,,
2023-05-27,302.225,1.7103848330503681,,,,,,
2023-05-27,2007.245,11.359620826259196,,,,,,
2023-05-27,0.0,0.0,,,,,,
2023-05-27,0.0,0.0,,,,,,
2023-05-27,204.1,1.1550650820599888,,,,,,
2023-05-27,0.0,0.0,,,,,,
2023-05-27,1130.4,6.397283531409169,,,,,,
2023-05-27,157.0,0.8885116015846067,,,,,,
2023-05-29,0.0,0.0,,,,,,
2023-05-29,0.0,0.0,,,,,,
2023-05-29,0.0,0.0,,,,,,
2023-05-29,0.0,0.0,,,,,,
2023-05-29,0.0,0.0,,,,,,
2023-05-29,245.705,1.3905206564799095,,,,,,
2023-05-29,88.705,0.5020090548953028,,,,,,
2023-05-29,128.74,0.7285795132993775,,,,,,
2023-05-29,0.0,0.0,,,,,,
2023-05-29,0.0,0.0,,,,,,
2023-05-29,0.0,0.0,,,,,,
2023-05-29,0.0,0.0,,,,,,
2023-05-29,0.0,0.0,,,,,,
2023-05-29,0.0,0.0,,,,,,
2023-05-29,0.0,0.0,,,,,,
2023-05-29,0.0,0.0,,,,,,
2023-05-29,221.37,1.2528013582342956,,,,,,
2023-05-29,2323.6,13.149971703452179,,,,,,
2023-05-29,0.0,0.0,,,,,,
2023-05-29,0.0,0.0,,,,,,
2023-05-29,279.46,1.5815506508205999,,,,,,
2023-05-29,788.14,4.460328239954726,,,,,,
2023-05-29,908.245,5.14003961516695,,,,,,
2023-05-29,150.72,0.8529711375212224,,,,,,
2023-05-31,0.0,0.0,,,,,,
2023-05-31,0.0,0.0,,,,,,
2023-05-31,0.0,0.0,,,,,,
2023-05-31,0.0,0.0,,,,,,
2023-05-31,0.0,0.0,,,,,,
2023-05-31,245.705,1.3905206564799095,,,,,,
2023-05-31,292.02,1.6526315789473685,,,,,,
2023-05-31,189.185,1.0706564799094511,,,,,,
2023-05-31,0.0,0.0,,,,,,
2023-05-31,0.0,0.0,,,,,,
2023-05-31,0.0,0.0,,,,,,
2023-05-31,0.0,0.0,,,,,,
2023-05-31,0.0,0.0,,,,,,
2023-05-31,0.0,0.0,,,,,,
2023-05-31,0.0,0.0,,,,,,
2023-05-31,0.0,0.0,,,,,,
2023-05-31,255.91,1.448273910582909,,,,,,
2023-05-31,1278.765,7.236926994906622,,,,,,
2023-05-31,0.0,0.0,,,,,,
2023-05-31,395.64,2.239049235993209,,,,,,
2023-05-31,128.74,0.7285795132993775,,,,,,
2023-05-31,474.14,2.6833050367855122,,,,,,
2023-05-31,909.815,5.148924731182796,,,,,,
2023-05-31,0.0,0.0,,,,,,
2023-06-01,0.0,0.0,,,,,,
2023-06-01,0.0,0.0,,,,,,
2023-06-01,0.0,0.0,,,,,,
2023-06-01,0.0,0.0,,,,,,
2023-06-01,0.0,0.0,,,,,,
2023-06-01,524.38,2.9676287492925866,,,,,,
2023-06-01,361.1,2.0435766836445954,,,,,,
2023-06-01,128.74,0.7285795132993775,,,,,,
2023-06-01,0.0,0.0,,,,,,
2023-06-01,0.0,0.0,,,,,,
2023-06-01,0.0,0.0,,,,,,
2023-06-01,0.0,0.0,,,,,,
2023-06-01,0.0,0.0,,,,,,
2023-06-01,0.0,0.0,,,,,,
2023-06-01,0.0,0.0,,,,,,
2023-06-01,0.0,0.0,,,,,,
2023-06-01,280.245,1.5859932088285231,,,,,,
2023-06-01,1604.54,9.080588568194681,,,,,,
2023-06-01,0.0,0.0,,,,,,
2023-06-01,414.48,2.345670628183362,,,,,,
2023-06-01,279.46,1.5815506508205999,,,,,,
2023-06-01,380.725,2.1546406338426713,,,,,,
2023-06-01,654.69,3.70509337860781,,,,,,
2023-06-01,88.705,0.5020090548953028,,,,,,
2023-06-04,387.005,2.1901810979060556,,,,,,
2023-06-04,0.0,0.0,,,,,,
2023-06-04,0.0,0.0,,,,,,
2023-06-04,0.0,0.0,,,,,,
2023-06-04,0.0,0.0,,,,,,
2023-06-04,641.345,3.6295698924731186,,,,,,
2023-06-04,167.205,0.9462648556876062,,,,,,
2023-06-04,116.965,0.661941143180532,,,,,,
2023-06-04,0.0,0.0,,,,,,
2023-06-04,0.0,0.0,,,,,,
2023-06-04,0.0,0.0,,,,,,
2023-06-04,0.0,0.0,,,,,,
2023-06-04,0.0,0.0,,,,,,
2023-06-04,0.0,0.0,,,,,,
2023-06-04,0.0,0.0,,,,,,
2023-06-04,0.0,0.0,,,,,,
2023-06-04,421.545,2.3856536502546692,,,,,,
2023-06-04,1026.78,5.810865874363328,,,,,,
2023-06-04,38.465,0.21768534238822868,,,,,,
2023-06-04,445.88,2.523372948500283,,,,,,
2023-06-04,562.06,3.180871533672892,,,,,,
2023-06-04,638.205,3.6117996604414264,,,,,,
2023-06-04,701.79,3.971646859083192,,,,,,
2023-06-04,115.395,0.6530560271646859,,,,,,
2023-06-06,285.74,1.6170911148839844,,,,,,
2023-06-06,0.0,0.0,,,,,,
2023-06-06,0.0,0.0,,,,,,
2023-06-06,108.33,0.6130730050933786,,,,,,
2023-06-06,0.0,0.0,,,,,,
2023-06-06,500.83,2.8343520090548955,,,,,,
2023-06-06,163.28,0.924052065647991,,,,,,
2023-06-06,105.19,0.5953027730616866,,,,,,
2023-06-06,0.0,0.0,,,,,,
2023-06-06,0.0,0.0,,,,,,
2023-06-06,0.0,0.0,,,,,,
2023-06-06,0.0,0.0,,,,,,
2023-06-06,0.0,0.0,,,,,,
2023-06-06,0.0,0.0,,,,,,
2023-06-06,0.0,0.0,,,,,,
2023-06-06,0.0,0.0,,,,,,
2023-06-06,280.245,1.5859932088285231,,,,,,
2023-06-06,1062.105,6.010780984719864,,,,,,
2023-06-06,217.445,1.2305885681946802,,,,,,
2023-06-06,318.71,1.8036785512167515,,,,,,
2023-06-06,167.205,0.9462648556876062,,,,,,
2023-06-06,359.53,2.0346915676287494,,,,,,
2023-06-06,507.895,2.874335031126203,,,,,,
2023-06-06,116.965,0.661941143180532,,,,,,
2023-06-08,123.245,0.6974816072439163,,,,,,
2023-06-08,0.0,0.0,,,,,,
2023-06-08,0.0,0.0,,,,,,
2023-06-08,56.52,0.31986417657045846,,,,,,
2023-06-08,0.0,0.0,,,,,,
2023-06-08,293.59,1.6615166949632145,,,,,,
2023-06-08,98.125,0.5553197509903792,,,,,,
2023-06-08,0.0,0.0,,,,,,
2023-06-08,0.0,0.0,,,,,,
2023-06-08,0.0,0.0,,,,,,
2023-06-08,0.0,0.0,,,,,,
2023-06-08,0.0,0.0,,,,,,
2023-06-08,0.0,0.0,,,,,,
2023-06-08,0.0,0.0,,,,,,
2023-06-08,0.0,0.0,,,,,,
2023-06-08,0.0,0.0,,,,,,
2023-06-08,105.19,0.5953027730616866,,,,,,
2023-06-08,1008.725,5.708687040181099,,,,,,
2023-06-08,116.965,0.661941143180532,,,,,,
2023-06-08,138.945,0.7863327674023769,,,,,,
2023-06-08,218.23,1.2350311262026032,,,,,,
2023-06-08,58.09,0.32874929258630453,,,,,,
2023-06-08,346.97,1.963610639501981,,,,,,
2023-06-08,0.0,0.0,,,,,,
2023-06-09,105.19,0.5953027730616866,,,,,,
2023-06-09,0.0,0.0,,,,,,
2023-06-09,0.0,0.0,,,,,,
2023-06-09,0.0,0.0,,,,,,
2023-06-09,0.0,0.0,,,,,,
2023-06-09,358.745,2.0302490096208263,,,,,,
2023-06-09,78.5,0.44425580079230337,,,,,,
2023-06-09,76.93,0.43537068477645735,,,,,,
2023-06-09,0.0,0.0,,,,,,
2023-06-09,0.0,0.0,,,,,,
2023-06-09,0.0,0.0,,,,,,
2023-06-09,0.0,0.0,,,,,,
2023-06-09,0.0,0.0,,,,,,
2023-06-09,0.0,0.0,,,,,,
2023-06-09,0.0,0.0,,,,,,
2023-06-09,0.0,0.0,,,,,,
2023-06-09,88.705,0.5020090548953028,,,,,,
2023-06-09,704.145,3.984974533106961,,,,,,
2023-06-09,106.76,0.6041878890775326,,,,,,
2023-06-09,106.76,0.6041878890775326,,,,,,
2023-06-09,116.965,0.661941143180532,,,,,,
2023-06-09,167.205,0.9462648556876062,,,,,,
2023-06-09,273.965,1.5504527447651386,,,,,,
2023-06-09,0.0,0.0,,,,,,
2023-06-12,116.965,0.661941143180532,,,,,,
2023-06-12,0.0,0.0,,,,,,
2023-06-12,0.0,0.0,,,,,,
2023-06-12,38.465,0.21768534238822868,,,,,,
2023-06-12,0.0,0.0,,,,,,
2023-06-12,388.575,2.1990662139219017,,,,,,
2023-06-12,146.795,0.8307583474816073,,,,,,
2023-06-12,105.19,0.5953027730616866,,,,,,
2023-06-12,0.0,0.0,,,,,,
2023-06-12,0.0,0.0,,,,,,
2023-06-12,0.0,0.0,,,,,,
2023-06-12,0.0,0.0,,,,,,
2023-06-12,0.0,0.0,,,,,,
2023-06-12,0.0,0.0,,,,,,
2023-06-12,0.0,0.0,,,,,,
2023-06-12,0.0,0.0,,,,,,
2023-06-12,183.69,1.0395585738539899,,,,,,
2023-06-12,594.245,3.3630164119977364,,,,,,
2023-06-12,155.43,0.8796264855687607,,,,,,
2023-06-12,163.28,0.924052065647991,,,,,,
2023-06-12,0.0,0.0,,,,,,
2023-06-12,106.76,0.6041878890775326,,,,,,
2023-06-12,439.6,2.487832484436899,,,,,,
2023-06-12,0.0,0.0,,,,,,
2023-06-14,273.965,1.5504527447651386,,,,,,
2023-06-14,0.0,0.0,,,,,,
2023-06-14,0.0,0.0,,,,,,
2023-06-14,0.0,0.0,,,,,,
2023-06-14,0.0,0.0,,,,,,
2023-06-14,445.88,2.523372948500283,,,,,,
2023-06-14,108.33,0.6130730050933786,,,,,,
2023-06-14,177.41,1.0040181097906056,,,,,,
2023-06-14,0.0,0.0,,,,,,
2023-06-14,0.0,0.0,,,,,,
2023-06-14,0.0,0.0,,,,,,
2023-06-14,0.0,0.0,,,,,,
2023-06-14,0.0,0.0,,,,,,
2023-06-14,0.0,0.0,,,,,,
2023-06-14,0.0,0.0,,,,,,
2023-06-14,0.0,0.0,,,,,,
2023-06-14,397.995,2.252376910016978,,,,,,
2023-06-14,1139.035,6.446151669496322,,,,,,
2023-06-14,116.965,0.661941143180532,,,,,,
2023-06-14,317.925,1.7992359932088287,,,,,,
2023-06-14,116.965,0.661941143180532,,,,,,
2023-06-14,749.675,4.242642897566497,,,,,,
2023-06-14,573.05,3.2430673457838144,,,,,,
2023-06-14,0.0,0.0,,,,,,
2023-06-16,548.715,3.1053480475382007,,,,,,
2023-06-16,78.5,0.44425580079230337,,,,,,
2023-06-16,0.0,0.0,,,,,,
2023-06-16,0.0,0.0,,,,,,
2023-06-16,0.0,0.0,,,,,,
2023-06-16,6694.48,37.88613469156763,,,,,,
2023-06-16,1490.715,8.43641765704584,,,,,,
2023-06-16,202.53,1.1461799660441427,,,,,,
2023-06-16,0.0,0.0,,,,,,
2023-06-16,0.0,0.0,,,,,,
2023-06-16,0.0,0.0,,,,,,
2023-06-16,50.24,0.28432371250707417,,,,,,
2023-06-16,0.0,0.0,,,,,,
2023-06-16,96.555,0.5464346349745332,,,,,,
2023-06-16,86.35,0.4886813808715337,,,,,,
2023-06-16,0.0,0.0,,,,,,
2023-06-16,4968.265,28.11694963214488,,,,,,
2023-06-16,4751.605,26.89080362195812,,,,,,
2023-06-16,380.725,2.1546406338426713,,,,,,
2023-06-16,342.26,1.9369552914544426,,,,,,
2023-06-16,1164.155,6.588313525749859,,,,,,
2023-06-16,10230.12,57.89541595925298,,,,,,
2023-06-16,5505.205,31.155659309564236,,,,,,
2023-06-16,960.84,5.437691001697793,,,,,,
2023-06-19,1753.69,9.924674589700057,,,,,,
2023-06-19,554.21,3.136445953593662,,,,,,
2023-06-19,0.0,0.0,,,,,,
2023-06-19,533.8,3.0209394453876626,,,,,,
2023-06-19,38.465,0.21768534238822868,,,,,,
2023-06-19,10471.115,59.259281267685346,,,,,,
2023-06-19,2367.56,13.398754951895869,,,,,,
2023-06-19,262.19,1.4838143746462933,,,,,,
2023-06-19,0.0,0.0,,,,,,
2023-06-19,0.0,0.0,,,,,,
2023-06-19,0.0,0.0,,,,,,
2023-06-19,38.465,0.21768534238822868,,,,,,
2023-06-19,0.0,0.0,,,,,,
2023-06-19,175.055,0.9906904357668366,,,,,,
2023-06-19,105.19,0.5953027730616866,,,,,,
2023-06-19,0.0,0.0,,,,,,
2023-06-19,15386.785,87.07857951329939,,,,,,
2023-06-19,7911.23,44.77209960384833,,,,,,
2023-06-19,2230.97,12.62574985851726,,,,,,
2023-06-19,1215.18,6.877079796264857,,,,,,
2023-06-19,1551.945,8.782937181663836,,,,,,
2023-06-19,20314.23,114.96451612903226,,,,,,
2023-06-19,14251.675,80.65464063384267,,,,,,
2023-06-19,1784.305,10.097934352009055,,,,,,
2023-06-21,1468.735,8.312026032823995,,,,,,
2023-06-21,653.12,3.696208262591964,,,,,,
2023-06-21,0.0,0.0,,,,,,
2023-06-21,1018.93,5.766440294284098,,,,,,
2023-06-21,100.48,0.5686474250141483,,,,,,
2023-06-21,7710.27,43.63480475382004,,,,,,
2023-06-21,2927.265,16.566298811544993,,,,,,
2023-06-21,376.015,2.127985285795133,,,,,,
2023-06-21,0.0,0.0,,,,,,
2023-06-21,0.0,0.0,,,,,,
2023-06-21,0.0,0.0,,,,,,
2023-06-21,69.865,0.39538766270514997,,,,,,
2023-06-21,0.0,0.0,,,,,,
2023-06-21,183.69,1.0395585738539899,,,,,,
2023-06-21,178.98,1.0129032258064516,,,,,,
2023-06-21,0.0,0.0,,,,,,
2023-06-21,18259.1,103.33389926428976,,,,,,
2023-06-21,7600.37,43.01284663271081,,,,,,
2023-06-21,2729.445,15.44677419354839,,,,,,
2023-06-21,2296.91,12.998924731182795,,,,,,
2023-06-21,1861.235,10.533305036785512,,,,,,
2023-06-21,23139.445,130.95328239954725,,,,,,
2023-06-21,20569.355,116.40834748160725,,,,,,
2023-06-21,1955.435,11.066411997736276,,,,,,
2023-06-23,379.155,2.1457555178268253,,,,,,
2023-06-23,445.88,2.523372948500283,,,,,,
2023-06-23,0.0,0.0,,,,,,
2023-06-23,224.51,1.2705715902659875,,,,,,
2023-06-23,0.0,0.0,,,,,,
2023-06-23,8431.685,47.7175155631013,,,,,,
2023-06-23,2603.06,14.73152235427278,,,,,,
2023-06-23,192.325,1.0884267119411433,,,,,,
2023-06-23,0.0,0.0,,,,,,
2023-06-23,0.0,0.0,,,,,,
2023-06-23,0.0,0.0,,,,,,
2023-06-23,0.0,0.0,,,,,,
2023-06-23,0.0,0.0,,,,,,
2023-06-23,0.0,0.0,,,,,,
2023-06-23,77.715,0.43981324278438033,,,,,,
2023-06-23,0.0,0.0,,,,,,
2023-06-23,10450.705,59.14377475947935,,,,,,
2023-06-23,6272.15,35.496038483305036,,,,,,
2023-06-23,1981.34,11.213016411997737,,,,,,
2023-06-23,1481.295,8.383106960950766,,,,,,
2023-06-23,1146.1,6.486134691567629,,,,,,
2023-06-23,22414.89,126.8528013582343,,,,,,
2023-06-23,13802.655,78.1134974533107,,,,,,
2023-06-23,1417.71,8.023259762309,,,,,,
2023-06-26,2740.435,15.508970005659311,,,,,,
2023-06-26,1609.25,9.107243916242219,,,,,,
2023-06-26,86.35,0.4886813808715337,,,,,,
2023-06-26,2451.555,13.874108658743634,,,,,,
2023-06-26,348.54,1.972495755517827,,,,,,
2023-06-26,34055.655,192.73149405772497,,,,,,
2023-06-26,7052.44,39.911941143180535,,,,,,
2023-06-26,312.43,1.7681380871533674,,,,,,
2023-06-26,47.885,0.27099603848330506,,,,,,
2023-06-26,38.465,0.21768534238822868,,,,,,
2023-06-26,0.0,0.0,,,,,,
2023-06-26,178.195,1.0084606677985286,,,,,,
2023-06-26,0.0,0.0,,,,,,
2023-06-26,558.135,3.1586587436332767,,,,,,
2023-06-26,300.655,1.7014997170345219,,,,,,
2023-06-26,0.0,0.0,,,,,,
2023-06-26,82209.125,465.2468873797397,,,,,,
2023-06-26,14130.0,79.9660441426146,,,,,,
2023-06-26,9744.205,55.145472552348615,,,,,,
2023-06-26,11787.56,66.70945104697228,,,,,,
2023-06-26,3919.505,22.181692133559707,,,,,,
2023-06-26,88217.515,499.2502263723826,,,,,,
2023-06-26,78657.0,445.14431239388796,,,,,,
2023-06-26,4996.525,28.276881720430108,,,,,,
2023-06-28,8507.045,48.14400113186192,,,,,,
2023-06-28,3446.935,19.507272212790042,,,,,,
2023-06-28,438.03,2.4789473684210526,,,,,,
2023-06-28,4876.42,27.597170345217886,,,,,,
2023-06-28,559.705,3.167543859649123,,,,,,
2023-06-28,82016.015,464.1540181097906,,,,,,
2023-06-28,14178.67,80.24148273910583,,,,,,
2023-06-28,481.205,2.7232880588568196,,,,,,
2023-06-28,105.19,0.5953027730616866,,,,,,
2023-06-28,38.465,0.21768534238822868,,,,,,
2023-06-28,0.0,0.0,,,,,,
2023-06-28,271.61,1.5371250707413697,,,,,,
2023-06-28,0.0,0.0,,,,,,
2023-06-28,725.34,4.104923599320883,,,,,,
2023-06-28,1000.875,5.664261460101868,,,,,,
2023-06-28,0.0,0.0,,,,,,
2023-06-28,168908.45,955.9052065647992,,,,,,
2023-06-28,22673.155,128.31440294284099,,,,,,
2023-06-28,11689.435,66.1541312959819,,,,,,
2023-06-28,21764.125,123.1699207696661,,,,,,
2023-06-28,5233.595,29.618534238822868,,,,,,
2023-06-28,142893.55,808.6788341822297,,,,,,
2023-06-28,105580.145,597.5107243916243,,,,,,
2023-06-28,8626.365,48.81926994906622,,,,,,
2023-06-30,8362.605,47.32657045840408,,,,,,
2023-06-30,3462.635,19.596123372948504,,,,,,
2023-06-30,485.915,2.749943406904358,,,,,,
2023-06-30,7423.745,42.01327108092813,,,,,,
2023-06-30,735.545,4.162676853423882,,,,,,
2023-06-30,88498.545,500.84066213921903,,,,,,
2023-06-30,21188.72,119.91352574985854,,,,,,
2023-06-30,622.505,3.5229485002829657,,,,,,
2023-06-30,339.905,1.9236276174306735,,,,,,
2023-06-30,78.5,0.44425580079230337,,,,,,
2023-06-30,0.0,0.0,,,,,,
2023-06-30,1014.22,5.7397849462365595,,,,,,
2023-06-30,0.0,0.0,,,,,,
2023-06-30,1175.145,6.650509337860782,,,,,,
2023-06-30,980.465,5.548754951895869,,,,,,
2023-06-30,0.0,0.0,,,,,,
2023-06-30,209226.835,1184.079428409734,,,,,,
2023-06-30,22378.78,126.64844368986984,,,,,,
2023-06-30,12759.39,72.20933786078099,,,,,,
2023-06-30,34075.28,192.84255800792303,,,,,,
2023-06-30,5609.61,31.746519524617998,,,,,,
2023-06-30,185617.175,1050.465053763441,,,,,,
2023-06-30,159977.505,905.3622241086588,,,,,,
2023-06-30,8611.45,48.734861346915686,,,,,,
2023-07-03,6801.24,38.49032258064516,,,,,,
2023-07-03,2829.14,16.01097906055461,,,,,,
2023-07-03,309.29,1.7503678551216755,,,,,,
2023-07-03,8836.745,50.0098754951896,,,,,,
2023-07-03,461.58,2.6122241086587437,,,,,,
2023-07-03,53986.02,305.52359932088285,,,,,,
2023-07-03,21696.615,122.78786078098474,,,,,,
2023-07-03,409.77,2.3190152801358237,,,,,,
2023-07-03,270.825,1.5326825127334465,,,,,,
2023-07-03,0.0,0.0,,,,,,
2023-07-03,0.0,0.0,,,,,,
2023-07-03,323.42,1.83033389926429,,,,,,
2023-07-03,0.0,0.0,,,,,,
2023-07-03,604.45,3.4207696661007363,,,,,,
2023-07-03,1271.7,7.196943972835315,,,,,,
2023-07-03,0.0,0.0,,,,,,
2023-07-03,144674.715,818.7589983022071,,,,,,
2023-07-03,19092.77,108.05189586870402,,,,,,
2023-07-03,12161.22,68.82410865874364,,,,,,
2023-07-03,28098.29,159.01692133559706,,,,,,
2023-07-03,3194.95,18.081211092246747,,,,,,
2023-07-03,160001.84,905.4999434069044,,,,,,
2023-07-03,118850.57,672.6121675155632,,,,,,
2023-07-03,5747.77,32.528409734012456,,,,,,
2023-07-07,41443.29,234.54040747028864,,,,,,
2023-07-07,7743.24,43.8213921901528,,,,,,
2023-07-07,1221.46,6.91262026032824,,,,,,
2023-07-07,30472.915,172.45565930956425,,,,,,
2023-07-07,2906.07,16.446349745331073,,,,,,
2023-07-07,184823.54,1045.9736276174308,,,,,,
2023-07-07,69014.06,390.57192982456144,,,,,,
2023-07-07,1851.03,10.475551782682514,,,,,,
2023-07-07,1301.53,7.36576117713639,,,,,,
2023-07-07,449.805,2.545585738539898,,,,,,
2023-07-07,105.19,0.5953027730616866,,,,,,
2023-07-07,2617.975,14.815930956423317,,,,,,
2023-07-07,19.625,0.11106395019807584,,,,,,
2023-07-07,8098.845,45.83387096774194,,,,,,
2023-07-07,4664.47,26.397679683078668,,,,,,
2023-07-07,66.725,0.3776174306734578,,,,,,
2023-07-07,526525.405,2979.7702603282405,,,,,,
2023-07-07,43810.85,247.9391624221845,,,,,,
2023-07-07,28828.34,163.1485002829655,,,,,,
2023-07-07,85648.995,484.7141765704584,,,,,,
2023-07-07,11681.585,66.10970571590266,,,,,,
2023-07-07,374269.16,2118.1050367855123,,,,,,
2023-07-07,553079.6,3130.0486700622523,,,,,,
2023-07-07,19007.205,107.56765704584042,,,,,,
2023-07-10,55094.44,311.7964912280702,,,,,,
2023-07-10,13002.74,73.58653084323713,,,,,,
2023-07-10,3436.73,19.44951895868704,,,,,,
2023-07-10,60216.565,340.784182229768,,,,,,
2023-07-10,4583.615,25.94009620826259,,,,,,
2023-07-10,290599.935,1644.5949915110357,,,,,,
2023-07-10,139809.285,791.2240237691002,,,,,,
2023-07-10,3601.58,20.38245614035088,,,,,,
2023-07-10,3306.42,18.712054329371817,,,,,,
2023-07-10,1330.575,7.530135823429542,,,,,,
2023-07-10,406.63,2.3012450481041316,,,,,,
2023-07-10,8324.925,47.113327674023765,,,,,,
2023-07-10,205.67,1.1639501980758347,,,,,,
2023-07-10,16937.16,95.85263157894737,,,,,,
2023-07-10,14060.92,79.57509903791738,,,,,,
2023-07-10,613.87,3.4740803621958123,,,,,,
2023-07-10,563743.04,3190.3963780418794,,,,,,
2023-07-10,54657.98,309.326428975665,,,,,,
2023-07-10,41813.81,236.6372948500283,,,,,,
2023-07-10,245100.55,1387.0998868138088,,,,,,
2023-07-10,19559.845,110.69521788341824,,,,,,
2023-07-10,501871.695,2840.2472835314093,,,,,,
2023-07-10,423809.725,2398.4704301075267,,,,,,
2023-07-10,28222.32,159.71884550084891,,,,,,
2023-07-13,64718.54,366.2622524052066,,,,,,
2023-07-13,15437.81,87.36734578381437,,,,,,
2023-07-13,4067.085,23.016893039049236,,,,,,
2023-07-13,71246.6,403.20656479909456,,,,,,
2023-07-13,6099.45,34.51867572156197,,,,,,
2023-07-13,238417.845,1349.28039049236,,,,,,
2023-07-13,172961.405,978.8421335597058,,,,,,
2023-07-13,3903.02,22.088398415393325,,,,,,
2023-07-13,3115.665,17.63251273344652,,,,,,
2023-07-13,1221.46,6.91262026032824,,,,,,
2023-07-13,270.04,1.5282399547255237,,,,,,
2023-07-13,8315.505,47.06001697792869,,,,,,
2023-07-13,186.83,1.057328805885682,,,,,,
2023-07-13,19457.01,110.1132427843803,,,,,,
2023-07-13,14685.78,83.11137521222412,,,,,,
2023-07-13,544.79,3.083135257498585,,,,,,
2023-07-13,698241.015,3951.562054329372,,,,,,
2023-07-13,62867.51,355.7867006225241,,,,,,
2023-07-13,45951.545,260.0540181097906,,,,,,
2023-07-13,179276.73,1014.5825127334466,,,,,,
2023-07-13,21251.52,120.26893039049237,,,,,,
2023-07-13,483089.785,2733.9546406338427,,,,,,
2023-07-13,609541.51,3449.5840973401246,,,,,,
2023-07-13,27806.27,157.3642897566497,,,,,,
2023-07-17,80941.35,458.07215619694404,,,,,,
2023-07-17,21340.225,120.77093944538767,,,,,,
2023-07-17,4921.165,27.850396151669496,,,,,,
2023-07-17,91743.735,519.2061969439728,,,,,,
2023-07-17,6410.31,36.2779286926995,,,,,,
2023-07-17,395870.005,2240.3509054895303,,,,,,
2023-07-17,213784.545,1209.8729202037352,,,,,,
2023-07-17,5262.64,29.78290888511602,,,,,,
2023-07-17,2239.605,12.674617996604415,,,,,,
2023-07-17,1657.135,9.378239954725524,,,,,,
2023-07-17,811.69,4.593604980192417,,,,,,
2023-07-17,9257.505,52.391086587436334,,,,,,
2023-07-17,234.715,1.328324844368987,,,,,,
2023-07-17,29262.445,165.60523486134693,,,,,,
2023-07-17,24473.16,138.5011884550085,,,,,,
2023-07-17,968.69,5.482116581777023,,,,,,
2023-07-17,524070.71,2965.878381437465,,,,,,
2023-07-17,86488.16,489.46327108092817,,,,,,
2023-07-17,43379.1,245.49575551782684,,,,,,
2023-07-17,226862.645,1283.8859366157328,,,,,,
2023-07-17,22721.04,128.5853989813243,,,,,,
2023-07-17,665943.76,3768.7818902093945,,,,,,
2023-07-17,652455.89,3692.4498585172614,,,,,,
2023-07-17,50475.5,285.6564799094511,,,,,,
2023-07-20,108316.655,612.9974816072439,,,,,,
2023-07-20,27448.31,155.3384833050368,,,,,,
2023-07-20,5284.62,29.907300509337862,,,,,,
2023-07-20,97942.88,554.2890775325411,,,,,,
2023-07-20,8196.97,46.389190718732316,,,,,,
2023-07-20,484239.81,2740.46298811545,,,,,,
2023-07-20,267527.215,1514.0193265421622,,,,,,
2023-07-20,6685.845,37.83726655348048,,,,,,
2023-07-20,3158.055,17.872410865874365,,,,,,
2023-07-20,2019.02,11.426259196378043,,,,,,
2023-07-20,318.71,1.8036785512167515,,,,,,
2023-07-20,10164.965,57.526683644595366,,,,,,
2023-07-20,481.205,2.7232880588568196,,,,,,
2023-07-20,35619.375,201.58106960950767,,,,,,
2023-07-20,28543.385,161.53585172608942,,,,,,
2023-07-20,511.82,2.896547821165818,,,,,,
2023-07-20,644059.53,3644.9322580645166,,,,,,
2023-07-20,92447.88,523.1911714770798,,,,,,
2023-07-20,73029.335,413.2956140350878,,,,,,
2023-07-20,259721.175,1469.8425297113752,,,,,,
2023-07-20,33811.52,191.34985851726088,,,,,,
2023-07-20,643012.34,3639.005885681947,,,,,,
2023-07-20,649422.65,3675.2838143746467,,,,,,
2023-07-20,53152.35,300.8056027164686,,,,,,
