Date,Damage,Foci,,,,,,
2020-05-26,76,,,,,,,
2020-05-26,47.885,,,,,,,
2020-05-26,115,,,,,,,
2020-05-26,134,,,,,,,
2020-05-26,0,,,,,,,
2020-05-26,0,,,,,,,
2020-05-26,297,,,,,,,
2020-05-26,104,,,,,,,
2020-05-27,105.975,,,,,,,
2020-05-27,67.51,,,,,,,
2020-05-27,104.405,,,,,,,
2020-05-27,173.485,,,,,,,
2020-05-27,124.03,,,,,,,
2020-05-27,39.25,,,,,,,
2020-05-27,327.345,,,,,,,
2020-05-27,67.51,,,,,,,
2020-05-28,145.225,,,,,,,
2020-05-28,87.135,,,,,,,
2020-05-28,106.76,,,,,,,
2020-05-28,203.315,,,,,,,
2020-05-28,154.645,,,,,,,
2020-05-28,19.625,,,,,,,
2020-05-28,328.13,,,,,,,
2020-05-28,39.25,,,,,,,
2020-05-29,154.645,,,,,,,
2020-05-29,98.125,,,,,,,
2020-05-29,106.76,,,,,,,
2020-05-29,193.11,,,,,,,
2020-05-29,240.995,,,,,,,
2020-05-29,117.75,,,,,,,
2020-05-29,387.005,,,,,,,
2020-05-29,78.5,,,,,,,
2020-06-01,577.76,,,,,,,
2020-06-01,433.32,,,,,,,
2020-06-01,600.525,,,,,,,
2020-06-01,619.365,,,,,,,
2020-06-01,1091.935,,,,,,,
2020-06-01,533.015,,,,,,,
2020-06-01,1075.45,,,,,,,
2020-06-01,484.345,,,,,,,
2020-06-03,451.375,,,,,,,
2020-06-03,270.825,,,,,,,
2020-06-03,463.935,,,,,,,
2020-06-03,559.705,,,,,,,
2020-06-03,574.62,,,,,,,
2020-06-03,291.235,,,,,,,
2020-06-03,818.755,,,,,,,
2020-06-03,291.235,,,,,,,
2020-06-05,860.36,,,,,,,
2020-06-05,774.01,,,,,,,
2020-06-05,910.6,,,,,,,
2020-06-05,1778.81,,,,,,,
2020-06-05,1654.78,,,,,,,
2020-06-05,1073.095,,,,,,,
2020-06-05,1882.43,,,,,,,
2020-06-05,902.75,,,,,,,
2020-06-07,3267.17,,,,,,,
2020-06-07,2059.055,,,,,,,
2020-06-07,2519.065,,,,,,,
2020-06-07,4734.335,,,,,,,
2020-06-07,2608.555,,,,,,,
2020-06-07,1902.055,,,,,,,
2020-06-07,5352.915,,,,,,,
2020-06-07,1548.805,,,,,,,
2020-06-09,2223.12,,,,,,,
2020-06-09,1854.955,,,,,,,
2020-06-09,3510.52,,,,,,,
2020-06-09,7311.49,,,,,,,
2020-06-09,3959.54,,,,,,,
2020-06-09,2172.095,,,,,,,
2020-06-09,4667.61,,,,,,,
2020-06-09,2492.375,,,,,,,
2020-06-12,2582.65,,,,,,,
2020-06-12,2183.085,,,,,,,
2020-06-12,3485.4,,,,,,,
2020-06-12,5029.495,,,,,,,
2020-06-12,3324.475,,,,,,,
2020-06-12,2743.575,,,,,,,
2020-06-12,6486.455,,,,,,,
2020-06-12,2498.655,,,,,,,
2020-06-16,18913.79,,,,,,,
2020-06-16,13246.875,,,,,,,
2020-06-16,23440.885,,,,,,,
2020-06-16,31465.155,,,,,,,
2020-06-16,14834.93,,,,,,,
2020-06-16,12411.635,,,,,,,
2020-06-16,27883.985,,,,,,,
2020-06-16,19248.2,,,,,,,
2020-06-23,43219.745,,,,,,,
2020-06-23,33855.48,,,,,,,
2020-06-23,57003.56,,,,,,,
2020-06-23,92258.695,,,,,,,
2020-06-23,38596.88,,,,,,,
2020-06-23,28836.975,,,,,,,
2020-06-23,59101.865,,,,,,,
2020-06-23,50024.125,,,,,,,
2020-07-01,136168.455,,,,,,,
2020-07-01,116793.87,,,,,,,
2020-07-01,160512.875,,,,,,,
2020-07-01,167435.79,,,,,,,
2020-07-01,134307.22,,,,,,,
2020-07-01,125413.17,,,,,,,
2020-07-01,137699.99,,,,,,,
2020-07-01,119411.06,,,,,,,
2020-07-08,208642.01,,,,,,,
2020-07-08,246581.06,,,,,,,
2020-07-08,302294.08,,,,,,,
2020-07-08,407956.65,,,,,,,
2020-07-08,210482.05,,,,,,,
2020-07-08,190047.715,,,,,,,
2020-07-08,321831.945,,,,,,,
2020-07-08,269712.655,,,,,,,
2021-05-31,213.363,,,,,,,
2021-05-31,153.075,,,,,,,
2021-05-31,292.02,,,,,,,
2021-05-31,171.6795,,,,,,,
2021-05-31,0,,,,,,,
2021-05-31,193.11,,,,,,,
2021-05-31,43.646,,,,,,,
2021-05-31,394.9335,,,,,,,
2021-06-01,587.494,,,,,,,
2021-06-01,114.61,,,,,,,
2021-06-01,97.1202,,,,,,,
2021-06-01,13.7061,,,,,,,
2021-06-01,128.3475,,,,,,,
2021-06-01,377.585,,,,,,,
2021-06-01,0,,,,,,,
2021-06-01,87.135,,,,,,,
2021-06-03,296.73,,,,,,,
2021-06-03,76.145,,,,,,,
2021-06-03,173.485,,,,,,,
2021-06-03,12.403,,,,,,,
2021-06-03,405.688,,,,,,,
2021-06-03,614.655,,,,,,,
2021-06-03,116.18,,,,,,,
2021-06-03,95.77,,,,,,,
2021-06-09,857.22,,,,,,,
2021-06-09,211.165,,,,,,,
2021-06-09,1224.286,,,,,,,
2021-06-09,181.335,,,,,,,
2021-06-09,623.29,,,,,,,
2021-06-09,1505.63,,,,,,,
2021-06-09,624.546,,,,,,,
2021-06-09,412.125,,,,,,,
2021-06-11,817.185,,,,,,,
2021-06-11,422,,,,,,,
2021-06-11,2136,,,,,,,
2021-06-11,513,,,,,,,
2021-06-11,864,,,,,,,
2021-06-11,2256,,,,,,,
2021-06-11,764,,,,,,,
2021-06-11,620,,,,,,,
2021-06-15,380.725,,,,,,,
2021-06-15,231.575,,,,,,,
2021-06-15,1410.881,,,,,,,
2021-06-15,296.73,,,,,,,
2021-06-15,765.375,,,,,,,
2021-06-15,1146.1,,,,,,,
2021-06-15,595.815,,,,,,,
2021-06-15,837.595,,,,,,,
2021-06-18,575.405,,,,,,,
2021-06-18,496.905,,,,,,,
2021-06-18,1664.985,,,,,,,
2021-06-18,184.475,,,,,,,
2021-06-18,1164.94,,,,,,,
2021-06-18,2266.295,,,,,,,
2021-06-18,522.81,,,,,,,
2021-06-18,512.605,,,,,,,
2021-06-23,660.185,,,,,,,
2021-06-23,509.465,,,,,,,
2021-06-23,2392.68,,,,,,,
2021-06-23,254.34,,,,,,,
2021-06-23,1532.32,,,,,,,
2021-06-23,2709.82,,,,,,,
2021-06-23,1062.105,,,,,,,
2021-06-23,466.29,,,,,,,
2021-06-29,690.8,,,,,,,
2021-06-29,317.925,,,,,,,
2021-06-29,962.41,,,,,,,
2021-06-29,127.955,,,,,,,
2021-06-29,817.185,,,,,,,
2021-06-29,949.065,,,,,,,
2021-06-29,733.975,,,,,,,
2021-06-29,465.505,,,,,,,
2021-07-02,255.91,,,,,,,
2021-07-02,154.645,,,,,,,
2021-07-02,559.705,,,,,,,
2021-07-02,105.975,,,,,,,
2021-07-02,426.255,,,,,,,
2021-07-02,424.685,,,,,,,
2021-07-02,384.65,,,,,,,
2021-07-02,106.76,,,,,,,
2021-07-06,1208.9,,,,,,,
2021-07-06,1317.23,,,,,,,
2021-07-06,2989.28,,,,,,,
2021-07-06,262.975,,,,,,,
2021-07-06,2917.06,,,,,,,
2021-07-06,3710.695,,,,,,,
2021-07-06,1618.67,,,,,,,
2021-07-06,1106.065,,,,,,,
2021-07-09,528.776,,,,,,,
2021-07-09,620.15,,,,,,,
2021-07-09,1727.785,,,,,,,
2021-07-09,496.905,,,,,,,
2021-07-09,1346.275,,,,,,,
2021-07-09,2428.79,,,,,,,
2021-07-09,890.19,,,,,,,
2021-07-09,446.665,,,,,,,
2021-07-13,1657.92,,,,,,,
2021-07-13,1336.855,,,,,,,
2021-07-13,6667.005,,,,,,,
2021-07-13,831.315,,,,,,,
2021-07-13,3427.31,,,,,,,
2021-07-13,5927.535,,,,,,,
2021-07-13,5162.945,,,,,,,
2021-07-13,2252.95,,,,,,,
2021-07-16,7090.905,,,,,,,
2021-07-16,6043.715,,,,,,,
2021-07-16,17427.79,,,,,,,
2021-07-16,2719.24,,,,,,,
2021-07-16,10235.62,,,,,,,
2021-07-16,9116.99,,,,,,,
2021-07-16,15171.7,,,,,,,
2021-07-16,5866.305,,,,,,,
2021-07-20,7723.615,,,,,,,
2021-07-20,5449.47,,,,,,,
2021-07-20,16973.27,,,,,,,
2021-07-20,3255.395,,,,,,,
2021-07-20,13162.1,,,,,,,
2021-07-20,9865.095,,,,,,,
2021-07-20,13383.47,,,,,,,
2021-07-20,4315.93,,,,,,,
2021-07-28,24219.61,,,,,,,
2021-07-28,22016.9,,,,,,,
2021-07-28,50742.4,,,,,,,
2021-07-28,9002.38,,,,,,,
2021-07-28,42525.02,,,,,,,
2021-07-28,34090.2,,,,,,,
2021-07-28,37362.86,,,,,,,
2021-07-28,25347.65,,,,,,,
2021-08-03,33163.11,,,,,,,
2021-08-03,23472.29,,,,,,,
2021-08-03,54241.15,,,,,,,
2021-08-03,7919.08,,,,,,,
2021-08-03,43520.4,,,,,,,
2021-08-03,40248.52,,,,,,,
2021-08-03,39090.65,,,,,,,
2021-08-03,28205.84,,,,,,,
2021-08-10,41856.2,,,,,,,
2021-08-10,34069.79,,,,,,,
2021-08-10,62268.56,,,,,,,
2021-08-10,12041.9,,,,,,,
2021-08-10,61505.54,,,,,,,
2021-08-10,57283.81,,,,,,,
2021-08-10,59091.66,,,,,,,
2021-08-10,34319.42,,,,,,,
2021-08-17,50952.78,,,,,,,
2021-08-17,36710.53,,,,,,,
2021-08-17,68545.42,,,,,,,
2021-08-17,14816.88,,,,,,,
2021-08-17,75221.06,,,,,,,
2021-08-17,74446.26,,,,,,,
2021-08-17,50948.07,,,,,,,
2021-08-17,41727.46,,,,,,,
2021-08-24,122732.4,,,,,,,
2021-08-24,102714.9,,,,,,,
2021-08-24,157398,,,,,,,
2021-08-24,40876.52,,,,,,,
2021-08-24,153849,,,,,,,
2021-08-24,174139.7,,,,,,,
2021-08-24,128947.2,,,,,,,
2021-08-24,184511.9,,,,,,,
2021-09-04,94769.91,,,,,,,
2021-09-04,72113.24,,,,,,,
2021-09-04,118699.1,,,,,,,
2021-09-04,58005.22,,,,,,,
2021-09-04,120528.9,,,,,,,
2021-09-04,22475.34,,,,,,,
2021-09-04,16252.64,,,,,,,
2021-09-04,86687.55,,,,,,,
2022-05-19,0,,,,,,,
2022-05-19,0,,,,,,,
2022-05-19,0,,,,,,,
2022-05-19,0,,,,,,,
2022-05-19,0,,,,,,,
2022-05-19,0,,,,,,,
2022-05-19,0,,,,,,,
2022-05-19,0,,,,,,,
2022-05-19,0,,,,,,,
2022-05-19,0,,,,,,,
2022-05-19,0,,,,,,,
2022-05-19,0,,,,,,,
2022-05-21,0,,,,,,,
2022-05-21,0,,,,,,,
2022-05-21,0,,,,,,,
2022-05-21,0,,,,,,,
2022-05-21,0,,,,,,,
2022-05-21,0,,,,,,,
2022-05-21,0,,,,,,,
2022-05-21,0,,,,,,,
2022-05-21,186.83,,,,,,,
2022-05-21,94.985,,,,,,,
2022-05-21,0,,,,,,,
2022-05-21,164.85,,,,,,,
2022-05-23,0,,,,,,,
2022-05-23,0,,,,,,,
2022-05-23,0,,,,,,,
2022-05-23,0,,,,,,,
2022-05-23,0,,,,,,,
2022-05-23,0,,,,,,,
2022-05-23,0,,,,,,,
2022-05-23,0,,,,,,,
2022-05-23,397.995,,,,,,,
2022-05-23,146.795,,,,,,,
2022-05-23,78.5,,,,,,,
2022-05-23,389.36,,,,,,,
2022-05-25,0,,,,,,,
2022-05-25,0,,,,,,,
2022-05-25,0,,,,,,,
2022-05-25,0,,,,,,,
2022-05-25,0,,,,,,,
2022-05-25,0,,,,,,,
2022-05-25,0,,,,,,,
2022-05-25,0,,,,,,,
2022-05-25,308.505,,,,,,,
2022-05-25,164.85,,,,,,,
2022-05-25,251.2,,,,,,,
2022-05-25,475.71,,,,,,,
2022-05-27,0,,,,,,,
2022-05-27,0,,,,,,,
2022-05-27,0,,,,,,,
2022-05-27,0,,,,,,,
2022-05-27,0,,,,,,,
2022-05-27,0,,,,,,,
2022-05-27,0,,,,,,,
2022-05-27,0,,,,,,,
2022-05-27,215.875,,,,,,,
2022-05-27,164.85,,,,,,,
2022-05-27,245.705,,,,,,,
2022-05-27,273.18,,,,,,,
2022-05-29,0,,,,,,,
2022-05-29,NULL,,,,,,,
2022-05-29,0,,,,,,,
2022-05-29,0,,,,,,,
2022-05-29,0,,,,,,,
2022-05-29,0,,,,,,,
2022-05-29,0,,,,,,,
2022-05-29,0,,,,,,,
2022-05-29,321.065,,,,,,,
2022-05-29,300.655,,,,,,,
2022-05-29,296.73,,,,,,,
2022-05-29,833.67,,,,,,,
2022-05-31,0,,,,,,,
2022-05-31,78.5,,,,,,,
2022-05-31,0,,,,,,,
2022-05-31,0,,,,,,,
2022-05-31,0,,,,,,,
2022-05-31,0,,,,,,,
2022-05-31,0,,,,,,,
2022-05-31,0,,,,,,,
2022-05-31,562.845,,,,,,,
2022-05-31,673.53,,,,,,,
2022-05-31,492.98,,,,,,,
2022-05-31,1464.025,,,,,,,
2022-06-02,0,,,,,,,
2022-06-02,104.405,,,,,,,
2022-06-02,0,,,,,,,
2022-06-02,12,,,,,,,
2022-06-02,0,,,,,,,
2022-06-02,0,,,,,,,
2022-06-02,0,,,,,,,
2022-06-02,0,,,,,,,
2022-06-02,366.595,,,,,,,
2022-06-02,302.225,,,,,,,
2022-06-02,646.84,,,,,,,
2022-06-02,1433.41,,,,,,,
2022-06-04,0,,,,,,,
2022-06-04,96.555,,,,,,,
2022-06-04,14,,,,,,,
2022-06-04,94.985,,,,,,,
2022-06-04,0,,,,,,,
2022-06-04,0,,,,,,,
2022-06-04,0,,,,,,,
2022-06-04,0,,,,,,,
2022-06-04,474.14,,,,,,,
2022-06-04,136.59,,,,,,,
2022-06-04,434.105,,,,,,,
2022-06-04,2667.43,,,,,,,
2022-06-06,NULL,,,,,,,
2022-06-06,0,,,,,,,
2022-06-06,67.51,,,,,,,
2022-06-06,253.555,,,,,,,
2022-06-06,0,,,,,,,
2022-06-06,0,,,,,,,
2022-06-06,78.5,,,,,,,
2022-06-06,0,,,,,,,
2022-06-06,1192.415,,,,,,,
2022-06-06,192.325,,,,,,,
2022-06-06,616.225,,,,,,,
2022-06-06,4301.015,,,,,,,
2022-06-08,78.5,,,,,,,
2022-06-08,66.725,,,,,,,
2022-06-08,47.885,,,,,,,
2022-06-08,186.83,,,,,,,
2022-06-08,0,,,,,,,
2022-06-08,0,,,,,,,
2022-06-08,0,,,,,,,
2022-06-08,0,,,,,,,
2022-06-08,1548.02,,,,,,,
2022-06-08,134.235,,,,,,,
2022-06-08,789.71,,,,,,,
2022-06-08,4398.355,,,,,,,
2022-06-10,94.985,,,,,,,
2022-06-10,39.25,,,,,,,
2022-06-10,19.625,,,,,,,
2022-06-10,183.69,,,,,,,
2022-06-10,78.5,,,,,,,
2022-06-10,0,,,,,,,
2022-06-10,19.625,,,,,,,
2022-06-10,0,,,,,,,
2022-06-10,916.095,,,,,,,
2022-06-10,259.835,,,,,,,
2022-06-10,686.09,,,,,,,
2022-06-10,3437.515,,,,,,,
2022-06-13,87.135,,,,,,,
2022-06-13,0,,,,,,,
2022-06-13,0,,,,,,,
2022-06-13,428.61,,,,,,,
2022-06-13,47.885,,,,,,,
2022-06-13,0,,,,,,,
2022-06-13,0,,,,,,,
2022-06-13,0,,,,,,,
2022-06-13,1330.575,,,,,,,
2022-06-13,396.425,,,,,,,
2022-06-13,736.33,,,,,,,
2022-06-13,6614.41,,,,,,,
2022-06-15,134.235,,,,,,,
2022-06-15,58.09,,,,,,,
2022-06-15,263.76,,,,,,,
2022-06-15,1390.235,,,,,,,
2022-06-15,19.625,,,,,,,
2022-06-15,78.5,,,,,,,
2022-06-15,19.625,,,,,,,
2022-06-15,0,,,,,,,
2022-06-15,3803.325,,,,,,,
2022-06-15,780.29,,,,,,,
2022-06-15,2340.87,,,,,,,
2022-06-15,10809.45,,,,,,,
2022-06-17,204.1,,,,,,,
2022-06-17,97.34,,,,,,,
2022-06-17,222.94,,,,,,,
2022-06-17,1734.85,,,,,,,
2022-06-17,0,,,,,,,
2022-06-17,47.885,,,,,,,
2022-06-17,0,,,,,,,
2022-06-17,0,,,,,,,
2022-06-17,3648.68,,,,,,,
2022-06-17,1138.25,,,,,,,
2022-06-17,1635.94,,,,,,,
2022-06-17,10559.04,,,,,,,
2022-06-20,167.99,,,,,,,
2022-06-20,183.69,,,,,,,
2022-06-20,194.68,,,,,,,
2022-06-20,1550.375,,,,,,,
2022-06-20,0,,,,,,,
2022-06-20,56.52,,,,,,,
2022-06-20,19.625,,,,,,,
2022-06-20,0,,,,,,,
2022-06-20,3264.03,,,,,,,
2022-06-20,1069.955,,,,,,,
2022-06-20,1022.855,,,,,,,
2022-06-20,12220.88,,,,,,,
2022-06-22,58.875,,,,,,,
2022-06-22,47.885,,,,,,,
2022-06-22,172.7,,,,,,,
2022-06-22,507.895,,,,,,,
2022-06-22,0,,,,,,,
2022-06-22,19.625,,,,,,,
2022-06-22,0,,,,,,,
2022-06-22,0,,,,,,,
2022-06-22,2771.835,,,,,,,
2022-06-22,785,,,,,,,
2022-06-22,1105.28,,,,,,,
2022-06-22,7860.205,,,,,,,
2022-06-24,58.09,,,,,,,
2022-06-24,86.35,,,,,,,
2022-06-24,135.805,,,,,,,
2022-06-24,613.085,,,,,,,
2022-06-24,0,,,,,,,
2022-06-24,19.625,,,,,,,
2022-06-24,0,,,,,,,
2022-06-24,0,,,,,,,
2022-06-24,2066.905,,,,,,,
2022-06-24,598.17,,,,,,,
2022-06-24,825.82,,,,,,,
2022-06-24,7017.115,,,,,,,
2022-06-27,117.75,,,,,,,
2022-06-27,145.225,,,,,,,
2022-06-27,164.85,,,,,,,
2022-06-27,653.905,,,,,,,
2022-06-27,0,,,,,,,
2022-06-27,0,,,,,,,
2022-06-27,28.26,,,,,,,
2022-06-27,78.5,,,,,,,
2022-06-27,1441.26,,,,,,,
2022-06-27,436.46,,,,,,,
2022-06-27,576.19,,,,,,,
2022-06-27,4640.135,,,,,,,
2022-06-29,154.645,,,,,,,
2022-06-29,98.125,,,,,,,
2022-06-29,282.6,,,,,,,
2022-06-29,1237.16,,,,,,,
2022-06-29,47.885,,,,,,,
2022-06-29,58.09,,,,,,,
2022-06-29,66.725,,,,,,,
2022-06-29,0,,,,,,,
2022-06-29,3329.185,,,,,,,
2022-06-29,888.62,,,,,,,
2022-06-29,1635.94,,,,,,,
2022-06-29,11882.55,,,,,,,
2022-07-01,234.715,,,,,,,
2022-07-01,164.85,,,,,,,
2022-07-01,378.37,,,,,,,
2022-07-01,2231.755,,,,,,,
2022-07-01,19.625,,,,,,,
2022-07-01,153.075,,,,,,,
2022-07-01,0,,,,,,,
2022-07-01,67.51,,,,,,,
2022-07-01,4735.12,,,,,,,
2022-07-01,1952.295,,,,,,,
2022-07-01,2274.93,,,,,,,
2022-07-01,14413.39,,,,,,,
2022-07-04,338.335,,,,,,,
2022-07-04,221.37,,,,,,,
2022-07-04,343.83,,,,,,,
2022-07-04,2453.125,,,,,,,
2022-07-04,47.885,,,,,,,
2022-07-04,194.68,,,,,,,
2022-07-04,76.93,,,,,,,
2022-07-04,124.815,,,,,,,
2022-07-04,4002.715,,,,,,,
2022-07-04,1858.095,,,,,,,
2022-07-04,2587.36,,,,,,,
2022-07-04,11824.46,,,,,,,
2022-07-06,390.93,,,,,,,
2022-07-06,212.735,,,,,,,
2022-07-06,493.765,,,,,,,
2022-07-06,2025.3,,,,,,,
2022-07-06,47.885,,,,,,,
2022-07-06,175.055,,,,,,,
2022-07-06,86.35,,,,,,,
2022-07-06,77.715,,,,,,,
2022-07-06,4126.745,,,,,,,
2022-07-06,1946.015,,,,,,,
2022-07-06,2046.495,,,,,,,
2022-07-06,14042.87,,,,,,,
2022-07-08,512.605,,,,,,,
2022-07-08,203.315,,,,,,,
2022-07-08,435.675,,,,,,,
2022-07-08,3318.195,,,,,,,
2022-07-08,67.51,,,,,,,
2022-07-08,213.52,,,,,,,
2022-07-08,66.725,,,,,,,
2022-07-08,147.58,,,,,,,
2022-07-08,5363.905,,,,,,,
2022-07-08,2568.52,,,,,,,
2022-07-08,2739.65,,,,,,,
2022-07-08,26962.4,,,,,,,
2022-07-11,712.78,,,,,,,
2022-07-11,549.5,,,,,,,
2022-07-11,575.405,,,,,,,
2022-07-11,3370.79,,,,,,,
2022-07-11,95.77,,,,,,,
2022-07-11,270.825,,,,,,,
2022-07-11,155.43,,,,,,,
2022-07-11,182.12,,,,,,,
2022-07-11,7768.36,,,,,,,
2022-07-11,3731.89,,,,,,,
2022-07-11,3360.585,,,,,,,
2022-07-11,27237.93,,,,,,,
2022-07-13,657.045,,,,,,,
2022-07-13,222.94,,,,,,,
2022-07-13,399.565,,,,,,,
2022-07-13,4143.23,,,,,,,
2022-07-13,67.51,,,,,,,
2022-07-13,309.29,,,,,,,
2022-07-13,117.75,,,,,,,
2022-07-13,153.86,,,,,,,
2022-07-13,7167.835,,,,,,,
2022-07-13,2609.34,,,,,,,
2022-07-13,3168.26,,,,,,,
2022-07-13,33496.74,,,,,,,
2022-07-15,567.555,,,,,,,
2022-07-15,195.465,,,,,,,
2022-07-15,346.97,,,,,,,
2022-07-15,3085.835,,,,,,,
2022-07-15,0,,,,,,,
2022-07-15,164.85,,,,,,,
2022-07-15,0,,,,,,,
2022-07-15,76.145,,,,,,,
2022-07-15,5746.985,,,,,,,
2022-07-15,1952.295,,,,,,,
2022-07-15,2132.845,,,,,,,
2022-07-15,21529.41,,,,,,,
2022-07-18,1022.855,,,,,,,
2022-07-18,497.69,,,,,,,
2022-07-18,559.705,,,,,,,
2022-07-18,2694.12,,,,,,,
2022-07-18,84.78,,,,,,,
2022-07-18,105.975,,,,,,,
2022-07-18,194.68,,,,,,,
2022-07-18,181.335,,,,,,,
2022-07-18,8076.865,,,,,,,
2022-07-18,2140.695,,,,,,,
2022-07-18,3496.39,,,,,,,
2022-07-18,34042.31,,,,,,,
2022-07-20,1544.095,,,,,,,
2022-07-20,893.33,,,,,,,
2022-07-20,1018.145,,,,,,,
2022-07-20,5443.19,,,,,,,
2022-07-20,125.6,,,,,,,
2022-07-20,671.96,,,,,,,
2022-07-20,206.455,,,,,,,
2022-07-20,243.35,,,,,,,
2022-07-20,18027.53,,,,,,,
2022-07-20,6040.575,,,,,,,
2022-07-20,6210.92,,,,,,,
2022-07-20,58488,,,,,,,
2022-07-22,2051.205,,,,,,,
2022-07-22,1049.545,,,,,,,
2022-07-22,744.18,,,,,,,
2022-07-22,6416.59,,,,,,,
2022-07-22,134.235,,,,,,,
2022-07-22,658.615,,,,,,,
2022-07-22,233.145,,,,,,,
2022-07-22,368.165,,,,,,,
2022-07-22,14373.35,,,,,,,
2022-07-22,8952.14,,,,,,,
2022-07-22,6921.345,,,,,,,
2022-07-22,69843.81,,,,,,,
2022-07-25,1431.055,,,,,,,
2022-07-25,738.685,,,,,,,
2022-07-25,426.255,,,,,,,
2022-07-25,5264.21,,,,,,,
2022-07-25,95.77,,,,,,,
2022-07-25,264.545,,,,,,,
2022-07-25,124.815,,,,,,,
2022-07-25,204.1,,,,,,,
2022-07-25,10755.29,,,,,,,
2022-07-25,6225.835,,,,,,,
2022-07-25,7957.545,,,,,,,
2022-07-25,52598.93,,,,,,,
2022-07-27,1760.755,,,,,,,
2022-07-27,1080.945,,,,,,,
2022-07-27,525.165,,,,,,,
2022-07-27,6389.115,,,,,,,
2022-07-27,193.11,,,,,,,
2022-07-27,476.495,,,,,,,
2022-07-27,505.54,,,,,,,
2022-07-27,415.265,,,,,,,
2022-07-27,18102.89,,,,,,,
2022-07-27,9166.445,,,,,,,
2022-07-27,10248.96,,,,,,,
2022-07-27,58698.38,,,,,,,
2022-07-29,1685.395,,,,,,,
2022-07-29,1938.165,,,,,,,
2022-07-29,855.65,,,,,,,
2022-07-29,6225.835,,,,,,,
2022-07-29,262.975,,,,,,,
2022-07-29,895.685,,,,,,,
2022-07-29,456.87,,,,,,,
2022-07-29,456.87,,,,,,,
2022-07-29,26821.88,,,,,,,
2022-07-29,13710.81,,,,,,,
2022-07-29,12026.2,,,,,,,
2022-07-29,77114.48,,,,,,,
2022-08-01,1665.77,,,,,,,
2022-08-01,2168.955,,,,,,,
2022-08-01,1261.495,,,,,,,
2022-08-01,7933.21,,,,,,,
2022-08-01,262.975,,,,,,,
2022-08-01,931.01,,,,,,,
2022-08-01,423.9,,,,,,,
2022-08-01,358.745,,,,,,,
2022-08-01,25737.8,,,,,,,
2022-08-01,13286.13,,,,,,,
2022-08-01,13561.66,,,,,,,
2022-08-01,85133.25,,,,,,,
2022-08-03,4420.335,,,,,,,
2022-08-03,4192.685,,,,,,,
2022-08-03,2070.045,,,,,,,
2022-08-03,19300.01,,,,,,,
2022-08-03,698.65,,,,,,,
2022-08-03,1652.425,,,,,,,
2022-08-03,726.91,,,,,,,
2022-08-03,1409.075,,,,,,,
2022-08-03,43932.53,,,,,,,
2022-08-03,28803.22,,,,,,,
2022-08-03,22181.75,,,,,,,
2022-08-03,201261.4,,,,,,,
2022-08-08,5783.88,,,,,,,
2022-08-08,4736.69,,,,,,,
2022-08-08,3050.51,,,,,,,
2022-08-08,22480.05,,,,,,,
2022-08-08,408.985,,,,,,,
2022-08-08,1478.94,,,,,,,
2022-08-08,1439.69,,,,,,,
2022-08-08,1186.92,,,,,,,
2022-08-08,47202.05,,,,,,,
2022-08-08,28566.15,,,,,,,
2022-08-08,22995.01,,,,,,,
2022-08-08,203456.3,,,,,,,
2022-08-15,7861.775,,,,,,,
2022-08-15,3956.4,,,,,,,
2022-08-15,3545.845,,,,,,,
2022-08-15,21395.96,,,,,,,
2022-08-15,233.93,,,,,,,
2022-08-15,1140.605,,,,,,,
2022-08-15,1294.465,,,,,,,
2022-08-15,1347.06,,,,,,,
2022-08-15,51068.18,,,,,,,
2022-08-15,33795.82,,,,,,,
2022-08-15,35063.6,,,,,,,
2022-08-15,152663.7,,,,,,,
2023-05-22,0,,,,,,,
2023-05-22,0,,,,,,,
2023-05-22,0,,,,,,,
2023-05-22,0,,,,,,,
2023-05-22,0,,,,,,,
2023-05-22,0,,,,,,,
2023-05-22,0,,,,,,,
2023-05-22,0,,,,,,,
2023-05-22,0,,,,,,,
2023-05-22,0,,,,,,,
2023-05-22,0,,,,,,,
2023-05-22,0,,,,,,,
2023-05-23,0,,,,,,,
2023-05-23,0,,,,,,,
2023-05-23,0,,,,,,,
2023-05-23,0,,,,,,,
2023-05-23,0,,,,,,,
2023-05-23,0,,,,,,,
2023-05-23,0,,,,,,,
2023-05-23,0,,,,,,,
2023-05-23,0,,,,,,,
2023-05-23,0,,,,,,,
2023-05-23,0,,,,,,,
2023-05-23,0,,,,,,,
2023-05-25,0,,,,,,,
2023-05-25,0,,,,,,,
2023-05-25,0,,,,,,,
2023-05-25,0,,,,,,,
2023-05-25,0,,,,,,,
2023-05-25,0,,,,,,,
2023-05-25,0,,,,,,,
2023-05-25,0,,,,,,,
2023-05-25,78.5,,,,,,,
2023-05-25,0,,,,,,,
2023-05-25,0,,,,,,,
2023-05-25,0,,,,,,,
2023-05-27,0,,,,,,,
2023-05-27,0,,,,,,,
2023-05-27,0,,,,,,,
2023-05-27,0,,,,,,,
2023-05-27,0,,,,,,,
2023-05-27,0,,,,,,,
2023-05-27,0,,,,,,,
2023-05-27,0,,,,,,,
2023-05-27,167.205,,,,,,,
2023-05-27,230.005,,,,,,,
2023-05-27,100.48,,,,,,,
2023-05-27,94.985,,,,,,,
2023-05-29,0,,,,,,,
2023-05-29,155.43,,,,,,,
2023-05-29,0,,,,,,,
2023-05-29,88.705,,,,,,,
2023-05-29,0,,,,,,,
2023-05-29,0,,,,,,,
2023-05-29,0,,,,,,,
2023-05-29,0,,,,,,,
2023-05-29,546.36,,,,,,,
2023-05-29,509.465,,,,,,,
2023-05-29,241.78,,,,,,,
2023-05-29,370.52,,,,,,,
2023-05-31,0,,,,,,,
2023-05-31,167.21,,,,,,,
2023-05-31,364.24,,,,,,,
2023-05-31,203.315,,,,,,,
2023-05-31,0,,,,,,,
2023-05-31,0,,,,,,,
2023-05-31,0,,,,,,,
2023-05-31,0,,,,,,,
2023-05-31,638.99,,,,,,,
2023-05-31,445.88,,,,,,,
2023-05-31,310.86,,,,,,,
2023-05-31,330.485,,,,,,,
2023-06-01,0,,,,,,,
2023-06-01,195.465,,,,,,,
2023-06-01,232.36,,,,,,,
2023-06-01,155.43,,,,,,,
2023-06-01,0,,,,,,,
2023-06-01,0,,,,,,,
2023-06-01,0,,,,,,,
2023-06-01,0,,,,,,,
2023-06-01,993.025,,,,,,,
2023-06-01,342.26,,,,,,,
2023-06-01,408.2,,,,,,,
2023-06-01,295.945,,,,,,,
2023-06-04,0,,,,,,,
2023-06-04,108.33,,,,,,,
2023-06-04,251.985,,,,,,,
2023-06-04,217.445,,,,,,,
2023-06-04,0,,,,,,,
2023-06-04,0,,,,,,,
2023-06-04,0,,,,,,,
2023-06-04,0,,,,,,,
2023-06-04,1140.605,,,,,,,
2023-06-04,503.97,,,,,,,
2023-06-04,400.35,,,,,,,
2023-06-04,958.485,,,,,,,
2023-06-06,0,,,,,,,
2023-06-06,116.965,,,,,,,
2023-06-06,167.205,,,,,,,
2023-06-06,136.59,,,,,,,
2023-06-06,0,,,,,,,
2023-06-06,0,,,,,,,
2023-06-06,0,,,,,,,
2023-06-06,0,,,,,,,
2023-06-06,447.45,,,,,,,
2023-06-06,434.105,,,,,,,
2023-06-06,280.245,,,,,,,
2023-06-06,781.86,,,,,,,
2023-06-08,0,,,,,,,
2023-06-08,0,,,,,,,
2023-06-08,0,,,,,,,
2023-06-08,76.93,,,,,,,
2023-06-08,0,,,,,,,
2023-06-08,0,,,,,,,
2023-06-08,0,,,,,,,
2023-06-08,0,,,,,,,
2023-06-08,303.795,,,,,,,
2023-06-08,331.27,,,,,,,
2023-06-08,178.98,,,,,,,
2023-06-08,359.53,,,,,,,
2023-06-09,0,,,,,,,
2023-06-09,89.49,,,,,,,
2023-06-09,0,,,,,,,
2023-06-09,105.19,,,,,,,
2023-06-09,0,,,,,,,
2023-06-09,0,,,,,,,
2023-06-09,0,,,,,,,
2023-06-09,0,,,,,,,
2023-06-09,350.11,,,,,,,
2023-06-09,385.435,,,,,,,
2023-06-09,213.52,,,,,,,
2023-06-09,268.47,,,,,,,
2023-06-12,0,,,,,,,
2023-06-12,66.725,,,,,,,
2023-06-12,0,,,,,,,
2023-06-12,98.125,,,,,,,
2023-06-12,0,,,,,,,
2023-06-12,0,,,,,,,
2023-06-12,0,,,,,,,
2023-06-12,0,,,,,,,
2023-06-12,358.745,,,,,,,
2023-06-12,288.095,,,,,,,
2023-06-12,394.07,,,,,,,
2023-06-12,397.21,,,,,,,
2023-06-14,0,,,,,,,
2023-06-14,128.74,,,,,,,
2023-06-14,0,,,,,,,
2023-06-14,183.69,,,,,,,
2023-06-14,0,,,,,,,
2023-06-14,0,,,,,,,
2023-06-14,0,,,,,,,
2023-06-14,0,,,,,,,
2023-06-14,1230.095,,,,,,,
2023-06-14,284.17,,,,,,,
2023-06-14,275.535,,,,,,,
2023-06-14,1159.445,,,,,,,
2023-06-16,24,,,,,,,
2023-06-16,865.07,,,,,,,
2023-06-16,324.205,,,,,,,
2023-06-16,1543.31,,,,,,,
2023-06-16,0,,,,,,,
2023-06-16,0,,,,,,,
2023-06-16,0,,,,,,,
2023-06-16,0,,,,,,,
2023-06-16,15071.215,,,,,,,
2023-06-16,5881.22,,,,,,,
2023-06-16,8586.33,,,,,,,
2023-06-16,5326.225,,,,,,,
2023-06-19,974.97,,,,,,,
2023-06-19,1991.545,,,,,,,
2023-06-19,504.755,,,,,,,
2023-06-19,2280.425,,,,,,,
2023-06-19,58.09,,,,,,,
2023-06-19,0,,,,,,,
2023-06-19,0,,,,,,,
2023-06-19,0,,,,,,,
2023-06-19,20567,,,,,,,
2023-06-19,7995.225,,,,,,,
2023-06-19,18053.43,,,,,,,
2023-06-19,10472.685,,,,,,,
2023-06-21,1050.33,,,,,,,
2023-06-21,2437.425,,,,,,,
2023-06-21,541.65,,,,,,,
2023-06-21,2855.83,,,,,,,
2023-06-21,120.105,,,,,,,
2023-06-21,0,,,,,,,
2023-06-21,0,,,,,,,
2023-06-21,0,,,,,,,
2023-06-21,31371.74,,,,,,,
2023-06-21,7487.33,,,,,,,
2023-06-21,21869.315,,,,,,,
2023-06-21,14151.195,,,,,,,
2023-06-23,1239.515,,,,,,,
2023-06-23,1245.01,,,,,,,
2023-06-23,135.02,,,,,,,
2023-06-23,1854.17,,,,,,,
2023-06-23,0,,,,,,,
2023-06-23,0,,,,,,,
2023-06-23,0,,,,,,,
2023-06-23,0,,,,,,,
2023-06-23,24596.405,,,,,,,
2023-06-23,6215.63,,,,,,,
2023-06-23,11164.27,,,,,,,
2023-06-23,7369.58,,,,,,,
2023-06-26,3098.395,,,,,,,
2023-06-26,7483.405,,,,,,,
2023-06-26,1944.445,,,,,,,
2023-06-26,9811.715,,,,,,,
2023-06-26,146.01,,,,,,,
2023-06-26,0,,,,,,,
2023-06-26,146.795,,,,,,,
2023-06-26,86.35,,,,,,,
2023-06-26,56802.6,,,,,,,
2023-06-26,31375.665,,,,,,,
2023-06-26,87228.415,,,,,,,
2023-06-26,46166.635,,,,,,,
2023-06-28,6381.265,,,,,,,
2023-06-28,12661.265,,,,,,,
2023-06-28,3478.335,,,,,,,
2023-06-28,15633.275,,,,,,,
2023-06-28,58.09,,,,,,,
2023-06-28,0,,,,,,,
2023-06-28,105.19,,,,,,,
2023-06-28,116.965,,,,,,,
2023-06-28,93144.175,,,,,,,
2023-06-28,46736.545,,,,,,,
2023-06-28,119264.27,,,,,,,
2023-06-28,82428.925,,,,,,,
2023-06-30,9233.955,,,,,,,
2023-06-30,17620.895,,,,,,,
2023-06-30,6056.275,,,,,,,
2023-06-30,19773.365,,,,,,,
2023-06-30,69.865,,,,,,,
2023-06-30,0,,,,,,,
2023-06-30,105.975,,,,,,,
2023-06-30,251.2,,,,,,,
2023-06-30,118647.26,,,,,,,
2023-06-30,62380.81,,,,,,,
2023-06-30,133457.07,,,,,,,
2023-06-30,108091.36,,,,,,,
2023-07-03,7649.04,,,,,,,
2023-07-03,22112.665,,,,,,,
2023-07-03,5079.735,,,,,,,
2023-07-03,13573.435,,,,,,,
2023-07-03,106.76,,,,,,,
2023-07-03,76.93,,,,,,,
2023-07-03,137.375,,,,,,,
2023-07-03,69.865,,,,,,,
2023-07-03,115934.3,,,,,,,
2023-07-03,48907.07,,,,,,,
2023-07-03,95846.145,,,,,,,
2023-07-03,83516.15,,,,,,,
2023-07-07,30508.24,,,,,,,
2023-07-07,58530.385,,,,,,,
2023-07-07,13271.21,,,,,,,
2023-07-07,71529.2,,,,,,,
2023-07-07,442.74,,,,,,,
2023-07-07,526.735,,,,,,,
2023-07-07,1912.26,,,,,,,
2023-07-07,2211.345,,,,,,,
2023-07-07,261963.92,,,,,,,
2023-07-07,177579.56,,,,,,,
2023-07-07,438939.82,,,,,,,
2023-07-07,306202.6,,,,,,,
2023-07-10,51917.545,,,,,,,
2023-07-10,76557.125,,,,,,,
2023-07-10,30976.885,,,,,,,
2023-07-10,122222.15,,,,,,,
2023-07-10,1272.485,,,,,,,
2023-07-10,2266.295,,,,,,,
2023-07-10,4721.775,,,,,,,
2023-07-10,4672.32,,,,,,,
2023-07-10,359875.4,,,,,,,
2023-07-10,406368.6,,,,,,,
2023-07-10,422669.12,,,,,,,
2023-07-10,362753.21,,,,,,,
2023-07-14,59987.345,,,,,,,
2023-07-14,115474.29,,,,,,,
2023-07-14,31518.535,,,,,,,
2023-07-14,127852.17,,,,,,,
2023-07-14,1091.935,,,,,,,
2023-07-14,846.23,,,,,,,
2023-07-14,4196.61,,,,,,,
2023-07-14,3541.92,,,,,,,
2023-07-14,386771.86,,,,,,,
2023-07-14,276761.96,,,,,,,
2023-07-14,572482.45,,,,,,,
2023-07-14,428549.56,,,,,,,
2023-07-17,74321.445,,,,,,,
2023-07-17,158319.59,,,,,,,
2023-07-17,39078.87,,,,,,,
2023-07-17,183266.89,,,,,,,
2023-07-17,1208.115,,,,,,,
2023-07-17,3201.23,,,,,,,
2023-07-17,6807.52,,,,,,,
2023-07-17,3245.975,,,,,,,
2023-07-17,444257.41,,,,,,,
2023-07-17,484907.85,,,,,,,
2023-07-17,597169.13,,,,,,,
2023-07-17,470528.22,,,,,,,
2023-07-21,83783.835,,,,,,,
2023-07-21,204590.63,,,,,,,
2023-07-21,44540.9,,,,,,,
2023-07-21,183367.37,,,,,,,
2023-07-21,1191.63,,,,,,,
2023-07-21,2303.19,,,,,,,
2023-07-21,6889.945,,,,,,,
2023-07-21,3728.75,,,,,,,
2023-07-21,459984.1,,,,,,,
2023-07-21,431190.3,,,,,,,
2023-07-21,636874.43,,,,,,,
2023-07-21,549818.71,,,,,,,
2022-05-19,0,,,,,,,
2022-05-19,0,,,,,,,
2022-05-19,0,,,,,,,
2022-05-19,0,,,,,,,
2022-05-19,0,,,,,,,
2022-05-19,0,,,,,,,
2022-05-19,0,,,,,,,
2022-05-19,0,,,,,,,
2022-05-19,0,,,,,,,
2022-05-19,0,,,,,,,
2022-05-19,0,,,,,,,
2022-05-19,0,,,,,,,
2022-05-19,0,,,,,,,
2022-05-19,0,,,,,,,
2022-05-19,0,,,,,,,
2022-05-19,0,,,,,,,
2022-05-19,0,,,,,,,
2022-05-19,0,,,,,,,
2022-05-19,0,,,,,,,
2022-05-19,0,,,,,,,
2022-05-19,0,,,,,,,
2022-05-19,0,,,,,,,
2022-05-19,0,,,,,,,
2022-05-19,0,,,,,,,
2022-05-21,0.0,,,,,,,
2022-05-21,0.0,,,,,,,
2022-05-21,66.725,,,,,,,
2022-05-21,0.0,,,,,,,
2022-05-21,136.59,,,,,,,
2022-05-21,39.25,,,,,,,
2022-05-21,0.0,,,,,,,
2022-05-21,0.0,,,,,,,
2022-05-21,0.0,,,,,,,
2022-05-21,47.885,,,,,,,
2022-05-21,0.0,,,,,,,
2022-05-21,0.0,,,,,,,
2022-05-21,58.09,,,,,,,
2022-05-21,0.0,,,,,,,
2022-05-21,0.0,,,,,,,
2022-05-21,0.0,,,,,,,
2022-05-21,0.0,,,,,,,
2022-05-21,28.26,,,,,,,
2022-05-21,0.0,,,,,,,
2022-05-21,0.0,,,,,,,
2022-05-21,67.51,,,,,,,
2022-05-21,0.0,,,,,,,
2022-05-21,0.0,,,,,,,
2022-05-21,0.0,,,,,,,
2022-05-23,0.0,,,,,,,
2022-05-23,0.0,,,,,,,
2022-05-23,86.35,,,,,,,
2022-05-23,0.0,,,,,,,
2022-05-23,223.725,,,,,,,
2022-05-23,47.885,,,,,,,
2022-05-23,0.0,,,,,,,
2022-05-23,0.0,,,,,,,
2022-05-23,0.0,,,,,,,
2022-05-23,114.61,,,,,,,
2022-05-23,0.0,,,,,,,
2022-05-23,0.0,,,,,,,
2022-05-23,96.555,,,,,,,
2022-05-23,0.0,,,,,,,
2022-05-23,0.0,,,,,,,
2022-05-23,0.0,,,,,,,
2022-05-23,0.0,,,,,,,
2022-05-23,39.25,,,,,,,
2022-05-23,28.26,,,,,,,
2022-05-23,0.0,,,,,,,
2022-05-23,66.725,,,,,,,
2022-05-23,0.0,,,,,,,
2022-05-23,0.0,,,,,,,
2022-05-23,0.0,,,,,,,
2022-05-25,0.0,,,,,,,
2022-05-25,58.09,,,,,,,
2022-05-25,222.94,,,,,,,
2022-05-25,0.0,,,,,,,
2022-05-25,292.805,,,,,,,
2022-05-25,243.35,,,,,,,
2022-05-25,58.09,,,,,,,
2022-05-25,193.895,,,,,,,
2022-05-25,0.0,,,,,,,
2022-05-25,164.065,,,,,,,
2022-05-25,0.0,,,,,,,
2022-05-25,0.0,,,,,,,
2022-05-25,137.375,,,,,,,
2022-05-25,0.0,,,,,,,
2022-05-25,0.0,,,,,,,
2022-05-25,0.0,,,,,,,
2022-05-25,0.0,,,,,,,
2022-05-25,144.44,,,,,,,
2022-05-25,144.44,,,,,,,
2022-05-25,0.0,,,,,,,
2022-05-25,162.495,,,,,,,
2022-05-25,0.0,,,,,,,
2022-05-25,0.0,,,,,,,
2022-05-25,266.9,,,,,,,
2022-05-27,0.0,,,,,,,
2022-05-27,47.885,,,,,,,
2022-05-27,332.055,,,,,,,
2022-05-27,0.0,,,,,,,
2022-05-27,378.37,,,,,,,
2022-05-27,243.35,,,,,,,
2022-05-27,47.885,,,,,,,
2022-05-27,145.225,,,,,,,
2022-05-27,0.0,,,,,,,
2022-05-27,372.09,,,,,,,
2022-05-27,0.0,,,,,,,
2022-05-27,0.0,,,,,,,
2022-05-27,156.215,,,,,,,
2022-05-27,0.0,,,,,,,
2022-05-27,0.0,,,,,,,
2022-05-27,58.09,,,,,,,
2022-05-27,0.0,,,,,,,
2022-05-27,232.36,,,,,,,
2022-05-27,178.195,,,,,,,
2022-05-27,0.0,,,,,,,
2022-05-27,114.61,,,,,,,
2022-05-27,0.0,,,,,,,
2022-05-27,0.0,,,,,,,
2022-05-27,223.725,,,,,,,
2022-05-29,0.0,,,,,,,
2022-05-29,0.0,,,,,,,
2022-05-29,394.07,,,,,,,
2022-05-29,0.0,,,,,,,
2022-05-29,671.175,,,,,,,
2022-05-29,225.295,,,,,,,
2022-05-29,0.0,,,,,,,
2022-05-29,123.245,,,,,,,
2022-05-29,0.0,,,,,,,
2022-05-29,493.765,,,,,,,
2022-05-29,0.0,,,,,,,
2022-05-29,0.0,,,,,,,
2022-05-29,335.195,,,,,,,
2022-05-29,0.0,,,,,,,
2022-05-29,0.0,,,,,,,
2022-05-29,0.0,,,,,,,
2022-05-29,0.0,,,,,,,
2022-05-29,252.77,,,,,,,
2022-05-29,225.295,,,,,,,
2022-05-29,0.0,,,,,,,
2022-05-29,94.985,,,,,,,
2022-05-29,0.0,,,,,,,
2022-05-29,0.0,,,,,,,
2022-05-29,145.225,,,,,,,
2022-05-31,254.34,,,,,,,
2022-05-31,47.885,,,,,,,
2022-05-31,423.9,,,,,,,
2022-05-31,0.0,,,,,,,
2022-05-31,938.86,,,,,,,
2022-05-31,242.565,,,,,,,
2022-05-31,28.26,,,,,,,
2022-05-31,173.485,,,,,,,
2022-05-31,58.09,,,,,,,
2022-05-31,767.73,,,,,,,
2022-05-31,0.0,,,,,,,
2022-05-31,0.0,,,,,,,
2022-05-31,269.255,,,,,,,
2022-05-31,0.0,,,,,,,
2022-05-31,0.0,,,,,,,
2022-05-31,77.715,,,,,,,
2022-05-31,87.135,,,,,,,
2022-05-31,223.725,,,,,,,
2022-05-31,145.225,,,,,,,
2022-05-31,0.0,,,,,,,
2022-05-31,125.6,,,,,,,
2022-05-31,0.0,,,,,,,
2022-05-31,0.0,,,,,,,
2022-05-31,183.69,,,,,,,
2022-06-02,125.6,,,,,,,
2022-06-02,264.545,,,,,,,
2022-06-02,671.175,,,,,,,
2022-06-02,0.0,,,,,,,
2022-06-02,1126.475,,,,,,,
2022-06-02,175.84,,,,,,,
2022-06-02,66.725,,,,,,,
2022-06-02,153.86,,,,,,,
2022-06-02,299.085,,,,,,,
2022-06-02,1110.775,,,,,,,
2022-06-02,0.0,,,,,,,
2022-06-02,0.0,,,,,,,
2022-06-02,483.56,,,,,,,
2022-06-02,0.0,,,,,,,
2022-06-02,0.0,,,,,,,
2022-06-02,87.135,,,,,,,
2022-06-02,211.165,,,,,,,
2022-06-02,156.215,,,,,,,
2022-06-02,342.26,,,,,,,
2022-06-02,0.0,,,,,,,
2022-06-02,251.2,,,,,,,
2022-06-02,0.0,,,,,,,
2022-06-02,0.0,,,,,,,
2022-06-02,518.885,,,,,,,
2022-06-04,77.715,,,,,,,
2022-06-04,194.68,,,,,,,
2022-06-04,814.045,,,,,,,
2022-06-04,39.25,,,,,,,
2022-06-04,2271.005,,,,,,,
2022-06-04,430.18,,,,,,,
2022-06-04,172.7,,,,,,,
2022-06-04,279.46,,,,,,,
2022-06-04,251.985,,,,,,,
2022-06-04,2098.305,,,,,,,
2022-06-04,47.885,,,,,,,
2022-06-04,0.0,,,,,,,
2022-06-04,748.89,,,,,,,
2022-06-04,0.0,,,,,,,
2022-06-04,0.0,,,,,,,
2022-06-04,234.715,,,,,,,
2022-06-04,239.425,,,,,,,
2022-06-04,502.4,,,,,,,
2022-06-04,400.35,,,,,,,
2022-06-04,0.0,,,,,,,
2022-06-04,560.49,,,,,,,
2022-06-04,0.0,,,,,,,
2022-06-04,0.0,,,,,,,
2022-06-04,379.94,,,,,,,
2022-06-06,154.645,,,,,,,
2022-06-06,67.51,,,,,,,
2022-06-06,1649.285,,,,,,,
2022-06-06,76.145,,,,,,,
2022-06-06,2730.23,,,,,,,
2022-06-06,243.35,,,,,,,
2022-06-06,167.205,,,,,,,
2022-06-06,573.835,,,,,,,
2022-06-06,421.545,,,,,,,
2022-06-06,2793.03,,,,,,,
2022-06-06,39.25,,,,,,,
2022-06-06,28.26,,,,,,,
2022-06-06,597.385,,,,,,,
2022-06-06,0.0,,,,,,,
2022-06-06,67.51,,,,,,,
2022-06-06,240.21,,,,,,,
2022-06-06,164.065,,,,,,,
2022-06-06,563.63,,,,,,,
2022-06-06,253.555,,,,,,,
2022-06-06,66.725,,,,,,,
2022-06-06,173.485,,,,,,,
2022-06-06,0.0,,,,,,,
2022-06-06,0.0,,,,,,,
2022-06-06,597.385,,,,,,,
2022-06-08,147.58,,,,,,,
2022-06-08,173.485,,,,,,,
2022-06-08,1763.895,,,,,,,
2022-06-08,47.885,,,,,,,
2022-06-08,4127.53,,,,,,,
2022-06-08,349.325,,,,,,,
2022-06-08,153.86,,,,,,,
2022-06-08,351.68,,,,,,,
2022-06-08,471.0,,,,,,,
2022-06-08,2815.795,,,,,,,
2022-06-08,47.885,,,,,,,
2022-06-08,58.09,,,,,,,
2022-06-08,611.515,,,,,,,
2022-06-08,0.0,,,,,,,
2022-06-08,0.0,,,,,,,
2022-06-08,136.59,,,,,,,
2022-06-08,205.67,,,,,,,
2022-06-08,516.53,,,,,,,
2022-06-08,312.43,,,,,,,
2022-06-08,19.625,,,,,,,
2022-06-08,226.08,,,,,,,
2022-06-08,0.0,,,,,,,
2022-06-08,0.0,,,,,,,
2022-06-08,231.575,,,,,,,
2022-06-10,58.09,,,,,,,
2022-06-10,67.51,,,,,,,
2022-06-10,1607.68,,,,,,,
2022-06-10,0.0,,,,,,,
2022-06-10,2869.96,,,,,,,
2022-06-10,224.51,,,,,,,
2022-06-10,114.61,,,,,,,
2022-06-10,270.04,,,,,,,
2022-06-10,191.54,,,,,,,
2022-06-10,1942.875,,,,,,,
2022-06-10,47.885,,,,,,,
2022-06-10,0.0,,,,,,,
2022-06-10,649.195,,,,,,,
2022-06-10,0.0,,,,,,,
2022-06-10,0.0,,,,,,,
2022-06-10,117.75,,,,,,,
2022-06-10,117.75,,,,,,,
2022-06-10,126.385,,,,,,,
2022-06-10,343.045,,,,,,,
2022-06-10,0.0,,,,,,,
2022-06-10,310.075,,,,,,,
2022-06-10,0.0,,,,,,,
2022-06-10,0.0,,,,,,,
2022-06-10,266.115,,,,,,,
2022-06-13,105.975,,,,,,,
2022-06-13,39.25,,,,,,,
2022-06-13,1811.78,,,,,,,
2022-06-13,39.25,,,,,,,
2022-06-13,2877.025,,,,,,,
2022-06-13,117.75,,,,,,,
2022-06-13,105.975,,,,,,,
2022-06-13,311.645,,,,,,,
2022-06-13,317.925,,,,,,,
2022-06-13,2409.95,,,,,,,
2022-06-13,0.0,,,,,,,
2022-06-13,19.625,,,,,,,
2022-06-13,546.36,,,,,,,
2022-06-13,0.0,,,,,,,
2022-06-13,28.26,,,,,,,
2022-06-13,142.87,,,,,,,
2022-06-13,136.59,,,,,,,
2022-06-13,343.045,,,,,,,
2022-06-13,292.805,,,,,,,
2022-06-13,0.0,,,,,,,
2022-06-13,193.11,,,,,,,
2022-06-13,19.625,,,,,,,
2022-06-13,0.0,,,,,,,
2022-06-13,153.86,,,,,,,
2022-06-15,469.43,,,,,,,
2022-06-15,255.125,,,,,,,
2022-06-15,6090.815,,,,,,,
2022-06-15,252.77,,,,,,,
2022-06-15,9390.955,,,,,,,
2022-06-15,360.315,,,,,,,
2022-06-15,196.25,,,,,,,
2022-06-15,733.975,,,,,,,
2022-06-15,974.97,,,,,,,
2022-06-15,5560.94,,,,,,,
2022-06-15,19.625,,,,,,,
2022-06-15,67.51,,,,,,,
2022-06-15,968.69,,,,,,,
2022-06-15,0.0,,,,,,,
2022-06-15,67.51,,,,,,,
2022-06-15,297.515,,,,,,,
2022-06-15,165.635,,,,,,,
2022-06-15,427.04,,,,,,,
2022-06-15,477.28,,,,,,,
2022-06-15,19.625,,,,,,,
2022-06-15,563.63,,,,,,,
2022-06-15,39.25,,,,,,,
2022-06-15,0.0,,,,,,,
2022-06-15,418.405,,,,,,,
2022-06-17,350.11,,,,,,,
2022-06-17,175.84,,,,,,,
2022-06-17,6826.36,,,,,,,
2022-06-17,262.19,,,,,,,
2022-06-17,9099.72,,,,,,,
2022-06-17,306.15,,,,,,,
2022-06-17,317.14,,,,,,,
2022-06-17,1366.685,,,,,,,
2022-06-17,1365.115,,,,,,,
2022-06-17,5977.775,,,,,,,
2022-06-17,0.0,,,,,,,
2022-06-17,86.35,,,,,,,
2022-06-17,1481.295,,,,,,,
2022-06-17,19.625,,,,,,,
2022-06-17,86.35,,,,,,,
2022-06-17,359.53,,,,,,,
2022-06-17,147.58,,,,,,,
2022-06-17,749.675,,,,,,,
2022-06-17,415.265,,,,,,,
2022-06-17,0.0,,,,,,,
2022-06-17,487.485,,,,,,,
2022-06-17,117.75,,,,,,,
2022-06-17,56.52,,,,,,,
2022-06-17,807.765,,,,,,,
2022-06-20,427.04,,,,,,,
2022-06-20,144.44,,,,,,,
2022-06-20,5283.05,,,,,,,
2022-06-20,220.585,,,,,,,
2022-06-20,8322.57,,,,,,,
2022-06-20,235.5,,,,,,,
2022-06-20,299.87,,,,,,,
2022-06-20,912.955,,,,,,,
2022-06-20,1088.01,,,,,,,
2022-06-20,4998.88,,,,,,,
2022-06-20,47.885,,,,,,,
2022-06-20,58.875,,,,,,,
2022-06-20,1037.77,,,,,,,
2022-06-20,19.625,,,,,,,
2022-06-20,105.975,,,,,,,
2022-06-20,299.085,,,,,,,
2022-06-20,134.235,,,,,,,
2022-06-20,536.155,,,,,,,
2022-06-20,539.295,,,,,,,
2022-06-20,19.625,,,,,,,
2022-06-20,500.045,,,,,,,
2022-06-20,105.19,,,,,,,
2022-06-20,19.625,,,,,,,
2022-06-20,544.005,,,,,,,
2022-06-22,156.215,,,,,,,
2022-06-22,39.25,,,,,,,
2022-06-22,3009.69,,,,,,,
2022-06-22,145.225,,,,,,,
2022-06-22,4601.67,,,,,,,
2022-06-22,157.0,,,,,,,
2022-06-22,153.86,,,,,,,
2022-06-22,270.825,,,,,,,
2022-06-22,410.555,,,,,,,
2022-06-22,3236.555,,,,,,,
2022-06-22,0.0,,,,,,,
2022-06-22,0.0,,,,,,,
2022-06-22,626.43,,,,,,,
2022-06-22,0.0,,,,,,,
2022-06-22,19.625,,,,,,,
2022-06-22,186.83,,,,,,,
2022-06-22,58.09,,,,,,,
2022-06-22,379.155,,,,,,,
2022-06-22,184.475,,,,,,,
2022-06-22,0.0,,,,,,,
2022-06-22,194.68,,,,,,,
2022-06-22,19.625,,,,,,,
2022-06-22,0.0,,,,,,,
2022-06-22,325.775,,,,,,,
2022-06-24,156.215,,,,,,,
2022-06-24,67.51,,,,,,,
2022-06-24,4553.0,,,,,,,
2022-06-24,114.61,,,,,,,
2022-06-24,5249.295,,,,,,,
2022-06-24,226.08,,,,,,,
2022-06-24,145.225,,,,,,,
2022-06-24,511.035,,,,,,,
2022-06-24,600.525,,,,,,,
2022-06-24,4188.76,,,,,,,
2022-06-24,0.0,,,,,,,
2022-06-24,0.0,,,,,,,
2022-06-24,905.89,,,,,,,
2022-06-24,0.0,,,,,,,
2022-06-24,76.145,,,,,,,
2022-06-24,243.35,,,,,,,
2022-06-24,146.01,,,,,,,
2022-06-24,620.935,,,,,,,
2022-06-24,501.615,,,,,,,
2022-06-24,0.0,,,,,,,
2022-06-24,321.85,,,,,,,
2022-06-24,19.625,,,,,,,
2022-06-24,39.25,,,,,,,
2022-06-24,238.64,,,,,,,
2022-06-27,222.94,,,,,,,
2022-06-27,39.25,,,,,,,
2022-06-27,2185.44,,,,,,,
2022-06-27,28.26,,,,,,,
2022-06-27,3578.815,,,,,,,
2022-06-27,144.44,,,,,,,
2022-06-27,86.35,,,,,,,
2022-06-27,655.475,,,,,,,
2022-06-27,284.955,,,,,,,
2022-06-27,2422.51,,,,,,,
2022-06-27,0.0,,,,,,,
2022-06-27,0.0,,,,,,,
2022-06-27,747.32,,,,,,,
2022-06-27,0.0,,,,,,,
2022-06-27,86.35,,,,,,,
2022-06-27,225.295,,,,,,,
2022-06-27,133.45,,,,,,,
2022-06-27,395.64,,,,,,,
2022-06-27,324.99,,,,,,,
2022-06-27,0.0,,,,,,,
2022-06-27,164.065,,,,,,,
2022-06-27,0.0,,,,,,,
2022-06-27,39.25,,,,,,,
2022-06-27,239.425,,,,,,,
2022-06-29,420.76,,,,,,,
2022-06-29,117.75,,,,,,,
2022-06-29,5991.12,,,,,,,
2022-06-29,67.51,,,,,,,
2022-06-29,6996.705,,,,,,,
2022-06-29,317.14,,,,,,,
2022-06-29,156.215,,,,,,,
2022-06-29,608.375,,,,,,,
2022-06-29,866.64,,,,,,,
2022-06-29,3995.65,,,,,,,
2022-06-29,0.0,,,,,,,
2022-06-29,0.0,,,,,,,
2022-06-29,1036.985,,,,,,,
2022-06-29,0.0,,,,,,,
2022-06-29,105.975,,,,,,,
2022-06-29,290.45,,,,,,,
2022-06-29,117.75,,,,,,,
2022-06-29,303.795,,,,,,,
2022-06-29,595.815,,,,,,,
2022-06-29,0.0,,,,,,,
2022-06-29,364.24,,,,,,,
2022-06-29,67.51,,,,,,,
2022-06-29,0.0,,,,,,,
2022-06-29,679.025,,,,,,,
2022-07-01,712.78,,,,,,,
2022-07-01,337.55,,,,,,,
2022-07-01,11891.965,,,,,,,
2022-07-01,284.955,,,,,,,
2022-07-01,13010.59,,,,,,,
2022-07-01,780.29,,,,,,,
2022-07-01,507.895,,,,,,,
2022-07-01,2138.34,,,,,,,
2022-07-01,1949.155,,,,,,,
2022-07-01,6727.45,,,,,,,
2022-07-01,0.0,,,,,,,
2022-07-01,28.26,,,,,,,
2022-07-01,2683.13,,,,,,,
2022-07-01,19.625,,,,,,,
2022-07-01,67.51,,,,,,,
2022-07-01,639.775,,,,,,,
2022-07-01,259.835,,,,,,,
2022-07-01,1306.24,,,,,,,
2022-07-01,719.845,,,,,,,
2022-07-01,39.25,,,,,,,
2022-07-01,733.975,,,,,,,
2022-07-01,162.495,,,,,,,
2022-07-01,144.44,,,,,,,
2022-07-01,960.055,,,,,,,
2022-07-04,657.83,,,,,,,
2022-07-04,381.51,,,,,,,
2022-07-04,9887.86,,,,,,,
2022-07-04,230.79,,,,,,,
2022-07-04,10066.84,,,,,,,
2022-07-04,755.955,,,,,,,
2022-07-04,435.675,,,,,,,
2022-07-04,1456.96,,,,,,,
2022-07-04,1522.9,,,,,,,
2022-07-04,6952.745,,,,,,,
2022-07-04,19.625,,,,,,,
2022-07-04,0.0,,,,,,,
2022-07-04,1764.68,,,,,,,
2022-07-04,19.625,,,,,,,
2022-07-04,19.625,,,,,,,
2022-07-04,554.21,,,,,,,
2022-07-04,199.39,,,,,,,
2022-07-04,753.6,,,,,,,
2022-07-04,861.145,,,,,,,
2022-07-04,67.51,,,,,,,
2022-07-04,851.725,,,,,,,
2022-07-04,105.975,,,,,,,
2022-07-04,95.77,,,,,,,
2022-07-04,1011.865,,,,,,,
2022-07-07,614.655,,,,,,,
2022-07-07,362.67,,,,,,,
2022-07-07,7882.185,,,,,,,
2022-07-07,242.565,,,,,,,
2022-07-07,8962.345,,,,,,,
2022-07-07,534.585,,,,,,,
2022-07-07,340.69,,,,,,,
2022-07-07,1401.225,,,,,,,
2022-07-07,1752.12,,,,,,,
2022-07-07,6467.615,,,,,,,
2022-07-07,19.625,,,,,,,
2022-07-07,0.0,,,,,,,
2022-07-07,1686.965,,,,,,,
2022-07-07,0.0,,,,,,,
2022-07-07,67.51,,,,,,,
2022-07-07,503.97,,,,,,,
2022-07-07,210.38,,,,,,,
2022-07-07,707.285,,,,,,,
2022-07-07,547.145,,,,,,,
2022-07-07,0.0,,,,,,,
2022-07-07,703.36,,,,,,,
2022-07-07,66.725,,,,,,,
2022-07-07,154.645,,,,,,,
2022-07-07,578.545,,,,,,,
2022-07-11,1091.15,,,,,,,
2022-07-11,688.445,,,,,,,
2022-07-11,18041.655,,,,,,,
2022-07-11,233.93,,,,,,,
2022-07-11,16116.835,,,,,,,
2022-07-11,1961.715,,,,,,,
2022-07-11,1033.06,,,,,,,
2022-07-11,2790.675,,,,,,,
2022-07-11,4336.34,,,,,,,
2022-07-11,10315.685,,,,,,,
2022-07-11,66.725,,,,,,,
2022-07-11,78.5,,,,,,,
2022-07-11,3295.43,,,,,,,
2022-07-11,58.875,,,,,,,
2022-07-11,146.795,,,,,,,
2022-07-11,865.07,,,,,,,
2022-07-11,254.34,,,,,,,
2022-07-11,2473.535,,,,,,,
2022-07-11,3289.15,,,,,,,
2022-07-11,39.25,,,,,,,
2022-07-11,2147.76,,,,,,,
2022-07-11,204.1,,,,,,,
2022-07-11,240.21,,,,,,,
2022-07-11,1977.415,,,,,,,
2022-07-14,1248.15,,,,,,,
2022-07-14,517.315,,,,,,,
2022-07-14,12344.91,,,,,,,
2022-07-14,273.18,,,,,,,
2022-07-14,15607.37,,,,,,,
2022-07-14,1246.58,,,,,,,
2022-07-14,679.025,,,,,,,
2022-07-14,1980.555,,,,,,,
2022-07-14,3963.465,,,,,,,
2022-07-14,7875.905,,,,,,,
2022-07-14,39.25,,,,,,,
2022-07-14,96.555,,,,,,,
2022-07-14,2703.54,,,,,,,
2022-07-14,0.0,,,,,,,
2022-07-14,126.385,,,,,,,
2022-07-14,1315.66,,,,,,,
2022-07-14,335.98,,,,,,,
2022-07-14,1150.81,,,,,,,
2022-07-14,1690.89,,,,,,,
2022-07-14,0.0,,,,,,,
2022-07-14,1218.32,,,,,,,
2022-07-14,124.815,,,,,,,
2022-07-14,67.51,,,,,,,
2022-07-14,1085.655,,,,,,,
2022-07-18,1239.515,,,,,,,
2022-07-18,1095.075,,,,,,,
2022-07-18,15454.295,,,,,,,
2022-07-18,763.805,,,,,,,
2022-07-18,19800.055,,,,,,,
2022-07-18,1750.55,,,,,,,
2022-07-18,772.44,,,,,,,
2022-07-18,3172.97,,,,,,,
2022-07-18,3236.555,,,,,,,
2022-07-18,14233.62,,,,,,,
2022-07-18,28.26,,,,,,,
2022-07-18,165.635,,,,,,,
2022-07-18,3187.1,,,,,,,
2022-07-18,67.51,,,,,,,
2022-07-18,192.325,,,,,,,
2022-07-18,1114.7,,,,,,,
2022-07-18,262.975,,,,,,,
2022-07-18,2531.625,,,,,,,
2022-07-18,1663.415,,,,,,,
2022-07-18,39.25,,,,,,,
2022-07-18,1599.83,,,,,,,
2022-07-18,445.88,,,,,,,
2022-07-18,175.055,,,,,,,
2022-07-18,3072.49,,,,,,,
2022-07-21,3047.37,,,,,,,
2022-07-21,1726.215,,,,,,,
2022-07-21,29982.29,,,,,,,
2022-07-21,1118.625,,,,,,,
2022-07-21,25311.54,,,,,,,
2022-07-21,4978.47,,,,,,,
2022-07-21,1314.875,,,,,,,
2022-07-21,6018.595,,,,,,,
2022-07-21,7402.55,,,,,,,
2022-07-21,20716.15,,,,,,,
2022-07-21,175.84,,,,,,,
2022-07-21,366.595,,,,,,,
2022-07-21,8744.9,,,,,,,
2022-07-21,134.235,,,,,,,
2022-07-21,295.945,,,,,,,
2022-07-21,2143.05,,,,,,,
2022-07-21,1416.14,,,,,,,
2022-07-21,3879.47,,,,,,,
2022-07-21,7021.04,,,,,,,
2022-07-21,253.555,,,,,,,
2022-07-21,4342.62,,,,,,,
2022-07-21,806.98,,,,,,,
2022-07-21,413.695,,,,,,,
2022-07-21,5173.935,,,,,,,
2022-07-25,2506.505,,,,,,,
2022-07-25,842.305,,,,,,,
2022-07-25,28471.165,,,,,,,
2022-07-25,548.715,,,,,,,
2022-07-25,28742.775,,,,,,,
2022-07-25,3148.635,,,,,,,
2022-07-25,1367.47,,,,,,,
2022-07-25,4910.96,,,,,,,
2022-07-25,7134.865,,,,,,,
2022-07-25,15999.085,,,,,,,
2022-07-25,97.34,,,,,,,
2022-07-25,187.615,,,,,,,
2022-07-25,7837.44,,,,,,,
2022-07-25,58.09,,,,,,,
2022-07-25,244.135,,,,,,,
2022-07-25,1414.57,,,,,,,
2022-07-25,904.32,,,,,,,
2022-07-25,3781.345,,,,,,,
2022-07-25,6626.185,,,,,,,
2022-07-25,153.075,,,,,,,
2022-07-25,3894.385,,,,,,,
2022-07-25,525.165,,,,,,,
2022-07-25,311.645,,,,,,,
2022-07-25,5326.225,,,,,,,
2022-07-29,4264.12,,,,,,,
2022-07-29,2977.505,,,,,,,
2022-07-29,41956.68,,,,,,,
2022-07-29,1009.51,,,,,,,
2022-07-29,47435.98,,,,,,,
2022-07-29,11817.39,,,,,,,
2022-07-29,2129.705,,,,,,,
2022-07-29,8247.21,,,,,,,
2022-07-29,10711.325,,,,,,,
2022-07-29,29043.43,,,,,,,
2022-07-29,269.255,,,,,,,
2022-07-29,448.235,,,,,,,
2022-07-29,14603.355,,,,,,,
2022-07-29,186.83,,,,,,,
2022-07-29,331.27,,,,,,,
2022-07-29,2481.385,,,,,,,
2022-07-29,1570.0,,,,,,,
2022-07-29,12050.535,,,,,,,
2022-07-29,12124.325,,,,,,,
2022-07-29,125.6,,,,,,,
2022-07-29,6999.845,,,,,,,
2022-07-29,1752.905,,,,,,,
2022-07-29,665.68,,,,,,,
2022-07-29,8328.065,,,,,,,
2022-08-02,7531.29,,,,,,,
2022-08-02,4412.485,,,,,,,
2022-08-02,88394.925,,,,,,,
2022-08-02,942.0,,,,,,,
2022-08-02,81252.21,,,,,,,
2022-08-02,22800.325,,,,,,,
2022-08-02,3166.69,,,,,,,
2022-08-02,9602.905,,,,,,,
2022-08-02,21910.92,,,,,,,
2022-08-02,62935.02,,,,,,,
2022-08-02,818.755,,,,,,,
2022-08-02,870.565,,,,,,,
2022-08-02,28148.53,,,,,,,
2022-08-02,263.76,,,,,,,
2022-08-02,601.31,,,,,,,
2022-08-02,3396.695,,,,,,,
2022-08-02,3935.205,,,,,,,
2022-08-02,19744.32,,,,,,,
2022-08-02,55671.415,,,,,,,
2022-08-02,454.515,,,,,,,
2022-08-02,10128.855,,,,,,,
2022-08-02,1945.23,,,,,,,
2022-08-02,1011.865,,,,,,,
2022-08-02,16229.09,,,,,,,
2023-05-23,0,,,,,,,
2023-05-23,0,,,,,,,
2023-05-23,0,,,,,,,
2023-05-23,0,,,,,,,
2023-05-23,0,,,,,,,
2023-05-23,0,,,,,,,
2023-05-23,0,,,,,,,
2023-05-23,0,,,,,,,
2023-05-23,0,,,,,,,
2023-05-23,0,,,,,,,
2023-05-23,0,,,,,,,
2023-05-23,0,,,,,,,
2023-05-23,0,,,,,,,
2023-05-23,0,,,,,,,
2023-05-23,0,,,,,,,
2023-05-23,0,,,,,,,
2023-05-23,232.36,,,,,,,
2023-05-23,442.74,,,,,,,
2023-05-23,0,,,,,,,
2023-05-23,0,,,,,,,
2023-05-23,0,,,,,,,
2023-05-23,0,,,,,,,
2023-05-23,116.965,,,,,,,
2023-05-23,0,,,,,,,
2023-05-25,0.0,,,,,,,
2023-05-25,0.0,,,,,,,
2023-05-25,0.0,,,,,,,
2023-05-25,0.0,,,,,,,
2023-05-25,0.0,,,,,,,
2023-05-25,0.0,,,,,,,
2023-05-25,0.0,,,,,,,
2023-05-25,0.0,,,,,,,
2023-05-25,0.0,,,,,,,
2023-05-25,0.0,,,,,,,
2023-05-25,0.0,,,,,,,
2023-05-25,0.0,,,,,,,
2023-05-25,0.0,,,,,,,
2023-05-25,0.0,,,,,,,
2023-05-25,0.0,,,,,,,
2023-05-25,0.0,,,,,,,
2023-05-25,167.205,,,,,,,
2023-05-25,797.56,,,,,,,
2023-05-25,0.0,,,,,,,
2023-05-25,0.0,,,,,,,
2023-05-25,0.0,,,,,,,
2023-05-25,0.0,,,,,,,
2023-05-25,178.98,,,,,,,
2023-05-25,0.0,,,,,,,
2023-05-27,0.0,,,,,,,
2023-05-27,0.0,,,,,,,
2023-05-27,0.0,,,,,,,
2023-05-27,0.0,,,,,,,
2023-05-27,0.0,,,,,,,
2023-05-27,0.0,,,,,,,
2023-05-27,0.0,,,,,,,
2023-05-27,0.0,,,,,,,
2023-05-27,0.0,,,,,,,
2023-05-27,0.0,,,,,,,
2023-05-27,0.0,,,,,,,
2023-05-27,0.0,,,,,,,
2023-05-27,0.0,,,,,,,
2023-05-27,0.0,,,,,,,
2023-05-27,0.0,,,,,,,
2023-05-27,0.0,,,,,,,
2023-05-27,302.225,,,,,,,
2023-05-27,2007.245,,,,,,,
2023-05-27,0.0,,,,,,,
2023-05-27,0.0,,,,,,,
2023-05-27,204.1,,,,,,,
2023-05-27,0.0,,,,,,,
2023-05-27,1130.4,,,,,,,
2023-05-27,157.0,,,,,,,
2023-05-29,0.0,,,,,,,
2023-05-29,0.0,,,,,,,
2023-05-29,0.0,,,,,,,
2023-05-29,0.0,,,,,,,
2023-05-29,0.0,,,,,,,
2023-05-29,245.705,,,,,,,
2023-05-29,88.705,,,,,,,
2023-05-29,128.74,,,,,,,
2023-05-29,0.0,,,,,,,
2023-05-29,0.0,,,,,,,
2023-05-29,0.0,,,,,,,
2023-05-29,0.0,,,,,,,
2023-05-29,0.0,,,,,,,
2023-05-29,0.0,,,,,,,
2023-05-29,0.0,,,,,,,
2023-05-29,0.0,,,,,,,
2023-05-29,221.37,,,,,,,
2023-05-29,2323.6,,,,,,,
2023-05-29,0.0,,,,,,,
2023-05-29,0.0,,,,,,,
2023-05-29,279.46,,,,,,,
2023-05-29,788.14,,,,,,,
2023-05-29,908.245,,,,,,,
2023-05-29,150.72,,,,,,,
2023-05-31,0.0,,,,,,,
2023-05-31,0.0,,,,,,,
2023-05-31,0.0,,,,,,,
2023-05-31,0.0,,,,,,,
2023-05-31,0.0,,,,,,,
2023-05-31,245.705,,,,,,,
2023-05-31,292.02,,,,,,,
2023-05-31,189.185,,,,,,,
2023-05-31,0.0,,,,,,,
2023-05-31,0.0,,,,,,,
2023-05-31,0.0,,,,,,,
2023-05-31,0.0,,,,,,,
2023-05-31,0.0,,,,,,,
2023-05-31,0.0,,,,,,,
2023-05-31,0.0,,,,,,,
2023-05-31,0.0,,,,,,,
2023-05-31,255.91,,,,,,,
2023-05-31,1278.765,,,,,,,
2023-05-31,0.0,,,,,,,
2023-05-31,395.64,,,,,,,
2023-05-31,128.74,,,,,,,
2023-05-31,474.14,,,,,,,
2023-05-31,909.815,,,,,,,
2023-05-31,0.0,,,,,,,
2023-06-01,0.0,,,,,,,
2023-06-01,0.0,,,,,,,
2023-06-01,0.0,,,,,,,
2023-06-01,0.0,,,,,,,
2023-06-01,0.0,,,,,,,
2023-06-01,524.38,,,,,,,
2023-06-01,361.1,,,,,,,
2023-06-01,128.74,,,,,,,
2023-06-01,0.0,,,,,,,
2023-06-01,0.0,,,,,,,
2023-06-01,0.0,,,,,,,
2023-06-01,0.0,,,,,,,
2023-06-01,0.0,,,,,,,
2023-06-01,0.0,,,,,,,
2023-06-01,0.0,,,,,,,
2023-06-01,0.0,,,,,,,
2023-06-01,280.245,,,,,,,
2023-06-01,1604.54,,,,,,,
2023-06-01,0.0,,,,,,,
2023-06-01,414.48,,,,,,,
2023-06-01,279.46,,,,,,,
2023-06-01,380.725,,,,,,,
2023-06-01,654.69,,,,,,,
2023-06-01,88.705,,,,,,,
2023-06-04,387.005,,,,,,,
2023-06-04,0.0,,,,,,,
2023-06-04,0.0,,,,,,,
2023-06-04,0.0,,,,,,,
2023-06-04,0.0,,,,,,,
2023-06-04,641.345,,,,,,,
2023-06-04,167.205,,,,,,,
2023-06-04,116.965,,,,,,,
2023-06-04,0.0,,,,,,,
2023-06-04,0.0,,,,,,,
2023-06-04,0.0,,,,,,,
2023-06-04,0.0,,,,,,,
2023-06-04,0.0,,,,,,,
2023-06-04,0.0,,,,,,,
2023-06-04,0.0,,,,,,,
2023-06-04,0.0,,,,,,,
2023-06-04,421.545,,,,,,,
2023-06-04,1026.78,,,,,,,
2023-06-04,38.465,,,,,,,
2023-06-04,445.88,,,,,,,
2023-06-04,562.06,,,,,,,
2023-06-04,638.205,,,,,,,
2023-06-04,701.79,,,,,,,
2023-06-04,115.395,,,,,,,
2023-06-06,285.74,,,,,,,
2023-06-06,0.0,,,,,,,
2023-06-06,0.0,,,,,,,
2023-06-06,108.33,,,,,,,
2023-06-06,0.0,,,,,,,
2023-06-06,500.83,,,,,,,
2023-06-06,163.28,,,,,,,
2023-06-06,105.19,,,,,,,
2023-06-06,0.0,,,,,,,
2023-06-06,0.0,,,,,,,
2023-06-06,0.0,,,,,,,
2023-06-06,0.0,,,,,,,
2023-06-06,0.0,,,,,,,
2023-06-06,0.0,,,,,,,
2023-06-06,0.0,,,,,,,
2023-06-06,0.0,,,,,,,
2023-06-06,280.245,,,,,,,
2023-06-06,1062.105,,,,,,,
2023-06-06,217.445,,,,,,,
2023-06-06,318.71,,,,,,,
2023-06-06,167.205,,,,,,,
2023-06-06,359.53,,,,,,,
2023-06-06,507.895,,,,,,,
2023-06-06,116.965,,,,,,,
2023-06-08,123.245,,,,,,,
2023-06-08,0.0,,,,,,,
2023-06-08,0.0,,,,,,,
2023-06-08,56.52,,,,,,,
2023-06-08,0.0,,,,,,,
2023-06-08,293.59,,,,,,,
2023-06-08,98.125,,,,,,,
2023-06-08,0.0,,,,,,,
2023-06-08,0.0,,,,,,,
2023-06-08,0.0,,,,,,,
2023-06-08,0.0,,,,,,,
2023-06-08,0.0,,,,,,,
2023-06-08,0.0,,,,,,,
2023-06-08,0.0,,,,,,,
2023-06-08,0.0,,,,,,,
2023-06-08,0.0,,,,,,,
2023-06-08,105.19,,,,,,,
2023-06-08,1008.725,,,,,,,
2023-06-08,116.965,,,,,,,
2023-06-08,138.945,,,,,,,
2023-06-08,218.23,,,,,,,
2023-06-08,58.09,,,,,,,
2023-06-08,346.97,,,,,,,
2023-06-08,0.0,,,,,,,
2023-06-09,105.19,,,,,,,
2023-06-09,0.0,,,,,,,
2023-06-09,0.0,,,,,,,
2023-06-09,0.0,,,,,,,
2023-06-09,0.0,,,,,,,
2023-06-09,358.745,,,,,,,
2023-06-09,78.5,,,,,,,
2023-06-09,76.93,,,,,,,
2023-06-09,0.0,,,,,,,
2023-06-09,0.0,,,,,,,
2023-06-09,0.0,,,,,,,
2023-06-09,0.0,,,,,,,
2023-06-09,0.0,,,,,,,
2023-06-09,0.0,,,,,,,
2023-06-09,0.0,,,,,,,
2023-06-09,0.0,,,,,,,
2023-06-09,88.705,,,,,,,
2023-06-09,704.145,,,,,,,
2023-06-09,106.76,,,,,,,
2023-06-09,106.76,,,,,,,
2023-06-09,116.965,,,,,,,
2023-06-09,167.205,,,,,,,
2023-06-09,273.965,,,,,,,
2023-06-09,0.0,,,,,,,
2023-06-12,116.965,,,,,,,
2023-06-12,0.0,,,,,,,
2023-06-12,0.0,,,,,,,
2023-06-12,38.465,,,,,,,
2023-06-12,0.0,,,,,,,
2023-06-12,388.575,,,,,,,
2023-06-12,146.795,,,,,,,
2023-06-12,105.19,,,,,,,
2023-06-12,0.0,,,,,,,
2023-06-12,0.0,,,,,,,
2023-06-12,0.0,,,,,,,
2023-06-12,0.0,,,,,,,
2023-06-12,0.0,,,,,,,
2023-06-12,0.0,,,,,,,
2023-06-12,0.0,,,,,,,
2023-06-12,0.0,,,,,,,
2023-06-12,183.69,,,,,,,
2023-06-12,594.245,,,,,,,
2023-06-12,155.43,,,,,,,
2023-06-12,163.28,,,,,,,
2023-06-12,0.0,,,,,,,
2023-06-12,106.76,,,,,,,
2023-06-12,439.6,,,,,,,
2023-06-12,0.0,,,,,,,
2023-06-14,273.965,,,,,,,
2023-06-14,0.0,,,,,,,
2023-06-14,0.0,,,,,,,
2023-06-14,0.0,,,,,,,
2023-06-14,0.0,,,,,,,
2023-06-14,445.88,,,,,,,
2023-06-14,108.33,,,,,,,
2023-06-14,177.41,,,,,,,
2023-06-14,0.0,,,,,,,
2023-06-14,0.0,,,,,,,
2023-06-14,0.0,,,,,,,
2023-06-14,0.0,,,,,,,
2023-06-14,0.0,,,,,,,
2023-06-14,0.0,,,,,,,
2023-06-14,0.0,,,,,,,
2023-06-14,0.0,,,,,,,
2023-06-14,397.995,,,,,,,
2023-06-14,1139.035,,,,,,,
2023-06-14,116.965,,,,,,,
2023-06-14,317.925,,,,,,,
2023-06-14,116.965,,,,,,,
2023-06-14,749.675,,,,,,,
2023-06-14,573.05,,,,,,,
2023-06-14,0.0,,,,,,,
2023-06-16,548.715,,,,,,,
2023-06-16,78.5,,,,,,,
2023-06-16,0.0,,,,,,,
2023-06-16,0.0,,,,,,,
2023-06-16,0.0,,,,,,,
2023-06-16,6694.48,,,,,,,
2023-06-16,1490.715,,,,,,,
2023-06-16,202.53,,,,,,,
2023-06-16,0.0,,,,,,,
2023-06-16,0.0,,,,,,,
2023-06-16,0.0,,,,,,,
2023-06-16,50.24,,,,,,,
2023-06-16,0.0,,,,,,,
2023-06-16,96.555,,,,,,,
2023-06-16,86.35,,,,,,,
2023-06-16,0.0,,,,,,,
2023-06-16,4968.265,,,,,,,
2023-06-16,4751.605,,,,,,,
2023-06-16,380.725,,,,,,,
2023-06-16,342.26,,,,,,,
2023-06-16,1164.155,,,,,,,
2023-06-16,10230.12,,,,,,,
2023-06-16,5505.205,,,,,,,
2023-06-16,960.84,,,,,,,
2023-06-19,1753.69,,,,,,,
2023-06-19,554.21,,,,,,,
2023-06-19,0.0,,,,,,,
2023-06-19,533.8,,,,,,,
2023-06-19,38.465,,,,,,,
2023-06-19,10471.115,,,,,,,
2023-06-19,2367.56,,,,,,,
2023-06-19,262.19,,,,,,,
2023-06-19,0.0,,,,,,,
2023-06-19,0.0,,,,,,,
2023-06-19,0.0,,,,,,,
2023-06-19,38.465,,,,,,,
2023-06-19,0.0,,,,,,,
2023-06-19,175.055,,,,,,,
2023-06-19,105.19,,,,,,,
2023-06-19,0.0,,,,,,,
2023-06-19,15386.785,,,,,,,
2023-06-19,7911.23,,,,,,,
2023-06-19,2230.97,,,,,,,
2023-06-19,1215.18,,,,,,,
2023-06-19,1551.945,,,,,,,
2023-06-19,20314.23,,,,,,,
2023-06-19,14251.675,,,,,,,
2023-06-19,1784.305,,,,,,,
2023-06-21,1468.735,,,,,,,
2023-06-21,653.12,,,,,,,
2023-06-21,0.0,,,,,,,
2023-06-21,1018.93,,,,,,,
2023-06-21,100.48,,,,,,,
2023-06-21,7710.27,,,,,,,
2023-06-21,2927.265,,,,,,,
2023-06-21,376.015,,,,,,,
2023-06-21,0.0,,,,,,,
2023-06-21,0.0,,,,,,,
2023-06-21,0.0,,,,,,,
2023-06-21,69.865,,,,,,,
2023-06-21,0.0,,,,,,,
2023-06-21,183.69,,,,,,,
2023-06-21,178.98,,,,,,,
2023-06-21,0.0,,,,,,,
2023-06-21,18259.1,,,,,,,
2023-06-21,7600.37,,,,,,,
2023-06-21,2729.445,,,,,,,
2023-06-21,2296.91,,,,,,,
2023-06-21,1861.235,,,,,,,
2023-06-21,23139.445,,,,,,,
2023-06-21,20569.355,,,,,,,
2023-06-21,1955.435,,,,,,,
2023-06-23,379.155,,,,,,,
2023-06-23,445.88,,,,,,,
2023-06-23,0.0,,,,,,,
2023-06-23,224.51,,,,,,,
2023-06-23,0.0,,,,,,,
2023-06-23,8431.685,,,,,,,
2023-06-23,2603.06,,,,,,,
2023-06-23,192.325,,,,,,,
2023-06-23,0.0,,,,,,,
2023-06-23,0.0,,,,,,,
2023-06-23,0.0,,,,,,,
2023-06-23,0.0,,,,,,,
2023-06-23,0.0,,,,,,,
2023-06-23,0.0,,,,,,,
2023-06-23,77.715,,,,,,,
2023-06-23,0.0,,,,,,,
2023-06-23,10450.705,,,,,,,
2023-06-23,6272.15,,,,,,,
2023-06-23,1981.34,,,,,,,
2023-06-23,1481.295,,,,,,,
2023-06-23,1146.1,,,,,,,
2023-06-23,22414.89,,,,,,,
2023-06-23,13802.655,,,,,,,
2023-06-23,1417.71,,,,,,,
2023-06-26,2740.435,,,,,,,
2023-06-26,1609.25,,,,,,,
2023-06-26,86.35,,,,,,,
2023-06-26,2451.555,,,,,,,
2023-06-26,348.54,,,,,,,
2023-06-26,34055.655,,,,,,,
2023-06-26,7052.44,,,,,,,
2023-06-26,312.43,,,,,,,
2023-06-26,47.885,,,,,,,
2023-06-26,38.465,,,,,,,
2023-06-26,0.0,,,,,,,
2023-06-26,178.195,,,,,,,
2023-06-26,0.0,,,,,,,
2023-06-26,558.135,,,,,,,
2023-06-26,300.655,,,,,,,
2023-06-26,0.0,,,,,,,
2023-06-26,82209.125,,,,,,,
2023-06-26,14130.0,,,,,,,
2023-06-26,9744.205,,,,,,,
2023-06-26,11787.56,,,,,,,
2023-06-26,3919.505,,,,,,,
2023-06-26,88217.515,,,,,,,
2023-06-26,78657.0,,,,,,,
2023-06-26,4996.525,,,,,,,
2023-06-28,8507.045,,,,,,,
2023-06-28,3446.935,,,,,,,
2023-06-28,438.03,,,,,,,
2023-06-28,4876.42,,,,,,,
2023-06-28,559.705,,,,,,,
2023-06-28,82016.015,,,,,,,
2023-06-28,14178.67,,,,,,,
2023-06-28,481.205,,,,,,,
2023-06-28,105.19,,,,,,,
2023-06-28,38.465,,,,,,,
2023-06-28,0.0,,,,,,,
2023-06-28,271.61,,,,,,,
2023-06-28,0.0,,,,,,,
2023-06-28,725.34,,,,,,,
2023-06-28,1000.875,,,,,,,
2023-06-28,0.0,,,,,,,
2023-06-28,168908.45,,,,,,,
2023-06-28,22673.155,,,,,,,
2023-06-28,11689.435,,,,,,,
2023-06-28,21764.125,,,,,,,
2023-06-28,5233.595,,,,,,,
2023-06-28,142893.55,,,,,,,
2023-06-28,105580.145,,,,,,,
2023-06-28,8626.365,,,,,,,
2023-06-30,8362.605,,,,,,,
2023-06-30,3462.635,,,,,,,
2023-06-30,485.915,,,,,,,
2023-06-30,7423.745,,,,,,,
2023-06-30,735.545,,,,,,,
2023-06-30,88498.545,,,,,,,
2023-06-30,21188.72,,,,,,,
2023-06-30,622.505,,,,,,,
2023-06-30,339.905,,,,,,,
2023-06-30,78.5,,,,,,,
2023-06-30,0.0,,,,,,,
2023-06-30,1014.22,,,,,,,
2023-06-30,0.0,,,,,,,
2023-06-30,1175.145,,,,,,,
2023-06-30,980.465,,,,,,,
2023-06-30,0.0,,,,,,,
2023-06-30,209226.835,,,,,,,
2023-06-30,22378.78,,,,,,,
2023-06-30,12759.39,,,,,,,
2023-06-30,34075.28,,,,,,,
2023-06-30,5609.61,,,,,,,
2023-06-30,185617.175,,,,,,,
2023-06-30,159977.505,,,,,,,
2023-06-30,8611.45,,,,,,,
2023-07-03,6801.24,,,,,,,
2023-07-03,2829.14,,,,,,,
2023-07-03,309.29,,,,,,,
2023-07-03,8836.745,,,,,,,
2023-07-03,461.58,,,,,,,
2023-07-03,53986.02,,,,,,,
2023-07-03,21696.615,,,,,,,
2023-07-03,409.77,,,,,,,
2023-07-03,270.825,,,,,,,
2023-07-03,0.0,,,,,,,
2023-07-03,0.0,,,,,,,
2023-07-03,323.42,,,,,,,
2023-07-03,0.0,,,,,,,
2023-07-03,604.45,,,,,,,
2023-07-03,1271.7,,,,,,,
2023-07-03,0.0,,,,,,,
2023-07-03,144674.715,,,,,,,
2023-07-03,19092.77,,,,,,,
2023-07-03,12161.22,,,,,,,
2023-07-03,28098.29,,,,,,,
2023-07-03,3194.95,,,,,,,
2023-07-03,160001.84,,,,,,,
2023-07-03,118850.57,,,,,,,
2023-07-03,5747.77,,,,,,,
2023-07-07,41443.29,,,,,,,
2023-07-07,7743.24,,,,,,,
2023-07-07,1221.46,,,,,,,
2023-07-07,30472.915,,,,,,,
2023-07-07,2906.07,,,,,,,
2023-07-07,184823.54,,,,,,,
2023-07-07,69014.06,,,,,,,
2023-07-07,1851.03,,,,,,,
2023-07-07,1301.53,,,,,,,
2023-07-07,449.805,,,,,,,
2023-07-07,105.19,,,,,,,
2023-07-07,2617.975,,,,,,,
2023-07-07,19.625,,,,,,,
2023-07-07,8098.845,,,,,,,
2023-07-07,4664.47,,,,,,,
2023-07-07,66.725,,,,,,,
2023-07-07,526525.405,,,,,,,
2023-07-07,43810.85,,,,,,,
2023-07-07,28828.34,,,,,,,
2023-07-07,85648.995,,,,,,,
2023-07-07,11681.585,,,,,,,
2023-07-07,374269.16,,,,,,,
2023-07-07,553079.6,,,,,,,
2023-07-07,19007.205,,,,,,,
2023-07-10,55094.44,,,,,,,
2023-07-10,13002.74,,,,,,,
2023-07-10,3436.73,,,,,,,
2023-07-10,60216.565,,,,,,,
2023-07-10,4583.615,,,,,,,
2023-07-10,290599.935,,,,,,,
2023-07-10,139809.285,,,,,,,
2023-07-10,3601.58,,,,,,,
2023-07-10,3306.42,,,,,,,
2023-07-10,1330.575,,,,,,,
2023-07-10,406.63,,,,,,,
2023-07-10,8324.925,,,,,,,
2023-07-10,205.67,,,,,,,
2023-07-10,16937.16,,,,,,,
2023-07-10,14060.92,,,,,,,
2023-07-10,613.87,,,,,,,
2023-07-10,563743.04,,,,,,,
2023-07-10,54657.98,,,,,,,
2023-07-10,41813.81,,,,,,,
2023-07-10,245100.55,,,,,,,
2023-07-10,19559.845,,,,,,,
2023-07-10,501871.695,,,,,,,
2023-07-10,423809.725,,,,,,,
2023-07-10,28222.32,,,,,,,
2023-07-13,64718.54,,,,,,,
2023-07-13,15437.81,,,,,,,
2023-07-13,4067.085,,,,,,,
2023-07-13,71246.6,,,,,,,
2023-07-13,6099.45,,,,,,,
2023-07-13,238417.845,,,,,,,
2023-07-13,172961.405,,,,,,,
2023-07-13,3903.02,,,,,,,
2023-07-13,3115.665,,,,,,,
2023-07-13,1221.46,,,,,,,
2023-07-13,270.04,,,,,,,
2023-07-13,8315.505,,,,,,,
2023-07-13,186.83,,,,,,,
2023-07-13,19457.01,,,,,,,
2023-07-13,14685.78,,,,,,,
2023-07-13,544.79,,,,,,,
2023-07-13,698241.015,,,,,,,
2023-07-13,62867.51,,,,,,,
2023-07-13,45951.545,,,,,,,
2023-07-13,179276.73,,,,,,,
2023-07-13,21251.52,,,,,,,
2023-07-13,483089.785,,,,,,,
2023-07-13,609541.51,,,,,,,
2023-07-13,27806.27,,,,,,,
2023-07-17,80941.35,,,,,,,
2023-07-17,21340.225,,,,,,,
2023-07-17,4921.165,,,,,,,
2023-07-17,91743.735,,,,,,,
2023-07-17,6410.31,,,,,,,
2023-07-17,395870.005,,,,,,,
2023-07-17,213784.545,,,,,,,
2023-07-17,5262.64,,,,,,,
2023-07-17,2239.605,,,,,,,
2023-07-17,1657.135,,,,,,,
2023-07-17,811.69,,,,,,,
2023-07-17,9257.505,,,,,,,
2023-07-17,234.715,,,,,,,
2023-07-17,29262.445,,,,,,,
2023-07-17,24473.16,,,,,,,
2023-07-17,968.69,,,,,,,
2023-07-17,524070.71,,,,,,,
2023-07-17,86488.16,,,,,,,
2023-07-17,43379.1,,,,,,,
2023-07-17,226862.645,,,,,,,
2023-07-17,22721.04,,,,,,,
2023-07-17,665943.76,,,,,,,
2023-07-17,652455.89,,,,,,,
2023-07-17,50475.5,,,,,,,
2023-07-20,108316.655,,,,,,,
2023-07-20,27448.31,,,,,,,
2023-07-20,5284.62,,,,,,,
2023-07-20,97942.88,,,,,,,
2023-07-20,8196.97,,,,,,,
2023-07-20,484239.81,,,,,,,
2023-07-20,267527.215,,,,,,,
2023-07-20,6685.845,,,,,,,
2023-07-20,3158.055,,,,,,,
2023-07-20,2019.02,,,,,,,
2023-07-20,318.71,,,,,,,
2023-07-20,10164.965,,,,,,,
2023-07-20,481.205,,,,,,,
2023-07-20,35619.375,,,,,,,
2023-07-20,28543.385,,,,,,,
2023-07-20,511.82,,,,,,,
2023-07-20,644059.53,,,,,,,
2023-07-20,92447.88,,,,,,,
2023-07-20,73029.335,,,,,,,
2023-07-20,259721.175,,,,,,,
2023-07-20,33811.52,,,,,,,
2023-07-20,643012.34,,,,,,,
2023-07-20,649422.65,,,,,,,
2023-07-20,53152.35,,,,,,,
