State,Site,Rating,Date,Year,Season,Obs,Rep,Treatment,Fungicide,Foci,meanLW,meanST,meanSM,meanRH,meanAT,meanRF,maxRH,maxAT,minRH,minAT,DayOfYear
OK,STILL,1,42408,2008,Spring,103,1,CHECK,0,0.0,3.06,18.89,31.35,71.2,21.27,0.04,92.54,28.2,42.74,15.38,115
OK,STILL,1,42408,2008,Spring,203,2,CHECK,0,9.0,3.06,18.89,31.35,71.2,21.27,0.04,92.54,28.2,42.74,15.38,115
OK,STILL,1,42408,2008,Spring,301,3,CHECK,0,0.0,3.06,18.89,31.35,71.2,21.27,0.04,92.54,28.2,42.74,15.38,115
OK,STILL,1,42408,2008,Spring,403,4,CHECK,0,0.0,3.06,18.89,31.35,71.2,21.27,0.04,92.54,28.2,42.74,15.38,115
OK,STILL,1,42408,2008,Spring,502,5,CHECK,0,0.0,3.06,18.89,31.35,71.2,21.27,0.04,92.54,28.2,42.74,15.38,115
OK,STILL,1,42408,2008,Spring,602,6,CHECK,0,0.0,3.06,18.89,31.35,71.2,21.27,0.04,92.54,28.2,42.74,15.38,115
OK,STILL,2,42508,2008,Spring,103,1,CHECK,0,0.0,3.24,19.41,35.74,75.75,20.97,0.04,95.2,27.32,47.56,14.74,116
OK,STILL,2,42508,2008,Spring,203,2,CHECK,0,1.0,3.24,19.41,35.74,75.75,20.97,0.04,95.2,27.32,47.56,14.74,116
OK,STILL,2,42508,2008,Spring,301,3,CHECK,0,1.0,3.24,19.41,35.74,75.75,20.97,0.04,95.2,27.32,47.56,14.74,116
OK,STILL,2,42508,2008,Spring,403,4,CHECK,0,0.0,3.24,19.41,35.74,75.75,20.97,0.04,95.2,27.32,47.56,14.74,116
OK,STILL,2,42508,2008,Spring,502,5,CHECK,0,2.0,3.24,19.41,35.74,75.75,20.97,0.04,95.2,27.32,47.56,14.74,116
OK,STILL,2,42508,2008,Spring,602,6,CHECK,0,3.0,3.24,19.41,35.74,75.75,20.97,0.04,95.2,27.32,47.56,14.74,116
OK,STILL,3,42608,2008,Spring,103,1,CHECK,0,0.0,4.16,19.06,41.81,75.15,18.84,0.04,97.92,25.76,43.16,11.8,117
OK,STILL,3,42608,2008,Spring,203,2,CHECK,0,0.0,4.16,19.06,41.81,75.15,18.84,0.04,97.92,25.76,43.16,11.8,117
OK,STILL,3,42608,2008,Spring,301,3,CHECK,0,0.0,4.16,19.06,41.81,75.15,18.84,0.04,97.92,25.76,43.16,11.8,117
OK,STILL,3,42608,2008,Spring,403,4,CHECK,0,0.0,4.16,19.06,41.81,75.15,18.84,0.04,97.92,25.76,43.16,11.8,117
OK,STILL,3,42608,2008,Spring,502,5,CHECK,0,0.0,4.16,19.06,41.81,75.15,18.84,0.04,97.92,25.76,43.16,11.8,117
OK,STILL,3,42608,2008,Spring,602,6,CHECK,0,0.0,4.16,19.06,41.81,75.15,18.84,0.04,97.92,25.76,43.16,11.8,117
OK,STILL,4,42708,2008,Spring,103,1,CHECK,0,0.0,3.56,18.57,49.38,72.04,16.97,0.05,97.44,23.5,38.42,9.82,118
OK,STILL,4,42708,2008,Spring,203,2,CHECK,0,0.0,3.56,18.57,49.38,72.04,16.97,0.05,97.44,23.5,38.42,9.82,118
OK,STILL,4,42708,2008,Spring,301,3,CHECK,0,0.0,3.56,18.57,49.38,72.04,16.97,0.05,97.44,23.5,38.42,9.82,118
OK,STILL,4,42708,2008,Spring,403,4,CHECK,0,0.0,3.56,18.57,49.38,72.04,16.97,0.05,97.44,23.5,38.42,9.82,118
OK,STILL,4,42708,2008,Spring,502,5,CHECK,0,0.0,3.56,18.57,49.38,72.04,16.97,0.05,97.44,23.5,38.42,9.82,118
OK,STILL,4,42708,2008,Spring,602,6,CHECK,0,0.0,3.56,18.57,49.38,72.04,16.97,0.05,97.44,23.5,38.42,9.82,118
OK,STILL,5,42808,2008,Spring,103,1,CHECK,0,0.0,3.27,18.08,58.55,66.16,15.44,0.06,97.48,22.6,30.12,7.36,119
OK,STILL,5,42808,2008,Spring,203,2,CHECK,0,0.0,3.27,18.08,58.55,66.16,15.44,0.06,97.48,22.6,30.12,7.36,119
OK,STILL,5,42808,2008,Spring,301,3,CHECK,0,1.0,3.27,18.08,58.55,66.16,15.44,0.06,97.48,22.6,30.12,7.36,119
OK,STILL,5,42808,2008,Spring,403,4,CHECK,0,0.0,3.27,18.08,58.55,66.16,15.44,0.06,97.48,22.6,30.12,7.36,119
OK,STILL,5,42808,2008,Spring,502,5,CHECK,0,0.0,3.27,18.08,58.55,66.16,15.44,0.06,97.48,22.6,30.12,7.36,119
OK,STILL,5,42808,2008,Spring,602,6,CHECK,0,0.0,3.27,18.08,58.55,66.16,15.44,0.06,97.48,22.6,30.12,7.36,119
OK,STILL,6,42908,2008,Spring,103,1,CHECK,0,0.0,2.38,17.54,69.16,57.67,14.68,0.03,91.92,22.8,20.98,5.5,120
OK,STILL,6,42908,2008,Spring,203,2,CHECK,0,0.0,2.38,17.54,69.16,57.67,14.68,0.03,91.92,22.8,20.98,5.5,120
OK,STILL,6,42908,2008,Spring,301,3,CHECK,0,0.0,2.38,17.54,69.16,57.67,14.68,0.03,91.92,22.8,20.98,5.5,120
OK,STILL,6,42908,2008,Spring,403,4,CHECK,0,0.0,2.38,17.54,69.16,57.67,14.68,0.03,91.92,22.8,20.98,5.5,120
OK,STILL,6,42908,2008,Spring,502,5,CHECK,0,0.0,2.38,17.54,69.16,57.67,14.68,0.03,91.92,22.8,20.98,5.5,120
OK,STILL,6,42908,2008,Spring,602,6,CHECK,0,0.0,2.38,17.54,69.16,57.67,14.68,0.03,91.92,22.8,20.98,5.5,120
OK,STILL,7,43008,2008,Spring,103,1,CHECK,0,0.0,2.2,17.15,81.42,53.38,15.24,0.03,86.1,23.58,20.92,6.78,121
OK,STILL,7,43008,2008,Spring,203,2,CHECK,0,0.0,2.2,17.15,81.42,53.38,15.24,0.03,86.1,23.58,20.92,6.78,121
OK,STILL,7,43008,2008,Spring,301,3,CHECK,0,0.0,2.2,17.15,81.42,53.38,15.24,0.03,86.1,23.58,20.92,6.78,121
OK,STILL,7,43008,2008,Spring,403,4,CHECK,0,0.0,2.2,17.15,81.42,53.38,15.24,0.03,86.1,23.58,20.92,6.78,121
OK,STILL,7,43008,2008,Spring,502,5,CHECK,0,0.0,2.2,17.15,81.42,53.38,15.24,0.03,86.1,23.58,20.92,6.78,121
OK,STILL,7,43008,2008,Spring,602,6,CHECK,0,0.0,2.2,17.15,81.42,53.38,15.24,0.03,86.1,23.58,20.92,6.78,121
OK,STILL,8,50108,2008,Spring,103,1,CHECK,0,0.0,1.27,17.65,93.25,53.28,17.41,0.06,82.46,25.3,23.88,10.0,122
OK,STILL,8,50108,2008,Spring,203,2,CHECK,0,0.0,1.27,17.65,93.25,53.28,17.41,0.06,82.46,25.3,23.88,10.0,122
OK,STILL,8,50108,2008,Spring,301,3,CHECK,0,0.0,1.27,17.65,93.25,53.28,17.41,0.06,82.46,25.3,23.88,10.0,122
OK,STILL,8,50108,2008,Spring,403,4,CHECK,0,0.0,1.27,17.65,93.25,53.28,17.41,0.06,82.46,25.3,23.88,10.0,122
OK,STILL,8,50108,2008,Spring,502,5,CHECK,0,0.0,1.27,17.65,93.25,53.28,17.41,0.06,82.46,25.3,23.88,10.0,122
OK,STILL,8,50108,2008,Spring,602,6,CHECK,0,0.0,1.27,17.65,93.25,53.28,17.41,0.06,82.46,25.3,23.88,10.0,122
OK,STILL,9,50208,2008,Spring,103,1,CHECK,0,0.0,1.14,17.92,84.9,49.19,18.6,0.15,81.16,26.84,19.86,11.2,123
OK,STILL,9,50208,2008,Spring,203,2,CHECK,0,0.0,1.14,17.92,84.9,49.19,18.6,0.15,81.16,26.84,19.86,11.2,123
OK,STILL,9,50208,2008,Spring,301,3,CHECK,0,0.0,1.14,17.92,84.9,49.19,18.6,0.15,81.16,26.84,19.86,11.2,123
OK,STILL,9,50208,2008,Spring,403,4,CHECK,0,0.0,1.14,17.92,84.9,49.19,18.6,0.15,81.16,26.84,19.86,11.2,123
OK,STILL,9,50208,2008,Spring,502,5,CHECK,0,0.0,1.14,17.92,84.9,49.19,18.6,0.15,81.16,26.84,19.86,11.2,123
OK,STILL,9,50208,2008,Spring,602,6,CHECK,0,0.0,1.14,17.92,84.9,49.19,18.6,0.15,81.16,26.84,19.86,11.2,123
OK,STILL,10,50308,2008,Spring,103,1,CHECK,0,0.0,0.33,17.79,72.74,47.4,18.36,0.13,79.62,25.98,20.12,12.12,124
OK,STILL,10,50308,2008,Spring,203,2,CHECK,0,0.0,0.33,17.79,72.74,47.4,18.36,0.13,79.62,25.98,20.12,12.12,124
OK,STILL,10,50308,2008,Spring,301,3,CHECK,0,0.0,0.33,17.79,72.74,47.4,18.36,0.13,79.62,25.98,20.12,12.12,124
OK,STILL,10,50308,2008,Spring,403,4,CHECK,0,0.0,0.33,17.79,72.74,47.4,18.36,0.13,79.62,25.98,20.12,12.12,124
OK,STILL,10,50308,2008,Spring,502,5,CHECK,0,0.0,0.33,17.79,72.74,47.4,18.36,0.13,79.62,25.98,20.12,12.12,124
OK,STILL,10,50308,2008,Spring,602,6,CHECK,0,0.0,0.33,17.79,72.74,47.4,18.36,0.13,79.62,25.98,20.12,12.12,124
OK,STILL,11,50408,2008,Spring,103,1,CHECK,0,0.0,1.28,17.81,59.39,51.26,17.52,0.13,85.18,24.92,21.22,11.14,125
OK,STILL,11,50408,2008,Spring,203,2,CHECK,0,0.0,1.28,17.81,59.39,51.26,17.52,0.13,85.18,24.92,21.22,11.14,125
OK,STILL,11,50408,2008,Spring,301,3,CHECK,0,0.0,1.28,17.81,59.39,51.26,17.52,0.13,85.18,24.92,21.22,11.14,125
OK,STILL,11,50408,2008,Spring,403,4,CHECK,0,0.0,1.28,17.81,59.39,51.26,17.52,0.13,85.18,24.92,21.22,11.14,125
OK,STILL,11,50408,2008,Spring,502,5,CHECK,0,0.0,1.28,17.81,59.39,51.26,17.52,0.13,85.18,24.92,21.22,11.14,125
OK,STILL,11,50408,2008,Spring,602,6,CHECK,0,0.0,1.28,17.81,59.39,51.26,17.52,0.13,85.18,24.92,21.22,11.14,125
OK,STILL,12,50508,2008,Spring,103,1,CHECK,0,0.0,1.79,17.97,44.58,55.27,17.07,0.13,92.52,24.98,22.6,9.62,126
OK,STILL,12,50508,2008,Spring,203,2,CHECK,0,0.0,1.79,17.97,44.58,55.27,17.07,0.13,92.52,24.98,22.6,9.62,126
OK,STILL,12,50508,2008,Spring,301,3,CHECK,0,0.0,1.79,17.97,44.58,55.27,17.07,0.13,92.52,24.98,22.6,9.62,126
OK,STILL,12,50508,2008,Spring,403,4,CHECK,0,0.0,1.79,17.97,44.58,55.27,17.07,0.13,92.52,24.98,22.6,9.62,126
OK,STILL,12,50508,2008,Spring,502,5,CHECK,0,0.0,1.79,17.97,44.58,55.27,17.07,0.13,92.52,24.98,22.6,9.62,126
OK,STILL,12,50508,2008,Spring,602,6,CHECK,0,0.0,1.79,17.97,44.58,55.27,17.07,0.13,92.52,24.98,22.6,9.62,126
OK,STILL,13,50608,2008,Spring,103,1,CHECK,0,0.0,2.3,17.95,28.78,59.53,16.29,0.15,95.94,23.76,28.7,9.02,127
OK,STILL,13,50608,2008,Spring,203,2,CHECK,0,0.0,2.3,17.95,28.78,59.53,16.29,0.15,95.94,23.76,28.7,9.02,127
OK,STILL,13,50608,2008,Spring,301,3,CHECK,0,0.0,2.3,17.95,28.78,59.53,16.29,0.15,95.94,23.76,28.7,9.02,127
OK,STILL,13,50608,2008,Spring,403,4,CHECK,0,0.0,2.3,17.95,28.78,59.53,16.29,0.15,95.94,23.76,28.7,9.02,127
OK,STILL,13,50608,2008,Spring,502,5,CHECK,0,0.0,2.3,17.95,28.78,59.53,16.29,0.15,95.94,23.76,28.7,9.02,127
OK,STILL,13,50608,2008,Spring,602,6,CHECK,0,0.0,2.3,17.95,28.78,59.53,16.29,0.15,95.94,23.76,28.7,9.02,127
OK,STILL,14,50708,2008,Spring,103,1,CHECK,0,0.0,3.63,18.19,28.94,69.6,16.61,0.06,97.72,23.2,44.76,9.96,128
OK,STILL,14,50708,2008,Spring,203,2,CHECK,0,0.0,3.63,18.19,28.94,69.6,16.61,0.06,97.72,23.2,44.76,9.96,128
OK,STILL,14,50708,2008,Spring,301,3,CHECK,0,0.0,3.63,18.19,28.94,69.6,16.61,0.06,97.72,23.2,44.76,9.96,128
OK,STILL,14,50708,2008,Spring,403,4,CHECK,0,0.0,3.63,18.19,28.94,69.6,16.61,0.06,97.72,23.2,44.76,9.96,128
OK,STILL,14,50708,2008,Spring,502,5,CHECK,0,0.0,3.63,18.19,28.94,69.6,16.61,0.06,97.72,23.2,44.76,9.96,128
OK,STILL,14,50708,2008,Spring,602,6,CHECK,0,0.0,3.63,18.19,28.94,69.6,16.61,0.06,97.72,23.2,44.76,9.96,128
OK,STILL,15,50808,2008,Spring,103,1,CHECK,0,0.0,3.71,18.92,28.64,75.6,18.18,0.06,98.48,24.56,50.02,11.52,129
OK,STILL,15,50808,2008,Spring,203,2,CHECK,0,1.0,3.71,18.92,28.64,75.6,18.18,0.06,98.48,24.56,50.02,11.52,129
OK,STILL,15,50808,2008,Spring,301,3,CHECK,0,0.0,3.71,18.92,28.64,75.6,18.18,0.06,98.48,24.56,50.02,11.52,129
OK,STILL,15,50808,2008,Spring,403,4,CHECK,0,0.0,3.71,18.92,28.64,75.6,18.18,0.06,98.48,24.56,50.02,11.52,129
OK,STILL,15,50808,2008,Spring,502,5,CHECK,0,1.0,3.71,18.92,28.64,75.6,18.18,0.06,98.48,24.56,50.02,11.52,129
OK,STILL,15,50808,2008,Spring,602,6,CHECK,0,0.0,3.71,18.92,28.64,75.6,18.18,0.06,98.48,24.56,50.02,11.52,129
OK,STILL,16,50908,2008,Spring,103,1,CHECK,0,1.0,3.54,19.68,26.82,79.41,19.27,0.06,98.48,24.64,56.84,13.86,130
OK,STILL,16,50908,2008,Spring,203,2,CHECK,0,3.0,3.54,19.68,26.82,79.41,19.27,0.06,98.48,24.64,56.84,13.86,130
OK,STILL,16,50908,2008,Spring,301,3,CHECK,0,1.0,3.54,19.68,26.82,79.41,19.27,0.06,98.48,24.64,56.84,13.86,130
OK,STILL,16,50908,2008,Spring,403,4,CHECK,0,1.0,3.54,19.68,26.82,79.41,19.27,0.06,98.48,24.64,56.84,13.86,130
OK,STILL,16,50908,2008,Spring,502,5,CHECK,0,3.0,3.54,19.68,26.82,79.41,19.27,0.06,98.48,24.64,56.84,13.86,130
OK,STILL,16,50908,2008,Spring,602,6,CHECK,0,2.0,3.54,19.68,26.82,79.41,19.27,0.06,98.48,24.64,56.84,13.86,130
OK,STILL,17,51008,2008,Spring,103,1,CHECK,0,1.0,3.88,20.05,23.75,80.01,19.53,0.06,98.64,24.98,56.0,15.22,131
OK,STILL,17,51008,2008,Spring,203,2,CHECK,0,6.0,3.88,20.05,23.75,80.01,19.53,0.06,98.64,24.98,56.0,15.22,131
OK,STILL,17,51008,2008,Spring,301,3,CHECK,0,2.0,3.88,20.05,23.75,80.01,19.53,0.06,98.64,24.98,56.0,15.22,131
OK,STILL,17,51008,2008,Spring,403,4,CHECK,0,1.0,3.88,20.05,23.75,80.01,19.53,0.06,98.64,24.98,56.0,15.22,131
OK,STILL,17,51008,2008,Spring,502,5,CHECK,0,1.0,3.88,20.05,23.75,80.01,19.53,0.06,98.64,24.98,56.0,15.22,131
OK,STILL,17,51008,2008,Spring,602,6,CHECK,0,2.0,3.88,20.05,23.75,80.01,19.53,0.06,98.64,24.98,56.0,15.22,131
OK,STILL,18,51108,2008,Spring,103,1,CHECK,0,1.0,3.6,19.63,22.33,74.62,17.92,0.02,97.84,23.88,49.08,13.02,132
OK,STILL,18,51108,2008,Spring,203,2,CHECK,0,3.0,3.6,19.63,22.33,74.62,17.92,0.02,97.84,23.88,49.08,13.02,132
OK,STILL,18,51108,2008,Spring,301,3,CHECK,0,1.0,3.6,19.63,22.33,74.62,17.92,0.02,97.84,23.88,49.08,13.02,132
OK,STILL,18,51108,2008,Spring,403,4,CHECK,0,0.0,3.6,19.63,22.33,74.62,17.92,0.02,97.84,23.88,49.08,13.02,132
OK,STILL,18,51108,2008,Spring,502,5,CHECK,0,0.0,3.6,19.63,22.33,74.62,17.92,0.02,97.84,23.88,49.08,13.02,132
OK,STILL,18,51108,2008,Spring,602,6,CHECK,0,0.0,3.6,19.63,22.33,74.62,17.92,0.02,97.84,23.88,49.08,13.02,132
OK,STILL,19,51208,2008,Spring,103,1,CHECK,0,0.0,2.86,19.43,24.78,66.92,17.49,0.0,97.94,24.9,36.08,11.14,133
OK,STILL,19,51208,2008,Spring,203,2,CHECK,0,0.0,2.86,19.43,24.78,66.92,17.49,0.0,97.94,24.9,36.08,11.14,133
OK,STILL,19,51208,2008,Spring,301,3,CHECK,0,0.0,2.86,19.43,24.78,66.92,17.49,0.0,97.94,24.9,36.08,11.14,133
OK,STILL,19,51208,2008,Spring,403,4,CHECK,0,0.0,2.86,19.43,24.78,66.92,17.49,0.0,97.94,24.9,36.08,11.14,133
OK,STILL,19,51208,2008,Spring,502,5,CHECK,0,0.0,2.86,19.43,24.78,66.92,17.49,0.0,97.94,24.9,36.08,11.14,133
OK,STILL,19,51208,2008,Spring,602,6,CHECK,0,0.0,2.86,19.43,24.78,66.92,17.49,0.0,97.94,24.9,36.08,11.14,133
OK,STILL,20,51308,2008,Spring,103,1,CHECK,0,0.0,2.7,19.53,30.59,64.46,18.09,0.0,95.18,25.52,35.64,11.8,134
OK,STILL,20,51308,2008,Spring,203,2,CHECK,0,0.0,2.7,19.53,30.59,64.46,18.09,0.0,95.18,25.52,35.64,11.8,134
OK,STILL,20,51308,2008,Spring,301,3,CHECK,0,0.0,2.7,19.53,30.59,64.46,18.09,0.0,95.18,25.52,35.64,11.8,134
OK,STILL,20,51308,2008,Spring,403,4,CHECK,0,0.0,2.7,19.53,30.59,64.46,18.09,0.0,95.18,25.52,35.64,11.8,134
OK,STILL,20,51308,2008,Spring,502,5,CHECK,0,0.0,2.7,19.53,30.59,64.46,18.09,0.0,95.18,25.52,35.64,11.8,134
OK,STILL,20,51308,2008,Spring,602,6,CHECK,0,0.0,2.7,19.53,30.59,64.46,18.09,0.0,95.18,25.52,35.64,11.8,134
OK,STILL,21,51408,2008,Spring,103,1,CHECK,0,0.0,2.38,19.33,39.08,62.28,17.55,0.0,93.54,24.82,33.8,11.52,135
OK,STILL,21,51408,2008,Spring,203,2,CHECK,0,0.0,2.38,19.33,39.08,62.28,17.55,0.0,93.54,24.82,33.8,11.52,135
OK,STILL,21,51408,2008,Spring,301,3,CHECK,0,0.0,2.38,19.33,39.08,62.28,17.55,0.0,93.54,24.82,33.8,11.52,135
OK,STILL,21,51408,2008,Spring,403,4,CHECK,0,0.0,2.38,19.33,39.08,62.28,17.55,0.0,93.54,24.82,33.8,11.52,135
OK,STILL,21,51408,2008,Spring,502,5,CHECK,0,0.0,2.38,19.33,39.08,62.28,17.55,0.0,93.54,24.82,33.8,11.52,135
OK,STILL,21,51408,2008,Spring,602,6,CHECK,0,0.0,2.38,19.33,39.08,62.28,17.55,0.0,93.54,24.82,33.8,11.52,135
OK,STILL,22,51508,2008,Spring,103,1,CHECK,0,0.0,2.55,18.92,41.24,63.65,16.69,0.16,93.56,23.3,34.64,10.9,136
OK,STILL,22,51508,2008,Spring,203,2,CHECK,0,0.0,2.55,18.92,41.24,63.65,16.69,0.16,93.56,23.3,34.64,10.9,136
OK,STILL,22,51508,2008,Spring,301,3,CHECK,0,0.0,2.55,18.92,41.24,63.65,16.69,0.16,93.56,23.3,34.64,10.9,136
OK,STILL,22,51508,2008,Spring,403,4,CHECK,0,0.0,2.55,18.92,41.24,63.65,16.69,0.16,93.56,23.3,34.64,10.9,136
OK,STILL,22,51508,2008,Spring,502,5,CHECK,0,0.0,2.55,18.92,41.24,63.65,16.69,0.16,93.56,23.3,34.64,10.9,136
OK,STILL,22,51508,2008,Spring,602,6,CHECK,0,0.0,2.55,18.92,41.24,63.65,16.69,0.16,93.56,23.3,34.64,10.9,136
OK,STILL,23,51608,2008,Spring,103,1,CHECK,0,0.0,3.49,19.15,40.57,66.61,17.57,0.17,94.58,24.28,35.36,11.42,137
OK,STILL,23,51608,2008,Spring,203,2,CHECK,0,0.0,3.49,19.15,40.57,66.61,17.57,0.17,94.58,24.28,35.36,11.42,137
OK,STILL,23,51608,2008,Spring,301,3,CHECK,0,0.0,3.49,19.15,40.57,66.61,17.57,0.17,94.58,24.28,35.36,11.42,137
OK,STILL,23,51608,2008,Spring,403,4,CHECK,0,0.0,3.49,19.15,40.57,66.61,17.57,0.17,94.58,24.28,35.36,11.42,137
OK,STILL,23,51608,2008,Spring,502,5,CHECK,0,0.0,3.49,19.15,40.57,66.61,17.57,0.17,94.58,24.28,35.36,11.42,137
OK,STILL,23,51608,2008,Spring,602,6,CHECK,0,0.0,3.49,19.15,40.57,66.61,17.57,0.17,94.58,24.28,35.36,11.42,137
OK,STILL,24,51708,2008,Spring,103,1,CHECK,0,0.0,3.56,19.57,37.28,67.48,18.3,0.17,94.48,25.08,34.94,12.16,138
OK,STILL,24,51708,2008,Spring,203,2,CHECK,0,0.0,3.56,19.57,37.28,67.48,18.3,0.17,94.48,25.08,34.94,12.16,138
OK,STILL,24,51708,2008,Spring,301,3,CHECK,0,0.0,3.56,19.57,37.28,67.48,18.3,0.17,94.48,25.08,34.94,12.16,138
OK,STILL,24,51708,2008,Spring,403,4,CHECK,0,0.0,3.56,19.57,37.28,67.48,18.3,0.17,94.48,25.08,34.94,12.16,138
OK,STILL,24,51708,2008,Spring,502,5,CHECK,0,0.0,3.56,19.57,37.28,67.48,18.3,0.17,94.48,25.08,34.94,12.16,138
OK,STILL,24,51708,2008,Spring,602,6,CHECK,0,0.0,3.56,19.57,37.28,67.48,18.3,0.17,94.48,25.08,34.94,12.16,138
OK,STILL,25,51808,2008,Spring,103,1,CHECK,0,0.0,4.42,19.85,31.83,65.04,18.17,0.17,97.4,25.62,27.32,10.96,139
OK,STILL,25,51808,2008,Spring,203,2,CHECK,0,0.0,4.42,19.85,31.83,65.04,18.17,0.17,97.4,25.62,27.32,10.96,139
OK,STILL,25,51808,2008,Spring,301,3,CHECK,0,0.0,4.42,19.85,31.83,65.04,18.17,0.17,97.4,25.62,27.32,10.96,139
OK,STILL,25,51808,2008,Spring,403,4,CHECK,0,0.0,4.42,19.85,31.83,65.04,18.17,0.17,97.4,25.62,27.32,10.96,139
OK,STILL,25,51808,2008,Spring,502,5,CHECK,0,0.0,4.42,19.85,31.83,65.04,18.17,0.17,97.4,25.62,27.32,10.96,139
OK,STILL,25,51808,2008,Spring,602,6,CHECK,0,0.0,4.42,19.85,31.83,65.04,18.17,0.17,97.4,25.62,27.32,10.96,139
OK,STILL,26,51908,2008,Spring,103,1,CHECK,0,0.0,4.25,20.4,25.97,60.58,20.04,0.17,97.42,28.32,24.5,12.42,140
OK,STILL,26,51908,2008,Spring,203,2,CHECK,0,0.0,4.25,20.4,25.97,60.58,20.04,0.17,97.42,28.32,24.5,12.42,140
OK,STILL,26,51908,2008,Spring,301,3,CHECK,0,0.0,4.25,20.4,25.97,60.58,20.04,0.17,97.42,28.32,24.5,12.42,140
OK,STILL,26,51908,2008,Spring,403,4,CHECK,0,0.0,4.25,20.4,25.97,60.58,20.04,0.17,97.42,28.32,24.5,12.42,140
OK,STILL,26,51908,2008,Spring,502,5,CHECK,0,0.0,4.25,20.4,25.97,60.58,20.04,0.17,97.42,28.32,24.5,12.42,140
OK,STILL,26,51908,2008,Spring,602,6,CHECK,0,0.0,4.25,20.4,25.97,60.58,20.04,0.17,97.42,28.32,24.5,12.42,140
OK,STILL,27,52008,2008,Spring,103,1,CHECK,0,0.0,4.09,21.17,28.5,57.37,21.16,0.01,97.02,29.16,21.68,13.12,141
OK,STILL,27,52008,2008,Spring,203,2,CHECK,0,0.0,4.09,21.17,28.5,57.37,21.16,0.01,97.02,29.16,21.68,13.12,141
OK,STILL,27,52008,2008,Spring,301,3,CHECK,0,0.0,4.09,21.17,28.5,57.37,21.16,0.01,97.02,29.16,21.68,13.12,141
OK,STILL,27,52008,2008,Spring,403,4,CHECK,0,0.0,4.09,21.17,28.5,57.37,21.16,0.01,97.02,29.16,21.68,13.12,141
OK,STILL,27,52008,2008,Spring,502,5,CHECK,0,0.0,4.09,21.17,28.5,57.37,21.16,0.01,97.02,29.16,21.68,13.12,141
OK,STILL,27,52008,2008,Spring,602,6,CHECK,0,0.0,4.09,21.17,28.5,57.37,21.16,0.01,97.02,29.16,21.68,13.12,141
OK,STILL,28,52108,2008,Spring,103,1,CHECK,0,0.0,3.81,21.5,28.47,57.19,21.7,0.01,96.76,29.64,24.6,13.64,142
OK,STILL,28,52108,2008,Spring,203,2,CHECK,0,0.0,3.81,21.5,28.47,57.19,21.7,0.01,96.76,29.64,24.6,13.64,142
OK,STILL,28,52108,2008,Spring,301,3,CHECK,0,0.0,3.81,21.5,28.47,57.19,21.7,0.01,96.76,29.64,24.6,13.64,142
OK,STILL,28,52108,2008,Spring,403,4,CHECK,0,0.0,3.81,21.5,28.47,57.19,21.7,0.01,96.76,29.64,24.6,13.64,142
OK,STILL,28,52108,2008,Spring,502,5,CHECK,0,0.0,3.81,21.5,28.47,57.19,21.7,0.01,96.76,29.64,24.6,13.64,142
OK,STILL,28,52108,2008,Spring,602,6,CHECK,0,0.0,3.81,21.5,28.47,57.19,21.7,0.01,96.76,29.64,24.6,13.64,142
OK,STILL,29,52208,2008,Spring,103,1,CHECK,0,0.0,2.98,21.89,29.03,58.7,22.78,0.01,94.16,29.7,31.06,15.58,143
OK,STILL,29,52208,2008,Spring,203,2,CHECK,0,0.0,2.98,21.89,29.03,58.7,22.78,0.01,94.16,29.7,31.06,15.58,143
OK,STILL,29,52208,2008,Spring,301,3,CHECK,0,0.0,2.98,21.89,29.03,58.7,22.78,0.01,94.16,29.7,31.06,15.58,143
OK,STILL,29,52208,2008,Spring,403,4,CHECK,0,0.0,2.98,21.89,29.03,58.7,22.78,0.01,94.16,29.7,31.06,15.58,143
OK,STILL,29,52208,2008,Spring,502,5,CHECK,0,0.0,2.98,21.89,29.03,58.7,22.78,0.01,94.16,29.7,31.06,15.58,143
OK,STILL,29,52208,2008,Spring,602,6,CHECK,0,0.0,2.98,21.89,29.03,58.7,22.78,0.01,94.16,29.7,31.06,15.58,143
OK,STILL,30,52308,2008,Spring,103,1,CHECK,0,0.0,2.36,22.27,29.64,63.8,23.52,0.01,93.08,29.32,41.92,17.56,144
OK,STILL,30,52308,2008,Spring,203,2,CHECK,0,1.0,2.36,22.27,29.64,63.8,23.52,0.01,93.08,29.32,41.92,17.56,144
OK,STILL,30,52308,2008,Spring,301,3,CHECK,0,0.0,2.36,22.27,29.64,63.8,23.52,0.01,93.08,29.32,41.92,17.56,144
OK,STILL,30,52308,2008,Spring,403,4,CHECK,0,0.0,2.36,22.27,29.64,63.8,23.52,0.01,93.08,29.32,41.92,17.56,144
OK,STILL,30,52308,2008,Spring,502,5,CHECK,0,2.0,2.36,22.27,29.64,63.8,23.52,0.01,93.08,29.32,41.92,17.56,144
OK,STILL,30,52308,2008,Spring,602,6,CHECK,0,1.0,2.36,22.27,29.64,63.8,23.52,0.01,93.08,29.32,41.92,17.56,144
OK,STILL,31,52408,2008,Spring,103,1,CHECK,0,0.0,2.62,22.48,28.38,72.12,23.23,0.02,94.34,28.02,51.76,17.42,145
OK,STILL,31,52408,2008,Spring,203,2,CHECK,0,0.0,2.62,22.48,28.38,72.12,23.23,0.02,94.34,28.02,51.76,17.42,145
OK,STILL,31,52408,2008,Spring,301,3,CHECK,0,0.0,2.62,22.48,28.38,72.12,23.23,0.02,94.34,28.02,51.76,17.42,145
OK,STILL,31,52408,2008,Spring,403,4,CHECK,0,0.0,2.62,22.48,28.38,72.12,23.23,0.02,94.34,28.02,51.76,17.42,145
OK,STILL,31,52408,2008,Spring,502,5,CHECK,0,0.0,2.62,22.48,28.38,72.12,23.23,0.02,94.34,28.02,51.76,17.42,145
OK,STILL,31,52408,2008,Spring,602,6,CHECK,0,2.0,2.62,22.48,28.38,72.12,23.23,0.02,94.34,28.02,51.76,17.42,145
OK,STILL,32,52508,2008,Spring,103,1,CHECK,0,0.0,1.84,22.77,24.79,74.03,24.24,0.02,92.66,29.14,56.44,18.72,146
OK,STILL,32,52508,2008,Spring,203,2,CHECK,0,0.0,1.84,22.77,24.79,74.03,24.24,0.02,92.66,29.14,56.44,18.72,146
OK,STILL,32,52508,2008,Spring,301,3,CHECK,0,4.0,1.84,22.77,24.79,74.03,24.24,0.02,92.66,29.14,56.44,18.72,146
OK,STILL,32,52508,2008,Spring,403,4,CHECK,0,0.0,1.84,22.77,24.79,74.03,24.24,0.02,92.66,29.14,56.44,18.72,146
OK,STILL,32,52508,2008,Spring,502,5,CHECK,0,0.0,1.84,22.77,24.79,74.03,24.24,0.02,92.66,29.14,56.44,18.72,146
OK,STILL,32,52508,2008,Spring,602,6,CHECK,0,2.0,1.84,22.77,24.79,74.03,24.24,0.02,92.66,29.14,56.44,18.72,146
OK,STILL,33,52608,2008,Spring,103,1,CHECK,0,3.0,1.4,23.45,23.37,75.56,25.48,0.03,92.6,29.92,59.42,20.26,147
OK,STILL,33,52608,2008,Spring,203,2,CHECK,0,4.0,1.4,23.45,23.37,75.56,25.48,0.03,92.6,29.92,59.42,20.26,147
OK,STILL,33,52608,2008,Spring,301,3,CHECK,0,3.0,1.4,23.45,23.37,75.56,25.48,0.03,92.6,29.92,59.42,20.26,147
OK,STILL,33,52608,2008,Spring,403,4,CHECK,0,1.0,1.4,23.45,23.37,75.56,25.48,0.03,92.6,29.92,59.42,20.26,147
OK,STILL,33,52608,2008,Spring,502,5,CHECK,0,3.0,1.4,23.45,23.37,75.56,25.48,0.03,92.6,29.92,59.42,20.26,147
OK,STILL,33,52608,2008,Spring,602,6,CHECK,0,3.0,1.4,23.45,23.37,75.56,25.48,0.03,92.6,29.92,59.42,20.26,147
OK,STILL,34,52708,2008,Spring,103,1,CHECK,0,1.0,1.67,23.81,21.56,77.3,25.14,0.07,94.12,29.52,61.42,20.32,148
OK,STILL,34,52708,2008,Spring,203,2,CHECK,0,3.0,1.67,23.81,21.56,77.3,25.14,0.07,94.12,29.52,61.42,20.32,148
OK,STILL,34,52708,2008,Spring,301,3,CHECK,0,4.0,1.67,23.81,21.56,77.3,25.14,0.07,94.12,29.52,61.42,20.32,148
OK,STILL,34,52708,2008,Spring,403,4,CHECK,0,0.0,1.67,23.81,21.56,77.3,25.14,0.07,94.12,29.52,61.42,20.32,148
OK,STILL,34,52708,2008,Spring,502,5,CHECK,0,5.0,1.67,23.81,21.56,77.3,25.14,0.07,94.12,29.52,61.42,20.32,148
OK,STILL,34,52708,2008,Spring,602,6,CHECK,0,3.0,1.67,23.81,21.56,77.3,25.14,0.07,94.12,29.52,61.42,20.32,148
OK,STILL,35,52808,2008,Spring,103,1,CHECK,0,0.0,1.75,24.13,19.95,77.58,24.96,0.08,95.04,29.52,61.48,20.02,149
OK,STILL,35,52808,2008,Spring,203,2,CHECK,0,2.0,1.75,24.13,19.95,77.58,24.96,0.08,95.04,29.52,61.48,20.02,149
OK,STILL,35,52808,2008,Spring,301,3,CHECK,0,0.0,1.75,24.13,19.95,77.58,24.96,0.08,95.04,29.52,61.48,20.02,149
OK,STILL,35,52808,2008,Spring,403,4,CHECK,0,1.0,1.75,24.13,19.95,77.58,24.96,0.08,95.04,29.52,61.48,20.02,149
OK,STILL,35,52808,2008,Spring,502,5,CHECK,0,1.0,1.75,24.13,19.95,77.58,24.96,0.08,95.04,29.52,61.48,20.02,149
OK,STILL,35,52808,2008,Spring,602,6,CHECK,0,0.0,1.75,24.13,19.95,77.58,24.96,0.08,95.04,29.52,61.48,20.02,149
OK,STILL,36,52908,2008,Spring,103,1,CHECK,0,1.0,1.75,24.38,18.42,76.71,24.96,0.07,95.3,29.84,58.6,20.22,150
OK,STILL,36,52908,2008,Spring,203,2,CHECK,0,0.0,1.75,24.38,18.42,76.71,24.96,0.07,95.3,29.84,58.6,20.22,150
OK,STILL,36,52908,2008,Spring,301,3,CHECK,0,0.0,1.75,24.38,18.42,76.71,24.96,0.07,95.3,29.84,58.6,20.22,150
OK,STILL,36,52908,2008,Spring,403,4,CHECK,0,0.0,1.75,24.38,18.42,76.71,24.96,0.07,95.3,29.84,58.6,20.22,150
OK,STILL,36,52908,2008,Spring,502,5,CHECK,0,0.0,1.75,24.38,18.42,76.71,24.96,0.07,95.3,29.84,58.6,20.22,150
OK,STILL,36,52908,2008,Spring,602,6,CHECK,0,0.0,1.75,24.38,18.42,76.71,24.96,0.07,95.3,29.84,58.6,20.22,150
OK,STILL,37,53008,2008,Spring,103,1,CHECK,0,1.0,1.68,24.63,17.28,76.71,25.09,0.07,95.64,30.12,57.44,20.34,151
OK,STILL,37,53008,2008,Spring,203,2,CHECK,0,0.0,1.68,24.63,17.28,76.71,25.09,0.07,95.64,30.12,57.44,20.34,151
OK,STILL,37,53008,2008,Spring,301,3,CHECK,0,1.0,1.68,24.63,17.28,76.71,25.09,0.07,95.64,30.12,57.44,20.34,151
OK,STILL,37,53008,2008,Spring,403,4,CHECK,0,0.0,1.68,24.63,17.28,76.71,25.09,0.07,95.64,30.12,57.44,20.34,151
OK,STILL,37,53008,2008,Spring,502,5,CHECK,0,0.0,1.68,24.63,17.28,76.71,25.09,0.07,95.64,30.12,57.44,20.34,151
OK,STILL,37,53008,2008,Spring,602,6,CHECK,0,0.0,1.68,24.63,17.28,76.71,25.09,0.07,95.64,30.12,57.44,20.34,151
OK,STILL,38,53108,2008,Spring,103,1,CHECK,0,2.0,1.34,24.91,18.21,75.26,25.3,0.06,93.68,30.42,55.94,20.86,152
OK,STILL,38,53108,2008,Spring,203,2,CHECK,0,1.0,1.34,24.91,18.21,75.26,25.3,0.06,93.68,30.42,55.94,20.86,152
OK,STILL,38,53108,2008,Spring,301,3,CHECK,0,0.0,1.34,24.91,18.21,75.26,25.3,0.06,93.68,30.42,55.94,20.86,152
OK,STILL,38,53108,2008,Spring,403,4,CHECK,0,1.0,1.34,24.91,18.21,75.26,25.3,0.06,93.68,30.42,55.94,20.86,152
OK,STILL,38,53108,2008,Spring,502,5,CHECK,0,0.0,1.34,24.91,18.21,75.26,25.3,0.06,93.68,30.42,55.94,20.86,152
OK,STILL,38,53108,2008,Spring,602,6,CHECK,0,2.0,1.34,24.91,18.21,75.26,25.3,0.06,93.68,30.42,55.94,20.86,152
OK,STILL,39,60108,2008,Spring,103,1,CHECK,0,1.0,1.81,25.21,21.36,75.46,25.47,0.03,94.4,30.88,53.9,20.78,153
OK,STILL,39,60108,2008,Spring,203,2,CHECK,0,0.0,1.81,25.21,21.36,75.46,25.47,0.03,94.4,30.88,53.9,20.78,153
OK,STILL,39,60108,2008,Spring,301,3,CHECK,0,1.0,1.81,25.21,21.36,75.46,25.47,0.03,94.4,30.88,53.9,20.78,153
OK,STILL,39,60108,2008,Spring,403,4,CHECK,0,0.0,1.81,25.21,21.36,75.46,25.47,0.03,94.4,30.88,53.9,20.78,153
OK,STILL,39,60108,2008,Spring,502,5,CHECK,0,0.0,1.81,25.21,21.36,75.46,25.47,0.03,94.4,30.88,53.9,20.78,153
OK,STILL,39,60108,2008,Spring,602,6,CHECK,0,0.0,1.81,25.21,21.36,75.46,25.47,0.03,94.4,30.88,53.9,20.78,153
OK,STILL,40,60208,2008,Spring,103,1,CHECK,0,0.0,1.57,25.43,25.79,73.37,26.09,0.03,94.28,31.72,50.94,21.16,154
OK,STILL,40,60208,2008,Spring,203,2,CHECK,0,0.0,1.57,25.43,25.79,73.37,26.09,0.03,94.28,31.72,50.94,21.16,154
OK,STILL,40,60208,2008,Spring,301,3,CHECK,0,0.0,1.57,25.43,25.79,73.37,26.09,0.03,94.28,31.72,50.94,21.16,154
OK,STILL,40,60208,2008,Spring,403,4,CHECK,0,0.0,1.57,25.43,25.79,73.37,26.09,0.03,94.28,31.72,50.94,21.16,154
OK,STILL,40,60208,2008,Spring,502,5,CHECK,0,0.0,1.57,25.43,25.79,73.37,26.09,0.03,94.28,31.72,50.94,21.16,154
OK,STILL,40,60208,2008,Spring,602,6,CHECK,0,0.0,1.57,25.43,25.79,73.37,26.09,0.03,94.28,31.72,50.94,21.16,154
OK,STILL,41,60308,2008,Spring,103,1,CHECK,0,0.0,1.03,25.69,33.21,68.06,27.15,0.03,87.02,32.54,48.08,22.26,155
OK,STILL,41,60308,2008,Spring,203,2,CHECK,0,0.0,1.03,25.69,33.21,68.06,27.15,0.03,87.02,32.54,48.08,22.26,155
OK,STILL,41,60308,2008,Spring,301,3,CHECK,0,0.0,1.03,25.69,33.21,68.06,27.15,0.03,87.02,32.54,48.08,22.26,155
OK,STILL,41,60308,2008,Spring,403,4,CHECK,0,0.0,1.03,25.69,33.21,68.06,27.15,0.03,87.02,32.54,48.08,22.26,155
OK,STILL,41,60308,2008,Spring,502,5,CHECK,0,0.0,1.03,25.69,33.21,68.06,27.15,0.03,87.02,32.54,48.08,22.26,155
OK,STILL,41,60308,2008,Spring,602,6,CHECK,0,0.0,1.03,25.69,33.21,68.06,27.15,0.03,87.02,32.54,48.08,22.26,155
OK,STILL,42,60408,2008,Spring,103,1,CHECK,0,0.0,1.15,25.82,44.28,65.57,27.53,0.04,83.54,32.48,49.06,22.9,156
OK,STILL,42,60408,2008,Spring,203,2,CHECK,0,5.0,1.15,25.82,44.28,65.57,27.53,0.04,83.54,32.48,49.06,22.9,156
OK,STILL,42,60408,2008,Spring,301,3,CHECK,0,4.0,1.15,25.82,44.28,65.57,27.53,0.04,83.54,32.48,49.06,22.9,156
OK,STILL,42,60408,2008,Spring,403,4,CHECK,0,1.0,1.15,25.82,44.28,65.57,27.53,0.04,83.54,32.48,49.06,22.9,156
OK,STILL,42,60408,2008,Spring,502,5,CHECK,0,1.0,1.15,25.82,44.28,65.57,27.53,0.04,83.54,32.48,49.06,22.9,156
OK,STILL,42,60408,2008,Spring,602,6,CHECK,0,0.0,1.15,25.82,44.28,65.57,27.53,0.04,83.54,32.48,49.06,22.9,156
OK,STILL,43,60508,2008,Spring,103,1,CHECK,0,0.0,1.15,25.74,57.41,63.99,27.8,0.04,84.6,32.4,49.04,22.46,157
OK,STILL,43,60508,2008,Spring,203,2,CHECK,0,0.0,1.15,25.74,57.41,63.99,27.8,0.04,84.6,32.4,49.04,22.46,157
OK,STILL,43,60508,2008,Spring,301,3,CHECK,0,0.0,1.15,25.74,57.41,63.99,27.8,0.04,84.6,32.4,49.04,22.46,157
OK,STILL,43,60508,2008,Spring,403,4,CHECK,0,0.0,1.15,25.74,57.41,63.99,27.8,0.04,84.6,32.4,49.04,22.46,157
OK,STILL,43,60508,2008,Spring,502,5,CHECK,0,0.0,1.15,25.74,57.41,63.99,27.8,0.04,84.6,32.4,49.04,22.46,157
OK,STILL,43,60508,2008,Spring,602,6,CHECK,0,0.0,1.15,25.74,57.41,63.99,27.8,0.04,84.6,32.4,49.04,22.46,157
OK,STILL,44,60608,2008,Spring,103,1,CHECK,0,0.0,1.12,25.71,70.65,62.25,28.04,0.03,83.94,32.8,47.0,22.44,158
OK,STILL,44,60608,2008,Spring,203,2,CHECK,0,0.0,1.12,25.71,70.65,62.25,28.04,0.03,83.94,32.8,47.0,22.44,158
OK,STILL,44,60608,2008,Spring,301,3,CHECK,0,0.0,1.12,25.71,70.65,62.25,28.04,0.03,83.94,32.8,47.0,22.44,158
OK,STILL,44,60608,2008,Spring,403,4,CHECK,0,0.0,1.12,25.71,70.65,62.25,28.04,0.03,83.94,32.8,47.0,22.44,158
OK,STILL,44,60608,2008,Spring,502,5,CHECK,0,0.0,1.12,25.71,70.65,62.25,28.04,0.03,83.94,32.8,47.0,22.44,158
OK,STILL,44,60608,2008,Spring,602,6,CHECK,0,0.0,1.12,25.71,70.65,62.25,28.04,0.03,83.94,32.8,47.0,22.44,158
OK,STILL,45,60708,2008,Spring,103,1,CHECK,0,0.0,1.04,25.7,90.16,61.43,28.28,0.02,80.76,32.54,47.82,23.22,159
OK,STILL,45,60708,2008,Spring,203,2,CHECK,0,0.0,1.04,25.7,90.16,61.43,28.28,0.02,80.76,32.54,47.82,23.22,159
OK,STILL,45,60708,2008,Spring,301,3,CHECK,0,0.0,1.04,25.7,90.16,61.43,28.28,0.02,80.76,32.54,47.82,23.22,159
OK,STILL,45,60708,2008,Spring,403,4,CHECK,0,0.0,1.04,25.7,90.16,61.43,28.28,0.02,80.76,32.54,47.82,23.22,159
OK,STILL,45,60708,2008,Spring,502,5,CHECK,0,0.0,1.04,25.7,90.16,61.43,28.28,0.02,80.76,32.54,47.82,23.22,159
OK,STILL,45,60708,2008,Spring,602,6,CHECK,0,0.0,1.04,25.7,90.16,61.43,28.28,0.02,80.76,32.54,47.82,23.22,159
OK,STILL,46,60808,2008,Spring,103,1,CHECK,0,0.0,1.17,25.64,111.89,63.95,27.9,0.02,87.14,31.94,49.9,21.94,160
OK,STILL,46,60808,2008,Spring,203,2,CHECK,0,0.0,1.17,25.64,111.89,63.95,27.9,0.02,87.14,31.94,49.9,21.94,160
OK,STILL,46,60808,2008,Spring,301,3,CHECK,0,0.0,1.17,25.64,111.89,63.95,27.9,0.02,87.14,31.94,49.9,21.94,160
OK,STILL,46,60808,2008,Spring,403,4,CHECK,0,0.0,1.17,25.64,111.89,63.95,27.9,0.02,87.14,31.94,49.9,21.94,160
OK,STILL,46,60808,2008,Spring,502,5,CHECK,0,0.0,1.17,25.64,111.89,63.95,27.9,0.02,87.14,31.94,49.9,21.94,160
OK,STILL,46,60808,2008,Spring,602,6,CHECK,0,0.0,1.17,25.64,111.89,63.95,27.9,0.02,87.14,31.94,49.9,21.94,160
OK,STILL,47,60908,2008,Spring,103,1,CHECK,0,0.0,2.35,25.05,104.92,71.08,26.0,0.07,92.5,30.18,53.76,20.42,161
OK,STILL,47,60908,2008,Spring,203,2,CHECK,0,0.0,2.35,25.05,104.92,71.08,26.0,0.07,92.5,30.18,53.76,20.42,161
OK,STILL,47,60908,2008,Spring,301,3,CHECK,0,0.0,2.35,25.05,104.92,71.08,26.0,0.07,92.5,30.18,53.76,20.42,161
OK,STILL,47,60908,2008,Spring,403,4,CHECK,0,0.0,2.35,25.05,104.92,71.08,26.0,0.07,92.5,30.18,53.76,20.42,161
OK,STILL,47,60908,2008,Spring,502,5,CHECK,0,0.0,2.35,25.05,104.92,71.08,26.0,0.07,92.5,30.18,53.76,20.42,161
OK,STILL,47,60908,2008,Spring,602,6,CHECK,0,0.0,2.35,25.05,104.92,71.08,26.0,0.07,92.5,30.18,53.76,20.42,161
OK,STILL,48,61008,2008,Spring,103,1,CHECK,0,0.0,3.02,24.63,92.2,75.72,24.65,0.07,93.72,29.36,56.28,19.46,162
OK,STILL,48,61008,2008,Spring,203,2,CHECK,0,0.0,3.02,24.63,92.2,75.72,24.65,0.07,93.72,29.36,56.28,19.46,162
OK,STILL,48,61008,2008,Spring,301,3,CHECK,0,0.0,3.02,24.63,92.2,75.72,24.65,0.07,93.72,29.36,56.28,19.46,162
OK,STILL,48,61008,2008,Spring,403,4,CHECK,0,0.0,3.02,24.63,92.2,75.72,24.65,0.07,93.72,29.36,56.28,19.46,162
OK,STILL,48,61008,2008,Spring,502,5,CHECK,0,0.0,3.02,24.63,92.2,75.72,24.65,0.07,93.72,29.36,56.28,19.46,162
OK,STILL,48,61008,2008,Spring,602,6,CHECK,0,0.0,3.02,24.63,92.2,75.72,24.65,0.07,93.72,29.36,56.28,19.46,162
OK,STILL,49,61108,2008,Spring,103,1,CHECK,0,0.0,2.23,24.48,77.84,74.74,24.96,0.06,93.12,29.4,56.24,20.06,163
OK,STILL,49,61108,2008,Spring,203,2,CHECK,0,0.0,2.23,24.48,77.84,74.74,24.96,0.06,93.12,29.4,56.24,20.06,163
OK,STILL,49,61108,2008,Spring,301,3,CHECK,0,0.0,2.23,24.48,77.84,74.74,24.96,0.06,93.12,29.4,56.24,20.06,163
OK,STILL,49,61108,2008,Spring,403,4,CHECK,0,0.0,2.23,24.48,77.84,74.74,24.96,0.06,93.12,29.4,56.24,20.06,163
OK,STILL,49,61108,2008,Spring,502,5,CHECK,0,0.0,2.23,24.48,77.84,74.74,24.96,0.06,93.12,29.4,56.24,20.06,163
OK,STILL,49,61108,2008,Spring,602,6,CHECK,0,0.0,2.23,24.48,77.84,74.74,24.96,0.06,93.12,29.4,56.24,20.06,163
OK,STILL,50,61208,2008,Spring,103,1,CHECK,0,0.0,2.23,24.28,58.71,73.94,24.88,0.06,91.54,29.36,56.18,19.82,164
OK,STILL,50,61208,2008,Spring,203,2,CHECK,0,0.0,2.23,24.28,58.71,73.94,24.88,0.06,91.54,29.36,56.18,19.82,164
OK,STILL,50,61208,2008,Spring,301,3,CHECK,0,0.0,2.23,24.28,58.71,73.94,24.88,0.06,91.54,29.36,56.18,19.82,164
OK,STILL,50,61208,2008,Spring,403,4,CHECK,0,0.0,2.23,24.28,58.71,73.94,24.88,0.06,91.54,29.36,56.18,19.82,164
OK,STILL,50,61208,2008,Spring,502,5,CHECK,0,0.0,2.23,24.28,58.71,73.94,24.88,0.06,91.54,29.36,56.18,19.82,164
OK,STILL,50,61208,2008,Spring,602,6,CHECK,0,0.0,2.23,24.28,58.71,73.94,24.88,0.06,91.54,29.36,56.18,19.82,164
OK,STILL,51,61308,2008,Spring,103,1,CHECK,0,0.0,2.48,24.06,36.19,76.23,24.05,0.07,90.88,28.54,58.7,20.0,165
OK,STILL,51,61308,2008,Spring,203,2,CHECK,0,0.0,2.48,24.06,36.19,76.23,24.05,0.07,90.88,28.54,58.7,20.0,165
OK,STILL,51,61308,2008,Spring,301,3,CHECK,0,0.0,2.48,24.06,36.19,76.23,24.05,0.07,90.88,28.54,58.7,20.0,165
OK,STILL,51,61308,2008,Spring,403,4,CHECK,0,0.0,2.48,24.06,36.19,76.23,24.05,0.07,90.88,28.54,58.7,20.0,165
OK,STILL,51,61308,2008,Spring,502,5,CHECK,0,0.0,2.48,24.06,36.19,76.23,24.05,0.07,90.88,28.54,58.7,20.0,165
OK,STILL,51,61308,2008,Spring,602,6,CHECK,0,0.0,2.48,24.06,36.19,76.23,24.05,0.07,90.88,28.54,58.7,20.0,165
OK,STILL,3,91508,2008,Fall,103,1,CHECK,0,8.0,4.89,22.89,17.16,81.54,21.48,0.07,98.78,25.7,58.1,17.38,259
OK,STILL,3,91508,2008,Fall,205,2,CHECK,0,17.0,4.89,22.89,17.16,81.54,21.48,0.07,98.78,25.7,58.1,17.38,259
OK,STILL,3,91508,2008,Fall,301,3,CHECK,0,11.0,4.89,22.89,17.16,81.54,21.48,0.07,98.78,25.7,58.1,17.38,259
OK,STILL,3,91508,2008,Fall,404,4,CHECK,0,14.0,4.89,22.89,17.16,81.54,21.48,0.07,98.78,25.7,58.1,17.38,259
OK,STILL,3,91508,2008,Fall,504,5,CHECK,0,15.0,4.89,22.89,17.16,81.54,21.48,0.07,98.78,25.7,58.1,17.38,259
OK,STILL,3,91508,2008,Fall,602,6,CHECK,0,8.0,4.89,22.89,17.16,81.54,21.48,0.07,98.78,25.7,58.1,17.38,259
OK,STILL,4,91608,2008,Fall,103,1,CHECK,0,3.0,4.42,22.4,17.06,76.18,20.17,0.07,99.14,26.0,44.68,14.5,260
OK,STILL,4,91608,2008,Fall,205,2,CHECK,0,14.0,4.42,22.4,17.06,76.18,20.17,0.07,99.14,26.0,44.68,14.5,260
OK,STILL,4,91608,2008,Fall,301,3,CHECK,0,7.0,4.42,22.4,17.06,76.18,20.17,0.07,99.14,26.0,44.68,14.5,260
OK,STILL,4,91608,2008,Fall,404,4,CHECK,0,4.0,4.42,22.4,17.06,76.18,20.17,0.07,99.14,26.0,44.68,14.5,260
OK,STILL,4,91608,2008,Fall,504,5,CHECK,0,1.0,4.42,22.4,17.06,76.18,20.17,0.07,99.14,26.0,44.68,14.5,260
OK,STILL,4,91608,2008,Fall,602,6,CHECK,0,1.0,4.42,22.4,17.06,76.18,20.17,0.07,99.14,26.0,44.68,14.5,260
OK,STILL,5,91708,2008,Fall,103,1,CHECK,0,10.0,4.77,21.83,21.21,74.69,18.38,0.02,99.3,25.1,41.14,11.52,261
OK,STILL,5,91708,2008,Fall,205,2,CHECK,0,8.0,4.77,21.83,21.21,74.69,18.38,0.02,99.3,25.1,41.14,11.52,261
OK,STILL,5,91708,2008,Fall,301,3,CHECK,0,7.0,4.77,21.83,21.21,74.69,18.38,0.02,99.3,25.1,41.14,11.52,261
OK,STILL,5,91708,2008,Fall,404,4,CHECK,0,4.0,4.77,21.83,21.21,74.69,18.38,0.02,99.3,25.1,41.14,11.52,261
OK,STILL,5,91708,2008,Fall,504,5,CHECK,0,9.0,4.77,21.83,21.21,74.69,18.38,0.02,99.3,25.1,41.14,11.52,261
OK,STILL,5,91708,2008,Fall,602,6,CHECK,0,2.0,4.77,21.83,21.21,74.69,18.38,0.02,99.3,25.1,41.14,11.52,261
OK,STILL,6,91808,2008,Fall,103,1,CHECK,0,5.0,4.8,21.25,29.56,71.86,17.3,0.0,99.66,25.2,33.62,9.42,262
OK,STILL,6,91808,2008,Fall,205,2,CHECK,0,2.0,4.8,21.25,29.56,71.86,17.3,0.0,99.66,25.2,33.62,9.42,262
OK,STILL,6,91808,2008,Fall,301,3,CHECK,0,0.0,4.8,21.25,29.56,71.86,17.3,0.0,99.66,25.2,33.62,9.42,262
OK,STILL,6,91808,2008,Fall,404,4,CHECK,0,6.0,4.8,21.25,29.56,71.86,17.3,0.0,99.66,25.2,33.62,9.42,262
OK,STILL,6,91808,2008,Fall,504,5,CHECK,0,2.0,4.8,21.25,29.56,71.86,17.3,0.0,99.66,25.2,33.62,9.42,262
OK,STILL,6,91808,2008,Fall,602,6,CHECK,0,0.0,4.8,21.25,29.56,71.86,17.3,0.0,99.66,25.2,33.62,9.42,262
OK,STILL,7,91908,2008,Fall,103,1,CHECK,0,4.0,5.85,21.04,32.01,73.2,17.26,0.02,100.0,26.3,33.26,9.28,263
OK,STILL,7,91908,2008,Fall,205,2,CHECK,0,1.0,5.85,21.04,32.01,73.2,17.26,0.02,100.0,26.3,33.26,9.28,263
OK,STILL,7,91908,2008,Fall,301,3,CHECK,0,0.0,5.85,21.04,32.01,73.2,17.26,0.02,100.0,26.3,33.26,9.28,263
OK,STILL,7,91908,2008,Fall,404,4,CHECK,0,2.0,5.85,21.04,32.01,73.2,17.26,0.02,100.0,26.3,33.26,9.28,263
OK,STILL,7,91908,2008,Fall,504,5,CHECK,0,0.0,5.85,21.04,32.01,73.2,17.26,0.02,100.0,26.3,33.26,9.28,263
OK,STILL,7,91908,2008,Fall,602,6,CHECK,0,0.0,5.85,21.04,32.01,73.2,17.26,0.02,100.0,26.3,33.26,9.28,263
OK,STILL,8,92008,2008,Fall,103,1,CHECK,0,0.0,5.97,21.25,32.71,74.09,18.15,0.02,99.92,27.38,35.06,10.02,264
OK,STILL,8,92008,2008,Fall,205,2,CHECK,0,0.0,5.97,21.25,32.71,74.09,18.15,0.02,99.92,27.38,35.06,10.02,264
OK,STILL,8,92008,2008,Fall,301,3,CHECK,0,0.0,5.97,21.25,32.71,74.09,18.15,0.02,99.92,27.38,35.06,10.02,264
OK,STILL,8,92008,2008,Fall,404,4,CHECK,0,0.0,5.97,21.25,32.71,74.09,18.15,0.02,99.92,27.38,35.06,10.02,264
OK,STILL,8,92008,2008,Fall,504,5,CHECK,0,0.0,5.97,21.25,32.71,74.09,18.15,0.02,99.92,27.38,35.06,10.02,264
OK,STILL,8,92008,2008,Fall,602,6,CHECK,0,0.0,5.97,21.25,32.71,74.09,18.15,0.02,99.92,27.38,35.06,10.02,264
OK,STILL,9,92108,2008,Fall,103,1,CHECK,0,0.0,5.92,21.48,32.95,75.37,19.1,0.03,99.78,27.8,38.88,11.32,265
OK,STILL,9,92108,2008,Fall,205,2,CHECK,0,5.0,5.92,21.48,32.95,75.37,19.1,0.03,99.78,27.8,38.88,11.32,265
OK,STILL,9,92108,2008,Fall,301,3,CHECK,0,0.0,5.92,21.48,32.95,75.37,19.1,0.03,99.78,27.8,38.88,11.32,265
OK,STILL,9,92108,2008,Fall,404,4,CHECK,0,3.0,5.92,21.48,32.95,75.37,19.1,0.03,99.78,27.8,38.88,11.32,265
OK,STILL,9,92108,2008,Fall,504,5,CHECK,0,3.0,5.92,21.48,32.95,75.37,19.1,0.03,99.78,27.8,38.88,11.32,265
OK,STILL,9,92108,2008,Fall,602,6,CHECK,0,0.0,5.92,21.48,32.95,75.37,19.1,0.03,99.78,27.8,38.88,11.32,265
OK,STILL,10,92208,2008,Fall,103,1,CHECK,0,0.0,5.24,21.66,29.36,75.55,20.13,0.03,99.6,28.08,41.34,13.1,266
OK,STILL,10,92208,2008,Fall,205,2,CHECK,0,5.0,5.24,21.66,29.36,75.55,20.13,0.03,99.6,28.08,41.34,13.1,266
OK,STILL,10,92208,2008,Fall,301,3,CHECK,0,3.0,5.24,21.66,29.36,75.55,20.13,0.03,99.6,28.08,41.34,13.1,266
OK,STILL,10,92208,2008,Fall,404,4,CHECK,0,4.0,5.24,21.66,29.36,75.55,20.13,0.03,99.6,28.08,41.34,13.1,266
OK,STILL,10,92208,2008,Fall,504,5,CHECK,0,3.0,5.24,21.66,29.36,75.55,20.13,0.03,99.6,28.08,41.34,13.1,266
OK,STILL,10,92208,2008,Fall,602,6,CHECK,0,1.0,5.24,21.66,29.36,75.55,20.13,0.03,99.6,28.08,41.34,13.1,266
OK,STILL,11,92308,2008,Fall,103,1,CHECK,0,10.0,4.38,21.89,22.52,74.06,21.2,0.03,98.68,28.88,40.6,14.6,267
OK,STILL,11,92308,2008,Fall,205,2,CHECK,0,3.0,4.38,21.89,22.52,74.06,21.2,0.03,98.68,28.88,40.6,14.6,267
OK,STILL,11,92308,2008,Fall,301,3,CHECK,0,1.0,4.38,21.89,22.52,74.06,21.2,0.03,98.68,28.88,40.6,14.6,267
OK,STILL,11,92308,2008,Fall,404,4,CHECK,0,1.0,4.38,21.89,22.52,74.06,21.2,0.03,98.68,28.88,40.6,14.6,267
OK,STILL,11,92308,2008,Fall,504,5,CHECK,0,1.0,4.38,21.89,22.52,74.06,21.2,0.03,98.68,28.88,40.6,14.6,267
OK,STILL,11,92308,2008,Fall,602,6,CHECK,0,8.0,4.38,21.89,22.52,74.06,21.2,0.03,98.68,28.88,40.6,14.6,267
OK,STILL,12,92408,2008,Fall,103,1,CHECK,0,17.0,4.14,22.14,22.35,73.53,21.9,0.02,98.58,29.48,40.46,15.26,268
OK,STILL,12,92408,2008,Fall,205,2,CHECK,0,14.0,4.14,22.14,22.35,73.53,21.9,0.02,98.58,29.48,40.46,15.26,268
OK,STILL,12,92408,2008,Fall,301,3,CHECK,0,10.0,4.14,22.14,22.35,73.53,21.9,0.02,98.58,29.48,40.46,15.26,268
OK,STILL,12,92408,2008,Fall,404,4,CHECK,0,7.0,4.14,22.14,22.35,73.53,21.9,0.02,98.58,29.48,40.46,15.26,268
OK,STILL,12,92408,2008,Fall,504,5,CHECK,0,1.0,4.14,22.14,22.35,73.53,21.9,0.02,98.58,29.48,40.46,15.26,268
OK,STILL,12,92408,2008,Fall,602,6,CHECK,0,3.0,4.14,22.14,22.35,73.53,21.9,0.02,98.58,29.48,40.46,15.26,268
OK,STILL,13,92508,2008,Fall,103,1,CHECK,0,9.0,3.55,23.81,17.36,73.91,22.31,0.0,99.28,30.44,40.78,15.42,269
OK,STILL,13,92508,2008,Fall,205,2,CHECK,0,9.0,3.55,23.81,17.36,73.91,22.31,0.0,99.28,30.44,40.78,15.42,269
OK,STILL,13,92508,2008,Fall,301,3,CHECK,0,4.0,3.55,23.81,17.36,73.91,22.31,0.0,99.28,30.44,40.78,15.42,269
OK,STILL,13,92508,2008,Fall,404,4,CHECK,0,1.0,3.55,23.81,17.36,73.91,22.31,0.0,99.28,30.44,40.78,15.42,269
OK,STILL,13,92508,2008,Fall,504,5,CHECK,0,7.0,3.55,23.81,17.36,73.91,22.31,0.0,99.28,30.44,40.78,15.42,269
OK,STILL,13,92508,2008,Fall,602,6,CHECK,0,3.0,3.55,23.81,17.36,73.91,22.31,0.0,99.28,30.44,40.78,15.42,269
OK,STILL,14,92608,2008,Fall,103,1,CHECK,0,1.0,3.73,23.94,18.44,73.12,22.34,0.0,99.26,30.68,38.46,15.28,270
OK,STILL,14,92608,2008,Fall,205,2,CHECK,0,0.0,3.73,23.94,18.44,73.12,22.34,0.0,99.26,30.68,38.46,15.28,270
OK,STILL,14,92608,2008,Fall,301,3,CHECK,0,1.0,3.73,23.94,18.44,73.12,22.34,0.0,99.26,30.68,38.46,15.28,270
OK,STILL,14,92608,2008,Fall,404,4,CHECK,0,2.0,3.73,23.94,18.44,73.12,22.34,0.0,99.26,30.68,38.46,15.28,270
OK,STILL,14,92608,2008,Fall,504,5,CHECK,0,3.0,3.73,23.94,18.44,73.12,22.34,0.0,99.26,30.68,38.46,15.28,270
OK,STILL,14,92608,2008,Fall,602,6,CHECK,0,0.0,3.73,23.94,18.44,73.12,22.34,0.0,99.26,30.68,38.46,15.28,270
OK,STILL,15,92708,2008,Fall,103,1,CHECK,0,4.0,4.2,24.03,19.47,72.28,22.1,0.0,99.24,31.2,35.1,14.4,271
OK,STILL,15,92708,2008,Fall,205,2,CHECK,0,0.0,4.2,24.03,19.47,72.28,22.1,0.0,99.24,31.2,35.1,14.4,271
OK,STILL,15,92708,2008,Fall,301,3,CHECK,0,9.0,4.2,24.03,19.47,72.28,22.1,0.0,99.24,31.2,35.1,14.4,271
OK,STILL,15,92708,2008,Fall,404,4,CHECK,0,4.0,4.2,24.03,19.47,72.28,22.1,0.0,99.24,31.2,35.1,14.4,271
OK,STILL,15,92708,2008,Fall,504,5,CHECK,0,2.0,4.2,24.03,19.47,72.28,22.1,0.0,99.24,31.2,35.1,14.4,271
OK,STILL,15,92708,2008,Fall,602,6,CHECK,0,5.0,4.2,24.03,19.47,72.28,22.1,0.0,99.24,31.2,35.1,14.4,271
OK,STILL,16,92808,2008,Fall,103,1,CHECK,0,0.0,4.94,24.06,20.51,72.25,21.64,0.0,99.72,31.24,32.76,13.34,272
OK,STILL,16,92808,2008,Fall,205,2,CHECK,0,2.0,4.94,24.06,20.51,72.25,21.64,0.0,99.72,31.24,32.76,13.34,272
OK,STILL,16,92808,2008,Fall,301,3,CHECK,0,0.0,4.94,24.06,20.51,72.25,21.64,0.0,99.72,31.24,32.76,13.34,272
OK,STILL,16,92808,2008,Fall,404,4,CHECK,0,0.0,4.94,24.06,20.51,72.25,21.64,0.0,99.72,31.24,32.76,13.34,272
OK,STILL,16,92808,2008,Fall,504,5,CHECK,0,2.0,4.94,24.06,20.51,72.25,21.64,0.0,99.72,31.24,32.76,13.34,272
OK,STILL,16,92808,2008,Fall,602,6,CHECK,0,3.0,4.94,24.06,20.51,72.25,21.64,0.0,99.72,31.24,32.76,13.34,272
OK,STILL,17,92908,2008,Fall,103,1,CHECK,0,1.0,5.07,23.86,21.73,72.26,21.11,0.01,99.7,30.82,33.32,12.64,273
OK,STILL,17,92908,2008,Fall,205,2,CHECK,0,10.0,5.07,23.86,21.73,72.26,21.11,0.01,99.7,30.82,33.32,12.64,273
OK,STILL,17,92908,2008,Fall,301,3,CHECK,0,3.0,5.07,23.86,21.73,72.26,21.11,0.01,99.7,30.82,33.32,12.64,273
OK,STILL,17,92908,2008,Fall,404,4,CHECK,0,2.0,5.07,23.86,21.73,72.26,21.11,0.01,99.7,30.82,33.32,12.64,273
OK,STILL,17,92908,2008,Fall,504,5,CHECK,0,5.0,5.07,23.86,21.73,72.26,21.11,0.01,99.7,30.82,33.32,12.64,273
OK,STILL,17,92908,2008,Fall,602,6,CHECK,0,0.0,5.07,23.86,21.73,72.26,21.11,0.01,99.7,30.82,33.32,12.64,273
OK,STILL,18,93008,2008,Fall,103,1,CHECK,0,1.0,4.69,23.43,23.29,70.05,20.09,0.01,99.68,29.86,28.42,11.38,274
OK,STILL,18,93008,2008,Fall,205,2,CHECK,0,5.0,4.69,23.43,23.29,70.05,20.09,0.01,99.68,29.86,28.42,11.38,274
OK,STILL,18,93008,2008,Fall,301,3,CHECK,0,6.0,4.69,23.43,23.29,70.05,20.09,0.01,99.68,29.86,28.42,11.38,274
OK,STILL,18,93008,2008,Fall,404,4,CHECK,0,6.0,4.69,23.43,23.29,70.05,20.09,0.01,99.68,29.86,28.42,11.38,274
OK,STILL,18,93008,2008,Fall,504,5,CHECK,0,8.0,4.69,23.43,23.29,70.05,20.09,0.01,99.68,29.86,28.42,11.38,274
OK,STILL,18,93008,2008,Fall,602,6,CHECK,0,3.0,4.69,23.43,23.29,70.05,20.09,0.01,99.68,29.86,28.42,11.38,274
OK,STILL,19,100108,2008,Fall,103,1,CHECK,0,9.0,4.64,22.85,25.12,67.58,19.37,0.0,99.76,29.52,24.72,10.28,275
OK,STILL,19,100108,2008,Fall,205,2,CHECK,0,7.0,4.64,22.85,25.12,67.58,19.37,0.0,99.76,29.52,24.72,10.28,275
OK,STILL,19,100108,2008,Fall,301,3,CHECK,0,9.0,4.64,22.85,25.12,67.58,19.37,0.0,99.76,29.52,24.72,10.28,275
OK,STILL,19,100108,2008,Fall,404,4,CHECK,0,5.0,4.64,22.85,25.12,67.58,19.37,0.0,99.76,29.52,24.72,10.28,275
OK,STILL,19,100108,2008,Fall,504,5,CHECK,0,2.0,4.64,22.85,25.12,67.58,19.37,0.0,99.76,29.52,24.72,10.28,275
OK,STILL,19,100108,2008,Fall,602,6,CHECK,0,8.0,4.64,22.85,25.12,67.58,19.37,0.0,99.76,29.52,24.72,10.28,275
OK,STILL,20,100208,2008,Fall,103,1,CHECK,0,0.0,4.42,22.2,27.15,66.65,18.07,0.0,99.86,27.98,23.68,8.88,276
OK,STILL,20,100208,2008,Fall,205,2,CHECK,0,0.0,4.42,22.2,27.15,66.65,18.07,0.0,99.86,27.98,23.68,8.88,276
OK,STILL,20,100208,2008,Fall,301,3,CHECK,0,0.0,4.42,22.2,27.15,66.65,18.07,0.0,99.86,27.98,23.68,8.88,276
OK,STILL,20,100208,2008,Fall,404,4,CHECK,0,0.0,4.42,22.2,27.15,66.65,18.07,0.0,99.86,27.98,23.68,8.88,276
OK,STILL,20,100208,2008,Fall,504,5,CHECK,0,0.0,4.42,22.2,27.15,66.65,18.07,0.0,99.86,27.98,23.68,8.88,276
OK,STILL,20,100208,2008,Fall,602,6,CHECK,0,0.0,4.42,22.2,27.15,66.65,18.07,0.0,99.86,27.98,23.68,8.88,276
OK,STILL,21,100308,2008,Fall,103,1,CHECK,0,8.0,3.61,21.54,29.47,65.05,17.57,0.0,98.58,27.42,23.9,8.4,277
OK,STILL,21,100308,2008,Fall,205,2,CHECK,0,19.0,3.61,21.54,29.47,65.05,17.57,0.0,98.58,27.42,23.9,8.4,277
OK,STILL,21,100308,2008,Fall,301,3,CHECK,0,15.0,3.61,21.54,29.47,65.05,17.57,0.0,98.58,27.42,23.9,8.4,277
OK,STILL,21,100308,2008,Fall,404,4,CHECK,0,18.0,3.61,21.54,29.47,65.05,17.57,0.0,98.58,27.42,23.9,8.4,277
OK,STILL,21,100308,2008,Fall,504,5,CHECK,0,17.0,3.61,21.54,29.47,65.05,17.57,0.0,98.58,27.42,23.9,8.4,277
OK,STILL,21,100308,2008,Fall,602,6,CHECK,0,1.0,3.61,21.54,29.47,65.05,17.57,0.0,98.58,27.42,23.9,8.4,277
OK,STILL,22,100408,2008,Fall,103,1,CHECK,0,0.0,2.8,21.24,31.93,63.59,17.97,0.0,96.18,27.56,23.52,9.42,278
OK,STILL,22,100408,2008,Fall,205,2,CHECK,0,0.0,2.8,21.24,31.93,63.59,17.97,0.0,96.18,27.56,23.52,9.42,278
OK,STILL,22,100408,2008,Fall,301,3,CHECK,0,0.0,2.8,21.24,31.93,63.59,17.97,0.0,96.18,27.56,23.52,9.42,278
OK,STILL,22,100408,2008,Fall,404,4,CHECK,0,0.0,2.8,21.24,31.93,63.59,17.97,0.0,96.18,27.56,23.52,9.42,278
OK,STILL,22,100408,2008,Fall,504,5,CHECK,0,0.0,2.8,21.24,31.93,63.59,17.97,0.0,96.18,27.56,23.52,9.42,278
OK,STILL,22,100408,2008,Fall,602,6,CHECK,0,0.0,2.8,21.24,31.93,63.59,17.97,0.0,96.18,27.56,23.52,9.42,278
OK,STILL,23,100508,2008,Fall,103,1,CHECK,0,0.0,2.38,21.2,34.55,63.38,19.24,0.0,94.16,28.16,27.46,11.52,279
OK,STILL,23,100508,2008,Fall,205,2,CHECK,0,0.0,2.38,21.2,34.55,63.38,19.24,0.0,94.16,28.16,27.46,11.52,279
OK,STILL,23,100508,2008,Fall,301,3,CHECK,0,0.0,2.38,21.2,34.55,63.38,19.24,0.0,94.16,28.16,27.46,11.52,279
OK,STILL,23,100508,2008,Fall,404,4,CHECK,0,0.0,2.38,21.2,34.55,63.38,19.24,0.0,94.16,28.16,27.46,11.52,279
OK,STILL,23,100508,2008,Fall,504,5,CHECK,0,0.0,2.38,21.2,34.55,63.38,19.24,0.0,94.16,28.16,27.46,11.52,279
OK,STILL,23,100508,2008,Fall,602,6,CHECK,0,0.0,2.38,21.2,34.55,63.38,19.24,0.0,94.16,28.16,27.46,11.52,279
OK,STILL,24,100608,2008,Fall,103,1,CHECK,0,0.0,1.92,21.3,37.2,67.27,19.83,0.05,93.58,27.18,37.54,13.6,280
OK,STILL,24,100608,2008,Fall,205,2,CHECK,0,0.0,1.92,21.3,37.2,67.27,19.83,0.05,93.58,27.18,37.54,13.6,280
OK,STILL,24,100608,2008,Fall,301,3,CHECK,0,0.0,1.92,21.3,37.2,67.27,19.83,0.05,93.58,27.18,37.54,13.6,280
OK,STILL,24,100608,2008,Fall,404,4,CHECK,0,0.0,1.92,21.3,37.2,67.27,19.83,0.05,93.58,27.18,37.54,13.6,280
OK,STILL,24,100608,2008,Fall,504,5,CHECK,0,0.0,1.92,21.3,37.2,67.27,19.83,0.05,93.58,27.18,37.54,13.6,280
OK,STILL,24,100608,2008,Fall,602,6,CHECK,0,0.0,1.92,21.3,37.2,67.27,19.83,0.05,93.58,27.18,37.54,13.6,280
OK,STILL,25,100708,2008,Fall,103,1,CHECK,0,0.0,1.6,21.1,39.64,67.94,20.14,0.06,93.0,26.54,39.3,14.6,281
OK,STILL,25,100708,2008,Fall,205,2,CHECK,0,0.0,1.6,21.1,39.64,67.94,20.14,0.06,93.0,26.54,39.3,14.6,281
OK,STILL,25,100708,2008,Fall,301,3,CHECK,0,0.0,1.6,21.1,39.64,67.94,20.14,0.06,93.0,26.54,39.3,14.6,281
OK,STILL,25,100708,2008,Fall,404,4,CHECK,0,0.0,1.6,21.1,39.64,67.94,20.14,0.06,93.0,26.54,39.3,14.6,281
OK,STILL,25,100708,2008,Fall,504,5,CHECK,0,0.0,1.6,21.1,39.64,67.94,20.14,0.06,93.0,26.54,39.3,14.6,281
OK,STILL,25,100708,2008,Fall,602,6,CHECK,0,0.0,1.6,21.1,39.64,67.94,20.14,0.06,93.0,26.54,39.3,14.6,281
OK,STILL,26,100808,2008,Fall,103,1,CHECK,0,0.0,2.4,20.72,41.97,68.8,19.44,0.06,94.38,26.62,35.88,13.5,282
OK,STILL,26,100808,2008,Fall,205,2,CHECK,0,0.0,2.4,20.72,41.97,68.8,19.44,0.06,94.38,26.62,35.88,13.5,282
OK,STILL,26,100808,2008,Fall,301,3,CHECK,0,0.0,2.4,20.72,41.97,68.8,19.44,0.06,94.38,26.62,35.88,13.5,282
OK,STILL,26,100808,2008,Fall,404,4,CHECK,0,0.0,2.4,20.72,41.97,68.8,19.44,0.06,94.38,26.62,35.88,13.5,282
OK,STILL,26,100808,2008,Fall,504,5,CHECK,0,0.0,2.4,20.72,41.97,68.8,19.44,0.06,94.38,26.62,35.88,13.5,282
OK,STILL,26,100808,2008,Fall,602,6,CHECK,0,0.0,2.4,20.72,41.97,68.8,19.44,0.06,94.38,26.62,35.88,13.5,282
OK,STILL,27,100908,2008,Fall,103,1,CHECK,0,4.0,3.19,20.37,43.8,68.12,18.79,0.06,96.76,26.54,33.1,12.02,283
OK,STILL,27,100908,2008,Fall,205,2,CHECK,0,1.0,3.19,20.37,43.8,68.12,18.79,0.06,96.76,26.54,33.1,12.02,283
OK,STILL,27,100908,2008,Fall,301,3,CHECK,0,4.0,3.19,20.37,43.8,68.12,18.79,0.06,96.76,26.54,33.1,12.02,283
OK,STILL,27,100908,2008,Fall,404,4,CHECK,0,5.0,3.19,20.37,43.8,68.12,18.79,0.06,96.76,26.54,33.1,12.02,283
OK,STILL,27,100908,2008,Fall,504,5,CHECK,0,5.0,3.19,20.37,43.8,68.12,18.79,0.06,96.76,26.54,33.1,12.02,283
OK,STILL,27,100908,2008,Fall,602,6,CHECK,0,0.0,3.19,20.37,43.8,68.12,18.79,0.06,96.76,26.54,33.1,12.02,283
OK,STILL,28,101008,2008,Fall,103,1,CHECK,0,0.0,3.22,19.99,45.19,67.5,18.32,0.06,95.92,26.58,32.98,11.0,284
OK,STILL,28,101008,2008,Fall,205,2,CHECK,0,0.0,3.22,19.99,45.19,67.5,18.32,0.06,95.92,26.58,32.98,11.0,284
OK,STILL,28,101008,2008,Fall,301,3,CHECK,0,0.0,3.22,19.99,45.19,67.5,18.32,0.06,95.92,26.58,32.98,11.0,284
OK,STILL,28,101008,2008,Fall,404,4,CHECK,0,0.0,3.22,19.99,45.19,67.5,18.32,0.06,95.92,26.58,32.98,11.0,284
OK,STILL,28,101008,2008,Fall,504,5,CHECK,0,0.0,3.22,19.99,45.19,67.5,18.32,0.06,95.92,26.58,32.98,11.0,284
OK,STILL,28,101008,2008,Fall,602,6,CHECK,0,0.0,3.22,19.99,45.19,67.5,18.32,0.06,95.92,26.58,32.98,11.0,284
OK,STILL,29,101108,2008,Fall,103,1,CHECK,0,10.0,3.03,19.82,46.32,65.89,18.44,0.01,95.52,27.3,30.2,10.54,285
OK,STILL,29,101108,2008,Fall,205,2,CHECK,0,7.0,3.03,19.82,46.32,65.89,18.44,0.01,95.52,27.3,30.2,10.54,285
OK,STILL,29,101108,2008,Fall,301,3,CHECK,0,2.0,3.03,19.82,46.32,65.89,18.44,0.01,95.52,27.3,30.2,10.54,285
OK,STILL,29,101108,2008,Fall,404,4,CHECK,0,9.0,3.03,19.82,46.32,65.89,18.44,0.01,95.52,27.3,30.2,10.54,285
OK,STILL,29,101108,2008,Fall,504,5,CHECK,0,2.0,3.03,19.82,46.32,65.89,18.44,0.01,95.52,27.3,30.2,10.54,285
OK,STILL,29,101108,2008,Fall,602,6,CHECK,0,2.0,3.03,19.82,46.32,65.89,18.44,0.01,95.52,27.3,30.2,10.54,285
OK,STILL,30,101208,2008,Fall,103,1,CHECK,0,6.0,2.99,20.04,47.72,66.87,19.45,0.0,95.18,28.56,32.56,11.92,286
OK,STILL,30,101208,2008,Fall,205,2,CHECK,0,11.0,2.99,20.04,47.72,66.87,19.45,0.0,95.18,28.56,32.56,11.92,286
OK,STILL,30,101208,2008,Fall,301,3,CHECK,0,3.0,2.99,20.04,47.72,66.87,19.45,0.0,95.18,28.56,32.56,11.92,286
OK,STILL,30,101208,2008,Fall,404,4,CHECK,0,4.0,2.99,20.04,47.72,66.87,19.45,0.0,95.18,28.56,32.56,11.92,286
OK,STILL,30,101208,2008,Fall,504,5,CHECK,0,6.0,2.99,20.04,47.72,66.87,19.45,0.0,95.18,28.56,32.56,11.92,286
OK,STILL,30,101208,2008,Fall,602,6,CHECK,0,3.0,2.99,20.04,47.72,66.87,19.45,0.0,95.18,28.56,32.56,11.92,286
OK,STILL,31,101308,2008,Fall,103,1,CHECK,0,8.0,2.89,20.42,48.67,70.74,20.28,0.04,95.04,27.7,43.48,13.56,287
OK,STILL,31,101308,2008,Fall,205,2,CHECK,0,5.0,2.89,20.42,48.67,70.74,20.28,0.04,95.04,27.7,43.48,13.56,287
OK,STILL,31,101308,2008,Fall,301,3,CHECK,0,9.0,2.89,20.42,48.67,70.74,20.28,0.04,95.04,27.7,43.48,13.56,287
OK,STILL,31,101308,2008,Fall,404,4,CHECK,0,2.0,2.89,20.42,48.67,70.74,20.28,0.04,95.04,27.7,43.48,13.56,287
OK,STILL,31,101308,2008,Fall,504,5,CHECK,0,6.0,2.89,20.42,48.67,70.74,20.28,0.04,95.04,27.7,43.48,13.56,287
OK,STILL,31,101308,2008,Fall,602,6,CHECK,0,4.0,2.89,20.42,48.67,70.74,20.28,0.04,95.04,27.7,43.48,13.56,287
OK,STILL,32,101408,2008,Fall,103,1,CHECK,0,3.0,3.26,20.29,40.61,77.25,19.81,0.19,95.08,26.66,53.98,14.22,288
OK,STILL,32,101408,2008,Fall,205,2,CHECK,0,14.0,3.26,20.29,40.61,77.25,19.81,0.19,95.08,26.66,53.98,14.22,288
OK,STILL,32,101408,2008,Fall,301,3,CHECK,0,2.0,3.26,20.29,40.61,77.25,19.81,0.19,95.08,26.66,53.98,14.22,288
OK,STILL,32,101408,2008,Fall,404,4,CHECK,0,0.0,3.26,20.29,40.61,77.25,19.81,0.19,95.08,26.66,53.98,14.22,288
OK,STILL,32,101408,2008,Fall,504,5,CHECK,0,6.0,3.26,20.29,40.61,77.25,19.81,0.19,95.08,26.66,53.98,14.22,288
OK,STILL,32,101408,2008,Fall,602,6,CHECK,0,5.0,3.26,20.29,40.61,77.25,19.81,0.19,95.08,26.66,53.98,14.22,288
OK,STILL,33,101508,2008,Fall,103,1,CHECK,0,7.0,4.3,19.88,32.32,84.96,18.13,0.24,97.96,23.74,66.38,13.8,289
OK,STILL,33,101508,2008,Fall,205,2,CHECK,0,2.0,4.3,19.88,32.32,84.96,18.13,0.24,97.96,23.74,66.38,13.8,289
OK,STILL,33,101508,2008,Fall,301,3,CHECK,0,6.0,4.3,19.88,32.32,84.96,18.13,0.24,97.96,23.74,66.38,13.8,289
OK,STILL,33,101508,2008,Fall,404,4,CHECK,0,9.0,4.3,19.88,32.32,84.96,18.13,0.24,97.96,23.74,66.38,13.8,289
OK,STILL,33,101508,2008,Fall,504,5,CHECK,0,5.0,4.3,19.88,32.32,84.96,18.13,0.24,97.96,23.74,66.38,13.8,289
OK,STILL,33,101508,2008,Fall,602,6,CHECK,0,3.0,4.3,19.88,32.32,84.96,18.13,0.24,97.96,23.74,66.38,13.8,289
OK,STILL,34,101608,2008,Fall,103,1,CHECK,0,2.0,4.73,19.06,23.75,85.67,16.14,0.24,98.94,21.96,63.34,11.8,290
OK,STILL,34,101608,2008,Fall,205,2,CHECK,0,2.0,4.73,19.06,23.75,85.67,16.14,0.24,98.94,21.96,63.34,11.8,290
OK,STILL,34,101608,2008,Fall,301,3,CHECK,0,5.0,4.73,19.06,23.75,85.67,16.14,0.24,98.94,21.96,63.34,11.8,290
OK,STILL,34,101608,2008,Fall,404,4,CHECK,0,4.0,4.73,19.06,23.75,85.67,16.14,0.24,98.94,21.96,63.34,11.8,290
OK,STILL,34,101608,2008,Fall,504,5,CHECK,0,3.0,4.73,19.06,23.75,85.67,16.14,0.24,98.94,21.96,63.34,11.8,290
OK,STILL,34,101608,2008,Fall,602,6,CHECK,0,2.0,4.73,19.06,23.75,85.67,16.14,0.24,98.94,21.96,63.34,11.8,290
OK,STILL,35,101708,2008,Fall,103,1,CHECK,0,1.0,5.43,18.18,15.11,86.36,14.17,0.24,99.86,21.04,62.04,8.8,291
OK,STILL,35,101708,2008,Fall,205,2,CHECK,0,2.0,5.43,18.18,15.11,86.36,14.17,0.24,99.86,21.04,62.04,8.8,291
OK,STILL,35,101708,2008,Fall,301,3,CHECK,0,3.0,5.43,18.18,15.11,86.36,14.17,0.24,99.86,21.04,62.04,8.8,291
OK,STILL,35,101708,2008,Fall,404,4,CHECK,0,1.0,5.43,18.18,15.11,86.36,14.17,0.24,99.86,21.04,62.04,8.8,291
OK,STILL,35,101708,2008,Fall,504,5,CHECK,0,2.0,5.43,18.18,15.11,86.36,14.17,0.24,99.86,21.04,62.04,8.8,291
OK,STILL,35,101708,2008,Fall,602,6,CHECK,0,3.0,5.43,18.18,15.11,86.36,14.17,0.24,99.86,21.04,62.04,8.8,291
OK,STILL,1,42909,2009,Spring,102,1,CHECK,0,48.0,2.44,19.34,20.51,80.58,26.99,0.0,91.56,23.7,65.08,14.88,119
OK,STILL,1,42909,2009,Spring,202,2,CHECK,0,27.0,2.44,19.34,20.51,80.58,26.99,0.0,91.56,23.7,65.08,14.88,119
OK,STILL,1,42909,2009,Spring,301,3,CHECK,0,44.0,2.44,19.34,20.51,80.58,26.99,0.0,91.56,23.7,65.08,14.88,119
OK,STILL,1,42909,2009,Spring,402,4,CHECK,0,11.0,2.44,19.34,20.51,80.58,26.99,0.0,91.56,23.7,65.08,14.88,119
OK,STILL,1,42909,2009,Spring,502,5,CHECK,0,17.0,2.44,19.34,20.51,80.58,26.99,0.0,91.56,23.7,65.08,14.88,119
OK,STILL,1,42909,2009,Spring,601,6,CHECK,0,8.0,2.44,19.34,20.51,80.58,26.99,0.0,91.56,23.7,65.08,14.88,119
OK,STILL,2,43009,2009,Spring,102,1,CHECK,0,33.0,2.74,18.85,19.75,84.75,29.31,0.0,95.22,22.78,70.42,14.06,120
OK,STILL,2,43009,2009,Spring,202,2,CHECK,0,48.0,2.74,18.85,19.75,84.75,29.31,0.0,95.22,22.78,70.42,14.06,120
OK,STILL,2,43009,2009,Spring,301,3,CHECK,0,47.0,2.74,18.85,19.75,84.75,29.31,0.0,95.22,22.78,70.42,14.06,120
OK,STILL,2,43009,2009,Spring,402,4,CHECK,0,33.0,2.74,18.85,19.75,84.75,29.31,0.0,95.22,22.78,70.42,14.06,120
OK,STILL,2,43009,2009,Spring,502,5,CHECK,0,15.0,2.74,18.85,19.75,84.75,29.31,0.0,95.22,22.78,70.42,14.06,120
OK,STILL,2,43009,2009,Spring,601,6,CHECK,0,13.0,2.74,18.85,19.75,84.75,29.31,0.0,95.22,22.78,70.42,14.06,120
OK,STILL,3,50109,2009,Spring,102,1,CHECK,0,17.0,4.29,18.41,18.18,90.38,32.43,0.0,97.42,21.57,77.16,12.33,121
OK,STILL,3,50109,2009,Spring,202,2,CHECK,0,30.0,4.29,18.41,18.18,90.38,32.43,0.0,97.42,21.57,77.16,12.33,121
OK,STILL,3,50109,2009,Spring,301,3,CHECK,0,16.0,4.29,18.41,18.18,90.38,32.43,0.0,97.42,21.57,77.16,12.33,121
OK,STILL,3,50109,2009,Spring,402,4,CHECK,0,9.0,4.29,18.41,18.18,90.38,32.43,0.0,97.42,21.57,77.16,12.33,121
OK,STILL,3,50109,2009,Spring,502,5,CHECK,0,6.0,4.29,18.41,18.18,90.38,32.43,0.0,97.42,21.57,77.16,12.33,121
OK,STILL,3,50109,2009,Spring,601,6,CHECK,0,2.0,4.29,18.41,18.18,90.38,32.43,0.0,97.42,21.57,77.16,12.33,121
OK,STILL,4,50209,2009,Spring,102,1,CHECK,0,32.0,4.45,17.77,18.64,90.68,32.6,0.0,98.54,19.4,79.48,11.87,122
OK,STILL,4,50209,2009,Spring,202,2,CHECK,0,12.0,4.45,17.77,18.64,90.68,32.6,0.0,98.54,19.4,79.48,11.87,122
OK,STILL,4,50209,2009,Spring,301,3,CHECK,0,12.0,4.45,17.77,18.64,90.68,32.6,0.0,98.54,19.4,79.48,11.87,122
OK,STILL,4,50209,2009,Spring,402,4,CHECK,0,18.0,4.45,17.77,18.64,90.68,32.6,0.0,98.54,19.4,79.48,11.87,122
OK,STILL,4,50209,2009,Spring,502,5,CHECK,0,6.0,4.45,17.77,18.64,90.68,32.6,0.0,98.54,19.4,79.48,11.87,122
OK,STILL,4,50209,2009,Spring,601,6,CHECK,0,5.0,4.45,17.77,18.64,90.68,32.6,0.0,98.54,19.4,79.48,11.87,122
OK,STILL,5,50309,2009,Spring,102,1,CHECK,0,23.0,4.74,17.58,19.3,89.9,32.17,0.0,98.38,19.39,76.66,12.32,123
OK,STILL,5,50309,2009,Spring,202,2,CHECK,0,34.0,4.74,17.58,19.3,89.9,32.17,0.0,98.38,19.39,76.66,12.32,123
OK,STILL,5,50309,2009,Spring,301,3,CHECK,0,49.0,4.74,17.58,19.3,89.9,32.17,0.0,98.38,19.39,76.66,12.32,123
OK,STILL,5,50309,2009,Spring,402,4,CHECK,0,19.0,4.74,17.58,19.3,89.9,32.17,0.0,98.38,19.39,76.66,12.32,123
OK,STILL,5,50309,2009,Spring,502,5,CHECK,0,10.0,4.74,17.58,19.3,89.9,32.17,0.0,98.38,19.39,76.66,12.32,123
OK,STILL,5,50309,2009,Spring,601,6,CHECK,0,17.0,4.74,17.58,19.3,89.9,32.17,0.0,98.38,19.39,76.66,12.32,123
OK,STILL,6,50409,2009,Spring,102,1,CHECK,0,22.0,5.02,17.34,19.74,88.74,31.52,0.0,98.62,18.69,73.0,11.56,124
OK,STILL,6,50409,2009,Spring,202,2,CHECK,0,44.0,5.02,17.34,19.74,88.74,31.52,0.0,98.62,18.69,73.0,11.56,124
OK,STILL,6,50409,2009,Spring,301,3,CHECK,0,20.0,5.02,17.34,19.74,88.74,31.52,0.0,98.62,18.69,73.0,11.56,124
OK,STILL,6,50409,2009,Spring,402,4,CHECK,0,18.0,5.02,17.34,19.74,88.74,31.52,0.0,98.62,18.69,73.0,11.56,124
OK,STILL,6,50409,2009,Spring,502,5,CHECK,0,8.0,5.02,17.34,19.74,88.74,31.52,0.0,98.62,18.69,73.0,11.56,124
OK,STILL,6,50409,2009,Spring,601,6,CHECK,0,11.0,5.02,17.34,19.74,88.74,31.52,0.0,98.62,18.69,73.0,11.56,124
OK,STILL,7,50509,2009,Spring,102,1,CHECK,0,12.0,6.79,16.82,19.83,91.09,32.83,0.0,99.22,17.22,76.7,10.69,125
OK,STILL,7,50509,2009,Spring,202,2,CHECK,0,20.0,6.79,16.82,19.83,91.09,32.83,0.0,99.22,17.22,76.7,10.69,125
OK,STILL,7,50509,2009,Spring,301,3,CHECK,0,7.0,6.79,16.82,19.83,91.09,32.83,0.0,99.22,17.22,76.7,10.69,125
OK,STILL,7,50509,2009,Spring,402,4,CHECK,0,5.0,6.79,16.82,19.83,91.09,32.83,0.0,99.22,17.22,76.7,10.69,125
OK,STILL,7,50509,2009,Spring,502,5,CHECK,0,3.0,6.79,16.82,19.83,91.09,32.83,0.0,99.22,17.22,76.7,10.69,125
OK,STILL,7,50509,2009,Spring,601,6,CHECK,0,2.0,6.79,16.82,19.83,91.09,32.83,0.0,99.22,17.22,76.7,10.69,125
OK,STILL,8,50609,2009,Spring,102,1,CHECK,0,13.0,6.23,16.78,19.79,88.59,31.44,0.0,99.2,18.66,69.5,11.5,126
OK,STILL,8,50609,2009,Spring,202,2,CHECK,0,14.0,6.23,16.78,19.79,88.59,31.44,0.0,99.2,18.66,69.5,11.5,126
OK,STILL,8,50609,2009,Spring,301,3,CHECK,0,9.0,6.23,16.78,19.79,88.59,31.44,0.0,99.2,18.66,69.5,11.5,126
OK,STILL,8,50609,2009,Spring,402,4,CHECK,0,7.0,6.23,16.78,19.79,88.59,31.44,0.0,99.2,18.66,69.5,11.5,126
OK,STILL,8,50609,2009,Spring,502,5,CHECK,0,3.0,6.23,16.78,19.79,88.59,31.44,0.0,99.2,18.66,69.5,11.5,126
OK,STILL,8,50609,2009,Spring,601,6,CHECK,0,4.0,6.23,16.78,19.79,88.59,31.44,0.0,99.2,18.66,69.5,11.5,126
OK,STILL,9,50709,2009,Spring,102,1,CHECK,0,16.0,6.46,17.5,20.01,88.49,31.38,0.0,99.62,21.46,66.94,12.0,127
OK,STILL,9,50709,2009,Spring,202,2,CHECK,0,2.0,6.46,17.5,20.01,88.49,31.38,0.0,99.62,21.46,66.94,12.0,127
OK,STILL,9,50709,2009,Spring,301,3,CHECK,0,11.0,6.46,17.5,20.01,88.49,31.38,0.0,99.62,21.46,66.94,12.0,127
OK,STILL,9,50709,2009,Spring,402,4,CHECK,0,12.0,6.46,17.5,20.01,88.49,31.38,0.0,99.62,21.46,66.94,12.0,127
OK,STILL,9,50709,2009,Spring,502,5,CHECK,0,4.0,6.46,17.5,20.01,88.49,31.38,0.0,99.62,21.46,66.94,12.0,127
OK,STILL,9,50709,2009,Spring,601,6,CHECK,0,8.0,6.46,17.5,20.01,88.49,31.38,0.0,99.62,21.46,66.94,12.0,127
OK,STILL,10,50809,2009,Spring,102,1,CHECK,0,2.0,5.55,18.58,20.24,86.64,30.35,0.0,98.36,23.27,66.48,13.87,128
OK,STILL,10,50809,2009,Spring,202,2,CHECK,0,5.0,5.55,18.58,20.24,86.64,30.35,0.0,98.36,23.27,66.48,13.87,128
OK,STILL,10,50809,2009,Spring,301,3,CHECK,0,8.0,5.55,18.58,20.24,86.64,30.35,0.0,98.36,23.27,66.48,13.87,128
OK,STILL,10,50809,2009,Spring,402,4,CHECK,0,4.0,5.55,18.58,20.24,86.64,30.35,0.0,98.36,23.27,66.48,13.87,128
OK,STILL,10,50809,2009,Spring,502,5,CHECK,0,1.0,5.55,18.58,20.24,86.64,30.35,0.0,98.36,23.27,66.48,13.87,128
OK,STILL,10,50809,2009,Spring,601,6,CHECK,0,2.0,5.55,18.58,20.24,86.64,30.35,0.0,98.36,23.27,66.48,13.87,128
OK,STILL,11,50909,2009,Spring,102,1,CHECK,0,7.0,4.36,19.41,20.48,79.49,26.38,0.0,92.7,24.1,61.54,14.93,129
OK,STILL,11,50909,2009,Spring,202,2,CHECK,0,6.0,4.36,19.41,20.48,79.49,26.38,0.0,92.7,24.1,61.54,14.93,129
OK,STILL,11,50909,2009,Spring,301,3,CHECK,0,11.0,4.36,19.41,20.48,79.49,26.38,0.0,92.7,24.1,61.54,14.93,129
OK,STILL,11,50909,2009,Spring,402,4,CHECK,0,9.0,4.36,19.41,20.48,79.49,26.38,0.0,92.7,24.1,61.54,14.93,129
OK,STILL,11,50909,2009,Spring,502,5,CHECK,0,3.0,4.36,19.41,20.48,79.49,26.38,0.0,92.7,24.1,61.54,14.93,129
OK,STILL,11,50909,2009,Spring,601,6,CHECK,0,5.0,4.36,19.41,20.48,79.49,26.38,0.0,92.7,24.1,61.54,14.93,129
OK,STILL,12,51009,2009,Spring,102,1,CHECK,0,4.0,2.44,20.0,21.26,75.26,24.03,0.0,91.0,24.56,56.26,15.14,130
OK,STILL,12,51009,2009,Spring,202,2,CHECK,0,1.0,2.44,20.0,21.26,75.26,24.03,0.0,91.0,24.56,56.26,15.14,130
OK,STILL,12,51009,2009,Spring,301,3,CHECK,0,8.0,2.44,20.0,21.26,75.26,24.03,0.0,91.0,24.56,56.26,15.14,130
OK,STILL,12,51009,2009,Spring,402,4,CHECK,0,2.0,2.44,20.0,21.26,75.26,24.03,0.0,91.0,24.56,56.26,15.14,130
OK,STILL,12,51009,2009,Spring,502,5,CHECK,0,0.0,2.44,20.0,21.26,75.26,24.03,0.0,91.0,24.56,56.26,15.14,130
OK,STILL,12,51009,2009,Spring,601,6,CHECK,0,2.0,2.44,20.0,21.26,75.26,24.03,0.0,91.0,24.56,56.26,15.14,130
OK,STILL,13,51109,2009,Spring,102,1,CHECK,0,7.0,1.67,20.12,22.23,73.6,23.11,0.0,90.26,23.34,56.08,14.46,131
OK,STILL,13,51109,2009,Spring,202,2,CHECK,0,2.0,1.67,20.12,22.23,73.6,23.11,0.0,90.26,23.34,56.08,14.46,131
OK,STILL,13,51109,2009,Spring,301,3,CHECK,0,1.0,1.67,20.12,22.23,73.6,23.11,0.0,90.26,23.34,56.08,14.46,131
OK,STILL,13,51109,2009,Spring,402,4,CHECK,0,4.0,1.67,20.12,22.23,73.6,23.11,0.0,90.26,23.34,56.08,14.46,131
OK,STILL,13,51109,2009,Spring,502,5,CHECK,0,8.0,1.67,20.12,22.23,73.6,23.11,0.0,90.26,23.34,56.08,14.46,131
OK,STILL,13,51109,2009,Spring,601,6,CHECK,0,1.0,1.67,20.12,22.23,73.6,23.11,0.0,90.26,23.34,56.08,14.46,131
OK,STILL,14,51209,2009,Spring,102,1,CHECK,0,14.0,1.08,19.9,23.35,74.83,23.79,0.0,89.5,21.49,60.68,14.81,132
OK,STILL,14,51209,2009,Spring,202,2,CHECK,0,5.0,1.08,19.9,23.35,74.83,23.79,0.0,89.5,21.49,60.68,14.81,132
OK,STILL,14,51209,2009,Spring,301,3,CHECK,0,5.0,1.08,19.9,23.35,74.83,23.79,0.0,89.5,21.49,60.68,14.81,132
OK,STILL,14,51209,2009,Spring,402,4,CHECK,0,19.0,1.08,19.9,23.35,74.83,23.79,0.0,89.5,21.49,60.68,14.81,132
OK,STILL,14,51209,2009,Spring,502,5,CHECK,0,11.0,1.08,19.9,23.35,74.83,23.79,0.0,89.5,21.49,60.68,14.81,132
OK,STILL,14,51209,2009,Spring,601,6,CHECK,0,7.0,1.08,19.9,23.35,74.83,23.79,0.0,89.5,21.49,60.68,14.81,132
OK,STILL,15,51309,2009,Spring,102,1,CHECK,0,12.0,1.13,19.69,23.91,72.45,22.47,0.0,89.02,22.5,55.94,14.48,133
OK,STILL,15,51309,2009,Spring,202,2,CHECK,0,7.0,1.13,19.69,23.91,72.45,22.47,0.0,89.02,22.5,55.94,14.48,133
OK,STILL,15,51309,2009,Spring,301,3,CHECK,0,5.0,1.13,19.69,23.91,72.45,22.47,0.0,89.02,22.5,55.94,14.48,133
OK,STILL,15,51309,2009,Spring,402,4,CHECK,0,3.0,1.13,19.69,23.91,72.45,22.47,0.0,89.02,22.5,55.94,14.48,133
OK,STILL,15,51309,2009,Spring,502,5,CHECK,0,16.0,1.13,19.69,23.91,72.45,22.47,0.0,89.02,22.5,55.94,14.48,133
OK,STILL,15,51309,2009,Spring,601,6,CHECK,0,5.0,1.13,19.69,23.91,72.45,22.47,0.0,89.02,22.5,55.94,14.48,133
OK,STILL,16,51409,2009,Spring,102,1,CHECK,0,3.0,1.33,19.73,23.93,76.58,24.77,0.0,93.24,22.87,57.76,14.4,134
OK,STILL,16,51409,2009,Spring,202,2,CHECK,0,4.0,1.33,19.73,23.93,76.58,24.77,0.0,93.24,22.87,57.76,14.4,134
OK,STILL,16,51409,2009,Spring,301,3,CHECK,0,11.0,1.33,19.73,23.93,76.58,24.77,0.0,93.24,22.87,57.76,14.4,134
OK,STILL,16,51409,2009,Spring,402,4,CHECK,0,3.0,1.33,19.73,23.93,76.58,24.77,0.0,93.24,22.87,57.76,14.4,134
OK,STILL,16,51409,2009,Spring,502,5,CHECK,0,0.0,1.33,19.73,23.93,76.58,24.77,0.0,93.24,22.87,57.76,14.4,134
OK,STILL,16,51409,2009,Spring,601,6,CHECK,0,8.0,1.33,19.73,23.93,76.58,24.77,0.0,93.24,22.87,57.76,14.4,134
OK,STILL,17,51509,2009,Spring,102,1,CHECK,0,3.0,1.34,20.38,23.64,75.96,24.42,0.0,94.02,25.14,54.0,15.32,135
OK,STILL,17,51509,2009,Spring,202,2,CHECK,0,5.0,1.34,20.38,23.64,75.96,24.42,0.0,94.02,25.14,54.0,15.32,135
OK,STILL,17,51509,2009,Spring,301,3,CHECK,0,1.0,1.34,20.38,23.64,75.96,24.42,0.0,94.02,25.14,54.0,15.32,135
OK,STILL,17,51509,2009,Spring,402,4,CHECK,0,0.0,1.34,20.38,23.64,75.96,24.42,0.0,94.02,25.14,54.0,15.32,135
OK,STILL,17,51509,2009,Spring,502,5,CHECK,0,2.0,1.34,20.38,23.64,75.96,24.42,0.0,94.02,25.14,54.0,15.32,135
OK,STILL,17,51509,2009,Spring,601,6,CHECK,0,3.0,1.34,20.38,23.64,75.96,24.42,0.0,94.02,25.14,54.0,15.32,135
OK,STILL,18,51609,2009,Spring,102,1,CHECK,0,4.0,1.51,20.95,23.02,73.54,23.08,0.0,94.28,25.03,49.02,15.5,136
OK,STILL,18,51609,2009,Spring,202,2,CHECK,0,5.0,1.51,20.95,23.02,73.54,23.08,0.0,94.28,25.03,49.02,15.5,136
OK,STILL,18,51609,2009,Spring,301,3,CHECK,0,4.0,1.51,20.95,23.02,73.54,23.08,0.0,94.28,25.03,49.02,15.5,136
OK,STILL,18,51609,2009,Spring,402,4,CHECK,0,10.0,1.51,20.95,23.02,73.54,23.08,0.0,94.28,25.03,49.02,15.5,136
OK,STILL,18,51609,2009,Spring,502,5,CHECK,0,14.0,1.51,20.95,23.02,73.54,23.08,0.0,94.28,25.03,49.02,15.5,136
OK,STILL,18,51609,2009,Spring,601,6,CHECK,0,0.0,1.51,20.95,23.02,73.54,23.08,0.0,94.28,25.03,49.02,15.5,136
OK,STILL,19,51709,2009,Spring,102,1,CHECK,0,8.0,1.88,21.32,22.14,66.58,19.21,0.0,94.82,25.78,35.2,14.07,137
OK,STILL,19,51709,2009,Spring,202,2,CHECK,0,8.0,1.88,21.32,22.14,66.58,19.21,0.0,94.82,25.78,35.2,14.07,137
OK,STILL,19,51709,2009,Spring,301,3,CHECK,0,5.0,1.88,21.32,22.14,66.58,19.21,0.0,94.82,25.78,35.2,14.07,137
OK,STILL,19,51709,2009,Spring,402,4,CHECK,0,0.0,1.88,21.32,22.14,66.58,19.21,0.0,94.82,25.78,35.2,14.07,137
OK,STILL,19,51709,2009,Spring,502,5,CHECK,0,1.0,1.88,21.32,22.14,66.58,19.21,0.0,94.82,25.78,35.2,14.07,137
OK,STILL,19,51709,2009,Spring,601,6,CHECK,0,4.0,1.88,21.32,22.14,66.58,19.21,0.0,94.82,25.78,35.2,14.07,137
OK,STILL,20,51809,2009,Spring,102,1,CHECK,0,0.0,2.51,21.29,21.98,66.0,18.89,0.0,96.72,24.61,34.24,11.77,138
OK,STILL,20,51809,2009,Spring,202,2,CHECK,0,0.0,2.51,21.29,21.98,66.0,18.89,0.0,96.72,24.61,34.24,11.77,138
OK,STILL,20,51809,2009,Spring,301,3,CHECK,0,0.0,2.51,21.29,21.98,66.0,18.89,0.0,96.72,24.61,34.24,11.77,138
OK,STILL,20,51809,2009,Spring,402,4,CHECK,0,2.0,2.51,21.29,21.98,66.0,18.89,0.0,96.72,24.61,34.24,11.77,138
OK,STILL,20,51809,2009,Spring,502,5,CHECK,0,1.0,2.51,21.29,21.98,66.0,18.89,0.0,96.72,24.61,34.24,11.77,138
OK,STILL,20,51809,2009,Spring,601,6,CHECK,0,0.0,2.51,21.29,21.98,66.0,18.89,0.0,96.72,24.61,34.24,11.77,138
OK,STILL,21,51909,2009,Spring,102,1,CHECK,0,0.0,2.8,21.37,22.46,63.47,17.49,0.0,97.68,25.41,30.84,10.84,139
OK,STILL,21,51909,2009,Spring,202,2,CHECK,0,0.0,2.8,21.37,22.46,63.47,17.49,0.0,97.68,25.41,30.84,10.84,139
OK,STILL,21,51909,2009,Spring,301,3,CHECK,0,1.0,2.8,21.37,22.46,63.47,17.49,0.0,97.68,25.41,30.84,10.84,139
OK,STILL,21,51909,2009,Spring,402,4,CHECK,0,1.0,2.8,21.37,22.46,63.47,17.49,0.0,97.68,25.41,30.84,10.84,139
OK,STILL,21,51909,2009,Spring,502,5,CHECK,0,0.0,2.8,21.37,22.46,63.47,17.49,0.0,97.68,25.41,30.84,10.84,139
OK,STILL,21,51909,2009,Spring,601,6,CHECK,0,0.0,2.8,21.37,22.46,63.47,17.49,0.0,97.68,25.41,30.84,10.84,139
OK,STILL,22,52009,2009,Spring,102,1,CHECK,0,0.0,3.37,21.21,23.63,60.67,15.93,0.0,98.16,24.87,26.88,9.58,140
OK,STILL,22,52009,2009,Spring,202,2,CHECK,0,0.0,3.37,21.21,23.63,60.67,15.93,0.0,98.16,24.87,26.88,9.58,140
OK,STILL,22,52009,2009,Spring,301,3,CHECK,0,0.0,3.37,21.21,23.63,60.67,15.93,0.0,98.16,24.87,26.88,9.58,140
OK,STILL,22,52009,2009,Spring,402,4,CHECK,0,0.0,3.37,21.21,23.63,60.67,15.93,0.0,98.16,24.87,26.88,9.58,140
OK,STILL,22,52009,2009,Spring,502,5,CHECK,0,0.0,3.37,21.21,23.63,60.67,15.93,0.0,98.16,24.87,26.88,9.58,140
OK,STILL,22,52009,2009,Spring,601,6,CHECK,0,0.0,3.37,21.21,23.63,60.67,15.93,0.0,98.16,24.87,26.88,9.58,140
OK,STILL,23,52109,2009,Spring,102,1,CHECK,0,0.0,3.4,21.24,25.89,59.86,15.48,0.0,98.22,26.49,26.78,9.47,141
OK,STILL,23,52109,2009,Spring,202,2,CHECK,0,0.0,3.4,21.24,25.89,59.86,15.48,0.0,98.22,26.49,26.78,9.47,141
OK,STILL,23,52109,2009,Spring,301,3,CHECK,0,0.0,3.4,21.24,25.89,59.86,15.48,0.0,98.22,26.49,26.78,9.47,141
OK,STILL,23,52109,2009,Spring,402,4,CHECK,0,0.0,3.4,21.24,25.89,59.86,15.48,0.0,98.22,26.49,26.78,9.47,141
OK,STILL,23,52109,2009,Spring,502,5,CHECK,0,0.0,3.4,21.24,25.89,59.86,15.48,0.0,98.22,26.49,26.78,9.47,141
OK,STILL,23,52109,2009,Spring,601,6,CHECK,0,0.0,3.4,21.24,25.89,59.86,15.48,0.0,98.22,26.49,26.78,9.47,141
OK,STILL,24,52209,2009,Spring,102,1,CHECK,0,0.0,3.99,21.69,29.36,62.2,16.78,0.0,98.02,27.72,31.1,10.98,142
OK,STILL,24,52209,2009,Spring,202,2,CHECK,0,0.0,3.99,21.69,29.36,62.2,16.78,0.0,98.02,27.72,31.1,10.98,142
OK,STILL,24,52209,2009,Spring,301,3,CHECK,0,0.0,3.99,21.69,29.36,62.2,16.78,0.0,98.02,27.72,31.1,10.98,142
OK,STILL,24,52209,2009,Spring,402,4,CHECK,0,0.0,3.99,21.69,29.36,62.2,16.78,0.0,98.02,27.72,31.1,10.98,142
OK,STILL,24,52209,2009,Spring,502,5,CHECK,0,0.0,3.99,21.69,29.36,62.2,16.78,0.0,98.02,27.72,31.1,10.98,142
OK,STILL,24,52209,2009,Spring,601,6,CHECK,0,0.0,3.99,21.69,29.36,62.2,16.78,0.0,98.02,27.72,31.1,10.98,142
OK,STILL,25,52309,2009,Spring,102,1,CHECK,0,4.0,4.42,22.35,33.61,63.71,17.62,0.0,97.54,28.62,31.84,12.67,143
OK,STILL,25,52309,2009,Spring,202,2,CHECK,0,2.0,4.42,22.35,33.61,63.71,17.62,0.0,97.54,28.62,31.84,12.67,143
OK,STILL,25,52309,2009,Spring,301,3,CHECK,0,15.0,4.42,22.35,33.61,63.71,17.62,0.0,97.54,28.62,31.84,12.67,143
OK,STILL,25,52309,2009,Spring,402,4,CHECK,0,3.0,4.42,22.35,33.61,63.71,17.62,0.0,97.54,28.62,31.84,12.67,143
OK,STILL,25,52309,2009,Spring,502,5,CHECK,0,6.0,4.42,22.35,33.61,63.71,17.62,0.0,97.54,28.62,31.84,12.67,143
OK,STILL,25,52309,2009,Spring,601,6,CHECK,0,8.0,4.42,22.35,33.61,63.71,17.62,0.0,97.54,28.62,31.84,12.67,143
OK,STILL,26,52409,2009,Spring,102,1,CHECK,0,34.0,5.0,23.03,39.24,66.39,19.11,0.0,97.92,29.04,33.52,13.84,144
OK,STILL,26,52409,2009,Spring,202,2,CHECK,0,63.0,5.0,23.03,39.24,66.39,19.11,0.0,97.92,29.04,33.52,13.84,144
OK,STILL,26,52409,2009,Spring,301,3,CHECK,0,41.0,5.0,23.03,39.24,66.39,19.11,0.0,97.92,29.04,33.52,13.84,144
OK,STILL,26,52409,2009,Spring,402,4,CHECK,0,30.0,5.0,23.03,39.24,66.39,19.11,0.0,97.92,29.04,33.52,13.84,144
OK,STILL,26,52409,2009,Spring,502,5,CHECK,0,24.0,5.0,23.03,39.24,66.39,19.11,0.0,97.92,29.04,33.52,13.84,144
OK,STILL,26,52409,2009,Spring,601,6,CHECK,0,12.0,5.0,23.03,39.24,66.39,19.11,0.0,97.92,29.04,33.52,13.84,144
OK,STILL,27,52509,2009,Spring,102,1,CHECK,0,5.0,5.26,23.72,46.32,68.33,20.18,0.0,98.06,29.68,35.46,14.83,145
OK,STILL,27,52509,2009,Spring,202,2,CHECK,0,4.0,5.26,23.72,46.32,68.33,20.18,0.0,98.06,29.68,35.46,14.83,145
OK,STILL,27,52509,2009,Spring,301,3,CHECK,0,3.0,5.26,23.72,46.32,68.33,20.18,0.0,98.06,29.68,35.46,14.83,145
OK,STILL,27,52509,2009,Spring,402,4,CHECK,0,7.0,5.26,23.72,46.32,68.33,20.18,0.0,98.06,29.68,35.46,14.83,145
OK,STILL,27,52509,2009,Spring,502,5,CHECK,0,5.0,5.26,23.72,46.32,68.33,20.18,0.0,98.06,29.68,35.46,14.83,145
OK,STILL,27,52509,2009,Spring,601,6,CHECK,0,7.0,5.26,23.72,46.32,68.33,20.18,0.0,98.06,29.68,35.46,14.83,145
OK,STILL,28,52609,2009,Spring,102,1,CHECK,0,4.0,5.09,24.34,56.07,70.28,21.27,0.0,97.44,30.04,38.08,16.1,146
OK,STILL,28,52609,2009,Spring,202,2,CHECK,0,3.0,5.09,24.34,56.07,70.28,21.27,0.0,97.44,30.04,38.08,16.1,146
OK,STILL,28,52609,2009,Spring,301,3,CHECK,0,2.0,5.09,24.34,56.07,70.28,21.27,0.0,97.44,30.04,38.08,16.1,146
OK,STILL,28,52609,2009,Spring,402,4,CHECK,0,2.0,5.09,24.34,56.07,70.28,21.27,0.0,97.44,30.04,38.08,16.1,146
OK,STILL,28,52609,2009,Spring,502,5,CHECK,0,1.0,5.09,24.34,56.07,70.28,21.27,0.0,97.44,30.04,38.08,16.1,146
OK,STILL,28,52609,2009,Spring,601,6,CHECK,0,10.0,5.09,24.34,56.07,70.28,21.27,0.0,97.44,30.04,38.08,16.1,146
OK,STILL,29,52709,2009,Spring,102,1,CHECK,0,6.0,4.16,24.21,65.53,71.79,22.11,0.0,96.72,27.74,42.74,15.54,147
OK,STILL,29,52709,2009,Spring,202,2,CHECK,0,5.0,4.16,24.21,65.53,71.79,22.11,0.0,96.72,27.74,42.74,15.54,147
OK,STILL,29,52709,2009,Spring,301,3,CHECK,0,11.0,4.16,24.21,65.53,71.79,22.11,0.0,96.72,27.74,42.74,15.54,147
OK,STILL,29,52709,2009,Spring,402,4,CHECK,0,10.0,4.16,24.21,65.53,71.79,22.11,0.0,96.72,27.74,42.74,15.54,147
OK,STILL,29,52709,2009,Spring,502,5,CHECK,0,6.0,4.16,24.21,65.53,71.79,22.11,0.0,96.72,27.74,42.74,15.54,147
OK,STILL,29,52709,2009,Spring,601,6,CHECK,0,6.0,4.16,24.21,65.53,71.79,22.11,0.0,96.72,27.74,42.74,15.54,147
OK,STILL,30,52809,2009,Spring,102,1,CHECK,0,0.0,4.11,23.7,82.02,71.13,21.74,0.0,97.2,27.07,41.02,14.3,148
OK,STILL,30,52809,2009,Spring,202,2,CHECK,0,0.0,4.11,23.7,82.02,71.13,21.74,0.0,97.2,27.07,41.02,14.3,148
OK,STILL,30,52809,2009,Spring,301,3,CHECK,0,2.0,4.11,23.7,82.02,71.13,21.74,0.0,97.2,27.07,41.02,14.3,148
OK,STILL,30,52809,2009,Spring,402,4,CHECK,0,5.0,4.11,23.7,82.02,71.13,21.74,0.0,97.2,27.07,41.02,14.3,148
OK,STILL,30,52809,2009,Spring,502,5,CHECK,0,4.0,4.11,23.7,82.02,71.13,21.74,0.0,97.2,27.07,41.02,14.3,148
OK,STILL,30,52809,2009,Spring,601,6,CHECK,0,0.0,4.11,23.7,82.02,71.13,21.74,0.0,97.2,27.07,41.02,14.3,148
OK,STILL,31,52909,2009,Spring,102,1,CHECK,0,0.0,4.13,23.36,95.26,67.96,19.98,0.0,97.3,27.63,35.12,13.04,149
OK,STILL,31,52909,2009,Spring,202,2,CHECK,0,0.0,4.13,23.36,95.26,67.96,19.98,0.0,97.3,27.63,35.12,13.04,149
OK,STILL,31,52909,2009,Spring,301,3,CHECK,0,7.0,4.13,23.36,95.26,67.96,19.98,0.0,97.3,27.63,35.12,13.04,149
OK,STILL,31,52909,2009,Spring,402,4,CHECK,0,0.0,4.13,23.36,95.26,67.96,19.98,0.0,97.3,27.63,35.12,13.04,149
OK,STILL,31,52909,2009,Spring,502,5,CHECK,0,0.0,4.13,23.36,95.26,67.96,19.98,0.0,97.3,27.63,35.12,13.04,149
OK,STILL,31,52909,2009,Spring,601,6,CHECK,0,4.0,4.13,23.36,95.26,67.96,19.98,0.0,97.3,27.63,35.12,13.04,149
OK,STILL,32,53009,2009,Spring,102,1,CHECK,0,0.0,3.44,23.14,110.2,64.09,17.83,0.0,96.3,28.39,29.42,12.24,150
OK,STILL,32,53009,2009,Spring,202,2,CHECK,0,0.0,3.44,23.14,110.2,64.09,17.83,0.0,96.3,28.39,29.42,12.24,150
OK,STILL,32,53009,2009,Spring,301,3,CHECK,0,0.0,3.44,23.14,110.2,64.09,17.83,0.0,96.3,28.39,29.42,12.24,150
OK,STILL,32,53009,2009,Spring,402,4,CHECK,0,0.0,3.44,23.14,110.2,64.09,17.83,0.0,96.3,28.39,29.42,12.24,150
OK,STILL,32,53009,2009,Spring,502,5,CHECK,0,0.0,3.44,23.14,110.2,64.09,17.83,0.0,96.3,28.39,29.42,12.24,150
OK,STILL,32,53009,2009,Spring,601,6,CHECK,0,0.0,3.44,23.14,110.2,64.09,17.83,0.0,96.3,28.39,29.42,12.24,150
OK,STILL,33,53109,2009,Spring,102,1,CHECK,0,0.0,3.3,23.05,123.72,59.53,15.29,0.0,96.26,29.08,23.14,11.78,151
OK,STILL,33,53109,2009,Spring,202,2,CHECK,0,0.0,3.3,23.05,123.72,59.53,15.29,0.0,96.26,29.08,23.14,11.78,151
OK,STILL,33,53109,2009,Spring,301,3,CHECK,0,0.0,3.3,23.05,123.72,59.53,15.29,0.0,96.26,29.08,23.14,11.78,151
OK,STILL,33,53109,2009,Spring,402,4,CHECK,0,0.0,3.3,23.05,123.72,59.53,15.29,0.0,96.26,29.08,23.14,11.78,151
OK,STILL,33,53109,2009,Spring,502,5,CHECK,0,0.0,3.3,23.05,123.72,59.53,15.29,0.0,96.26,29.08,23.14,11.78,151
OK,STILL,33,53109,2009,Spring,601,6,CHECK,0,0.0,3.3,23.05,123.72,59.53,15.29,0.0,96.26,29.08,23.14,11.78,151
OK,STILL,34,60109,2009,Spring,102,1,CHECK,0,0.0,3.03,23.58,133.83,54.82,12.68,0.0,92.38,31.77,18.7,13.6,152
OK,STILL,34,60109,2009,Spring,202,2,CHECK,0,0.0,3.03,23.58,133.83,54.82,12.68,0.0,92.38,31.77,18.7,13.6,152
OK,STILL,34,60109,2009,Spring,301,3,CHECK,0,0.0,3.03,23.58,133.83,54.82,12.68,0.0,92.38,31.77,18.7,13.6,152
OK,STILL,34,60109,2009,Spring,402,4,CHECK,0,0.0,3.03,23.58,133.83,54.82,12.68,0.0,92.38,31.77,18.7,13.6,152
OK,STILL,34,60109,2009,Spring,502,5,CHECK,0,0.0,3.03,23.58,133.83,54.82,12.68,0.0,92.38,31.77,18.7,13.6,152
OK,STILL,34,60109,2009,Spring,601,6,CHECK,0,1.0,3.03,23.58,133.83,54.82,12.68,0.0,92.38,31.77,18.7,13.6,152
OK,STILL,35,60209,2009,Spring,102,1,CHECK,0,0.0,2.03,24.2,142.03,54.44,12.47,0.0,88.36,32.33,22.08,15.6,153
OK,STILL,35,60209,2009,Spring,202,2,CHECK,0,0.0,2.03,24.2,142.03,54.44,12.47,0.0,88.36,32.33,22.08,15.6,153
OK,STILL,35,60209,2009,Spring,301,3,CHECK,0,0.0,2.03,24.2,142.03,54.44,12.47,0.0,88.36,32.33,22.08,15.6,153
OK,STILL,35,60209,2009,Spring,402,4,CHECK,0,0.0,2.03,24.2,142.03,54.44,12.47,0.0,88.36,32.33,22.08,15.6,153
OK,STILL,35,60209,2009,Spring,502,5,CHECK,0,0.0,2.03,24.2,142.03,54.44,12.47,0.0,88.36,32.33,22.08,15.6,153
OK,STILL,35,60209,2009,Spring,601,6,CHECK,0,0.0,2.03,24.2,142.03,54.44,12.47,0.0,88.36,32.33,22.08,15.6,153
OK,STILL,36,60309,2009,Spring,102,1,CHECK,0,0.0,1.56,24.25,156.07,58.73,14.85,0.0,87.46,30.19,29.56,16.74,154
OK,STILL,36,60309,2009,Spring,202,2,CHECK,0,0.0,1.56,24.25,156.07,58.73,14.85,0.0,87.46,30.19,29.56,16.74,154
OK,STILL,36,60309,2009,Spring,301,3,CHECK,0,0.0,1.56,24.25,156.07,58.73,14.85,0.0,87.46,30.19,29.56,16.74,154
OK,STILL,36,60309,2009,Spring,402,4,CHECK,0,0.0,1.56,24.25,156.07,58.73,14.85,0.0,87.46,30.19,29.56,16.74,154
OK,STILL,36,60309,2009,Spring,502,5,CHECK,0,4.0,1.56,24.25,156.07,58.73,14.85,0.0,87.46,30.19,29.56,16.74,154
OK,STILL,36,60309,2009,Spring,601,6,CHECK,0,0.0,1.56,24.25,156.07,58.73,14.85,0.0,87.46,30.19,29.56,16.74,154
OK,STILL,37,60409,2009,Spring,102,1,CHECK,0,0.0,2.34,24.01,166.13,61.44,16.36,0.0,88.56,28.74,33.56,16.47,155
OK,STILL,37,60409,2009,Spring,202,2,CHECK,0,0.0,2.34,24.01,166.13,61.44,16.36,0.0,88.56,28.74,33.56,16.47,155
OK,STILL,37,60409,2009,Spring,301,3,CHECK,0,0.0,2.34,24.01,166.13,61.44,16.36,0.0,88.56,28.74,33.56,16.47,155
OK,STILL,37,60409,2009,Spring,402,4,CHECK,0,0.0,2.34,24.01,166.13,61.44,16.36,0.0,88.56,28.74,33.56,16.47,155
OK,STILL,37,60409,2009,Spring,502,5,CHECK,0,0.0,2.34,24.01,166.13,61.44,16.36,0.0,88.56,28.74,33.56,16.47,155
OK,STILL,37,60409,2009,Spring,601,6,CHECK,0,0.0,2.34,24.01,166.13,61.44,16.36,0.0,88.56,28.74,33.56,16.47,155
OK,STILL,38,60509,2009,Spring,102,1,CHECK,0,0.0,2.97,23.83,175.9,64.61,18.11,0.0,88.92,28.02,38.84,16.02,156
OK,STILL,38,60509,2009,Spring,202,2,CHECK,0,1.0,2.97,23.83,175.9,64.61,18.11,0.0,88.92,28.02,38.84,16.02,156
OK,STILL,38,60509,2009,Spring,301,3,CHECK,0,1.0,2.97,23.83,175.9,64.61,18.11,0.0,88.92,28.02,38.84,16.02,156
OK,STILL,38,60509,2009,Spring,402,4,CHECK,0,0.0,2.97,23.83,175.9,64.61,18.11,0.0,88.92,28.02,38.84,16.02,156
OK,STILL,38,60509,2009,Spring,502,5,CHECK,0,0.0,2.97,23.83,175.9,64.61,18.11,0.0,88.92,28.02,38.84,16.02,156
OK,STILL,38,60509,2009,Spring,601,6,CHECK,0,1.0,2.97,23.83,175.9,64.61,18.11,0.0,88.92,28.02,38.84,16.02,156
OK,STILL,39,60609,2009,Spring,102,1,CHECK,0,0.0,2.97,23.71,188.46,64.98,18.32,0.0,87.48,28.19,39.32,16.0,157
OK,STILL,39,60609,2009,Spring,202,2,CHECK,0,0.0,2.97,23.71,188.46,64.98,18.32,0.0,87.48,28.19,39.32,16.0,157
OK,STILL,39,60609,2009,Spring,301,3,CHECK,0,0.0,2.97,23.71,188.46,64.98,18.32,0.0,87.48,28.19,39.32,16.0,157
OK,STILL,39,60609,2009,Spring,402,4,CHECK,0,0.0,2.97,23.71,188.46,64.98,18.32,0.0,87.48,28.19,39.32,16.0,157
OK,STILL,39,60609,2009,Spring,502,5,CHECK,0,0.0,2.97,23.71,188.46,64.98,18.32,0.0,87.48,28.19,39.32,16.0,157
OK,STILL,39,60609,2009,Spring,601,6,CHECK,0,0.0,2.97,23.71,188.46,64.98,18.32,0.0,87.48,28.19,39.32,16.0,157
OK,STILL,40,60709,2009,Spring,102,1,CHECK,0,0.0,2.82,23.82,194.97,63.46,17.48,0.0,86.84,28.89,38.68,16.48,158
OK,STILL,40,60709,2009,Spring,202,2,CHECK,0,0.0,2.82,23.82,194.97,63.46,17.48,0.0,86.84,28.89,38.68,16.48,158
OK,STILL,40,60709,2009,Spring,301,3,CHECK,0,0.0,2.82,23.82,194.97,63.46,17.48,0.0,86.84,28.89,38.68,16.48,158
OK,STILL,40,60709,2009,Spring,402,4,CHECK,0,0.0,2.82,23.82,194.97,63.46,17.48,0.0,86.84,28.89,38.68,16.48,158
OK,STILL,40,60709,2009,Spring,502,5,CHECK,0,0.0,2.82,23.82,194.97,63.46,17.48,0.0,86.84,28.89,38.68,16.48,158
OK,STILL,40,60709,2009,Spring,601,6,CHECK,0,0.0,2.82,23.82,194.97,63.46,17.48,0.0,86.84,28.89,38.68,16.48,158
OK,STILL,41,60809,2009,Spring,102,1,CHECK,0,0.0,2.4,24.3,197.26,60.73,15.96,0.0,86.3,30.71,38.68,17.47,159
OK,STILL,41,60809,2009,Spring,202,2,CHECK,0,0.0,2.4,24.3,197.26,60.73,15.96,0.0,86.3,30.71,38.68,17.47,159
OK,STILL,41,60809,2009,Spring,301,3,CHECK,0,0.0,2.4,24.3,197.26,60.73,15.96,0.0,86.3,30.71,38.68,17.47,159
OK,STILL,41,60809,2009,Spring,402,4,CHECK,0,0.0,2.4,24.3,197.26,60.73,15.96,0.0,86.3,30.71,38.68,17.47,159
OK,STILL,41,60809,2009,Spring,502,5,CHECK,0,0.0,2.4,24.3,197.26,60.73,15.96,0.0,86.3,30.71,38.68,17.47,159
OK,STILL,41,60809,2009,Spring,601,6,CHECK,0,0.0,2.4,24.3,197.26,60.73,15.96,0.0,86.3,30.71,38.68,17.47,159
OK,STILL,42,60909,2009,Spring,102,1,CHECK,0,0.0,1.47,24.96,199.59,61.23,16.24,0.0,84.6,32.1,41.4,19.66,160
OK,STILL,42,60909,2009,Spring,202,2,CHECK,0,0.0,1.47,24.96,199.59,61.23,16.24,0.0,84.6,32.1,41.4,19.66,160
OK,STILL,42,60909,2009,Spring,301,3,CHECK,0,0.0,1.47,24.96,199.59,61.23,16.24,0.0,84.6,32.1,41.4,19.66,160
OK,STILL,42,60909,2009,Spring,402,4,CHECK,0,0.0,1.47,24.96,199.59,61.23,16.24,0.0,84.6,32.1,41.4,19.66,160
OK,STILL,42,60909,2009,Spring,502,5,CHECK,0,0.0,1.47,24.96,199.59,61.23,16.24,0.0,84.6,32.1,41.4,19.66,160
OK,STILL,42,60909,2009,Spring,601,6,CHECK,0,0.0,1.47,24.96,199.59,61.23,16.24,0.0,84.6,32.1,41.4,19.66,160
WI,UR7,2,60210,2010,Summer,101,1,CHECK,0,3.0,3.64,22.47,16.76,68.02,21.65,0.09,97.6,28.84,35.74,12.77,153
WI,UR7,2,60210,2010,Summer,203,2,CHECK,0,1.0,3.64,22.47,16.76,68.02,21.65,0.09,97.6,28.84,35.74,12.77,153
WI,UR7,2,60210,2010,Summer,302,3,CHECK,0,2.0,3.64,22.47,16.76,68.02,21.65,0.09,97.6,28.84,35.74,12.77,153
WI,UR7,2,60210,2010,Summer,401,4,CHECK,0,2.0,3.64,22.47,16.76,68.02,21.65,0.09,97.6,28.84,35.74,12.77,153
WI,UR7,2,60210,2010,Summer,503,5,CHECK,0,0.0,3.64,22.47,16.76,68.02,21.65,0.09,97.6,28.84,35.74,12.77,153
WI,UR7,2,60210,2010,Summer,602,6,CHECK,0,0.0,3.64,22.47,16.76,68.02,21.65,0.09,97.6,28.84,35.74,12.77,153
WI,UR14,2,60210,2010,Summer,101,1,CHECK,0,0.0,3.26,22.59,14.36,66.31,21.99,0.1,88.44,28.59,39.14,15.81,153
WI,UR14,2,60210,2010,Summer,203,2,CHECK,0,0.0,3.26,22.59,14.36,66.31,21.99,0.1,88.44,28.59,39.14,15.81,153
WI,UR14,2,60210,2010,Summer,302,3,CHECK,0,1.0,3.26,22.59,14.36,66.31,21.99,0.1,88.44,28.59,39.14,15.81,153
WI,UR14,2,60210,2010,Summer,401,4,CHECK,0,1.0,3.26,22.59,14.36,66.31,21.99,0.1,88.44,28.59,39.14,15.81,153
WI,UR14,2,60210,2010,Summer,503,5,CHECK,0,0.0,3.26,22.59,14.36,66.31,21.99,0.1,88.44,28.59,39.14,15.81,153
WI,UR14,2,60210,2010,Summer,602,6,CHECK,0,0.0,3.26,22.59,14.36,66.31,21.99,0.1,88.44,28.59,39.14,15.81,153
WI,Noer,2,60210,2010,Summer,101,1,CHECK,0,0.0,3.54,22.15,186.08,69.59,21.34,0.05,98.68,28.47,38.32,12.13,153
WI,Noer,2,60210,2010,Summer,203,2,CHECK,0,0.0,3.54,22.15,186.08,69.59,21.34,0.05,98.68,28.47,38.32,12.13,153
WI,Noer,2,60210,2010,Summer,302,3,CHECK,0,0.0,3.54,22.15,186.08,69.59,21.34,0.05,98.68,28.47,38.32,12.13,153
WI,Noer,2,60210,2010,Summer,401,4,CHECK,0,0.0,3.54,22.15,186.08,69.59,21.34,0.05,98.68,28.47,38.32,12.13,153
WI,Noer,2,60210,2010,Summer,503,5,CHECK,0,0.0,3.54,22.15,186.08,69.59,21.34,0.05,98.68,28.47,38.32,12.13,153
WI,Noer,2,60210,2010,Summer,602,6,CHECK,0,0.0,3.54,22.15,186.08,69.59,21.34,0.05,98.68,28.47,38.32,12.13,153
WI,UR7,3,60310,2010,Summer,101,1,CHECK,0,0.0,3.92,22.28,14.45,70.93,20.68,0.08,97.76,27.49,38.06,12.83,154
WI,UR7,3,60310,2010,Summer,203,2,CHECK,0,0.0,3.92,22.28,14.45,70.93,20.68,0.08,97.76,27.49,38.06,12.83,154
WI,UR7,3,60310,2010,Summer,302,3,CHECK,0,3.0,3.92,22.28,14.45,70.93,20.68,0.08,97.76,27.49,38.06,12.83,154
WI,UR7,3,60310,2010,Summer,401,4,CHECK,0,2.0,3.92,22.28,14.45,70.93,20.68,0.08,97.76,27.49,38.06,12.83,154
WI,UR7,3,60310,2010,Summer,503,5,CHECK,0,0.0,3.92,22.28,14.45,70.93,20.68,0.08,97.76,27.49,38.06,12.83,154
WI,UR7,3,60310,2010,Summer,602,6,CHECK,0,0.0,3.92,22.28,14.45,70.93,20.68,0.08,97.76,27.49,38.06,12.83,154
WI,UR14,3,60310,2010,Summer,101,1,CHECK,0,0.0,3.7,22.34,11.8,69.52,20.96,0.09,91.5,27.21,41.28,15.19,154
WI,UR14,3,60310,2010,Summer,203,2,CHECK,0,0.0,3.7,22.34,11.8,69.52,20.96,0.09,91.5,27.21,41.28,15.19,154
WI,UR14,3,60310,2010,Summer,302,3,CHECK,0,0.0,3.7,22.34,11.8,69.52,20.96,0.09,91.5,27.21,41.28,15.19,154
WI,UR14,3,60310,2010,Summer,401,4,CHECK,0,0.0,3.7,22.34,11.8,69.52,20.96,0.09,91.5,27.21,41.28,15.19,154
WI,UR14,3,60310,2010,Summer,503,5,CHECK,0,0.0,3.7,22.34,11.8,69.52,20.96,0.09,91.5,27.21,41.28,15.19,154
WI,UR14,3,60310,2010,Summer,602,6,CHECK,0,0.0,3.7,22.34,11.8,69.52,20.96,0.09,91.5,27.21,41.28,15.19,154
WI,Noer,3,60310,2010,Summer,101,1,CHECK,0,0.0,3.39,22.04,172.17,72.86,20.3,0.05,98.62,26.93,40.9,12.17,154
WI,Noer,3,60310,2010,Summer,203,2,CHECK,0,0.0,3.39,22.04,172.17,72.86,20.3,0.05,98.62,26.93,40.9,12.17,154
WI,Noer,3,60310,2010,Summer,302,3,CHECK,0,0.0,3.39,22.04,172.17,72.86,20.3,0.05,98.62,26.93,40.9,12.17,154
WI,Noer,3,60310,2010,Summer,401,4,CHECK,0,0.0,3.39,22.04,172.17,72.86,20.3,0.05,98.62,26.93,40.9,12.17,154
WI,Noer,3,60310,2010,Summer,503,5,CHECK,0,0.0,3.39,22.04,172.17,72.86,20.3,0.05,98.62,26.93,40.9,12.17,154
WI,Noer,3,60310,2010,Summer,602,6,CHECK,0,0.0,3.39,22.04,172.17,72.86,20.3,0.05,98.62,26.93,40.9,12.17,154
WI,UR7,4,60410,2010,Summer,101,1,CHECK,0,0.0,4.26,21.73,11.72,73.71,19.57,0.13,97.76,26.64,40.96,12.26,155
WI,UR7,4,60410,2010,Summer,203,2,CHECK,0,0.0,4.26,21.73,11.72,73.71,19.57,0.13,97.76,26.64,40.96,12.26,155
WI,UR7,4,60410,2010,Summer,302,3,CHECK,0,0.0,4.26,21.73,11.72,73.71,19.57,0.13,97.76,26.64,40.96,12.26,155
WI,UR7,4,60410,2010,Summer,401,4,CHECK,0,0.0,4.26,21.73,11.72,73.71,19.57,0.13,97.76,26.64,40.96,12.26,155
WI,UR7,4,60410,2010,Summer,503,5,CHECK,0,0.0,4.26,21.73,11.72,73.71,19.57,0.13,97.76,26.64,40.96,12.26,155
WI,UR7,4,60410,2010,Summer,602,6,CHECK,0,0.0,4.26,21.73,11.72,73.71,19.57,0.13,97.76,26.64,40.96,12.26,155
WI,UR14,4,60410,2010,Summer,101,1,CHECK,0,0.0,4.01,21.67,8.94,73.19,19.71,0.14,94.4,26.28,46.5,13.96,155
WI,UR14,4,60410,2010,Summer,203,2,CHECK,0,0.0,4.01,21.67,8.94,73.19,19.71,0.14,94.4,26.28,46.5,13.96,155
WI,UR14,4,60410,2010,Summer,302,3,CHECK,0,0.0,4.01,21.67,8.94,73.19,19.71,0.14,94.4,26.28,46.5,13.96,155
WI,UR14,4,60410,2010,Summer,401,4,CHECK,0,0.0,4.01,21.67,8.94,73.19,19.71,0.14,94.4,26.28,46.5,13.96,155
WI,UR14,4,60410,2010,Summer,503,5,CHECK,0,0.0,4.01,21.67,8.94,73.19,19.71,0.14,94.4,26.28,46.5,13.96,155
WI,UR14,4,60410,2010,Summer,602,6,CHECK,0,0.0,4.01,21.67,8.94,73.19,19.71,0.14,94.4,26.28,46.5,13.96,155
WI,Noer,4,60410,2010,Summer,101,1,CHECK,0,0.0,3.39,21.54,146.69,75.28,19.29,0.1,98.2,26.17,43.4,11.74,155
WI,Noer,4,60410,2010,Summer,203,2,CHECK,0,0.0,3.39,21.54,146.69,75.28,19.29,0.1,98.2,26.17,43.4,11.74,155
WI,Noer,4,60410,2010,Summer,302,3,CHECK,0,0.0,3.39,21.54,146.69,75.28,19.29,0.1,98.2,26.17,43.4,11.74,155
WI,Noer,4,60410,2010,Summer,401,4,CHECK,0,0.0,3.39,21.54,146.69,75.28,19.29,0.1,98.2,26.17,43.4,11.74,155
WI,Noer,4,60410,2010,Summer,503,5,CHECK,0,0.0,3.39,21.54,146.69,75.28,19.29,0.1,98.2,26.17,43.4,11.74,155
WI,Noer,4,60410,2010,Summer,602,6,CHECK,0,0.0,3.39,21.54,146.69,75.28,19.29,0.1,98.2,26.17,43.4,11.74,155
WI,UR7,6,61010,2010,Summer,101,1,CHECK,0,0.0,5.37,19.2,1.82,79.1,17.39,0.07,99.12,22.47,51.9,11.5,161
WI,UR7,6,61010,2010,Summer,203,2,CHECK,0,0.0,5.37,19.2,1.82,79.1,17.39,0.07,99.12,22.47,51.9,11.5,161
WI,UR7,6,61010,2010,Summer,302,3,CHECK,0,0.0,5.37,19.2,1.82,79.1,17.39,0.07,99.12,22.47,51.9,11.5,161
WI,UR7,6,61010,2010,Summer,401,4,CHECK,0,0.0,5.37,19.2,1.82,79.1,17.39,0.07,99.12,22.47,51.9,11.5,161
WI,UR7,6,61010,2010,Summer,503,5,CHECK,0,0.0,5.37,19.2,1.82,79.1,17.39,0.07,99.12,22.47,51.9,11.5,161
WI,UR7,6,61010,2010,Summer,602,6,CHECK,0,0.0,5.37,19.2,1.82,79.1,17.39,0.07,99.12,22.47,51.9,11.5,161
WI,UR14,6,61010,2010,Summer,101,1,CHECK,0,0.0,5.25,19.13,0.46,81.79,17.11,0.08,98.36,22.54,54.38,12.32,161
WI,UR14,6,61010,2010,Summer,203,2,CHECK,0,0.0,5.25,19.13,0.46,81.79,17.11,0.08,98.36,22.54,54.38,12.32,161
WI,UR14,6,61010,2010,Summer,302,3,CHECK,0,1.0,5.25,19.13,0.46,81.79,17.11,0.08,98.36,22.54,54.38,12.32,161
WI,UR14,6,61010,2010,Summer,401,4,CHECK,0,0.0,5.25,19.13,0.46,81.79,17.11,0.08,98.36,22.54,54.38,12.32,161
WI,UR14,6,61010,2010,Summer,503,5,CHECK,0,0.0,5.25,19.13,0.46,81.79,17.11,0.08,98.36,22.54,54.38,12.32,161
WI,UR14,6,61010,2010,Summer,602,6,CHECK,0,0.0,5.25,19.13,0.46,81.79,17.11,0.08,98.36,22.54,54.38,12.32,161
WI,Noer,6,61010,2010,Summer,101,1,CHECK,0,0.0,4.22,19.53,16.54,79.74,17.25,0.08,99.7,22.23,52.54,11.22,161
WI,Noer,6,61010,2010,Summer,203,2,CHECK,0,35.0,4.22,19.53,16.54,79.74,17.25,0.08,99.7,22.23,52.54,11.22,161
WI,Noer,6,61010,2010,Summer,302,3,CHECK,0,3.0,4.22,19.53,16.54,79.74,17.25,0.08,99.7,22.23,52.54,11.22,161
WI,Noer,6,61010,2010,Summer,401,4,CHECK,0,3.0,4.22,19.53,16.54,79.74,17.25,0.08,99.7,22.23,52.54,11.22,161
WI,Noer,6,61010,2010,Summer,503,5,CHECK,0,0.0,4.22,19.53,16.54,79.74,17.25,0.08,99.7,22.23,52.54,11.22,161
WI,Noer,6,61010,2010,Summer,602,6,CHECK,0,0.0,4.22,19.53,16.54,79.74,17.25,0.08,99.7,22.23,52.54,11.22,161
WI,UR7,7,61110,2010,Summer,101,1,CHECK,0,0.0,4.68,19.54,4.48,77.89,18.58,0.06,98.46,23.96,54.0,12.03,162
WI,UR7,7,61110,2010,Summer,203,2,CHECK,0,2.0,4.68,19.54,4.48,77.89,18.58,0.06,98.46,23.96,54.0,12.03,162
WI,UR7,7,61110,2010,Summer,302,3,CHECK,0,7.0,4.68,19.54,4.48,77.89,18.58,0.06,98.46,23.96,54.0,12.03,162
WI,UR7,7,61110,2010,Summer,401,4,CHECK,0,4.0,4.68,19.54,4.48,77.89,18.58,0.06,98.46,23.96,54.0,12.03,162
WI,UR7,7,61110,2010,Summer,503,5,CHECK,0,0.0,4.68,19.54,4.48,77.89,18.58,0.06,98.46,23.96,54.0,12.03,162
WI,UR7,7,61110,2010,Summer,602,6,CHECK,0,0.0,4.68,19.54,4.48,77.89,18.58,0.06,98.46,23.96,54.0,12.03,162
WI,UR14,7,61110,2010,Summer,101,1,CHECK,0,0.0,4.56,19.4,1.92,80.86,18.2,0.07,97.44,23.8,55.72,12.74,162
WI,UR14,7,61110,2010,Summer,203,2,CHECK,0,0.0,4.56,19.4,1.92,80.86,18.2,0.07,97.44,23.8,55.72,12.74,162
WI,UR14,7,61110,2010,Summer,302,3,CHECK,0,1.0,4.56,19.4,1.92,80.86,18.2,0.07,97.44,23.8,55.72,12.74,162
WI,UR14,7,61110,2010,Summer,401,4,CHECK,0,0.0,4.56,19.4,1.92,80.86,18.2,0.07,97.44,23.8,55.72,12.74,162
WI,UR14,7,61110,2010,Summer,503,5,CHECK,0,0.0,4.56,19.4,1.92,80.86,18.2,0.07,97.44,23.8,55.72,12.74,162
WI,UR14,7,61110,2010,Summer,602,6,CHECK,0,0.0,4.56,19.4,1.92,80.86,18.2,0.07,97.44,23.8,55.72,12.74,162
WI,Noer,7,61110,2010,Summer,101,1,CHECK,0,0.0,3.82,19.73,16.33,78.68,18.42,0.07,98.66,23.78,54.86,11.68,162
WI,Noer,7,61110,2010,Summer,203,2,CHECK,0,0.0,3.82,19.73,16.33,78.68,18.42,0.07,98.66,23.78,54.86,11.68,162
WI,Noer,7,61110,2010,Summer,302,3,CHECK,0,0.0,3.82,19.73,16.33,78.68,18.42,0.07,98.66,23.78,54.86,11.68,162
WI,Noer,7,61110,2010,Summer,401,4,CHECK,0,0.0,3.82,19.73,16.33,78.68,18.42,0.07,98.66,23.78,54.86,11.68,162
WI,Noer,7,61110,2010,Summer,503,5,CHECK,0,0.0,3.82,19.73,16.33,78.68,18.42,0.07,98.66,23.78,54.86,11.68,162
WI,Noer,7,61110,2010,Summer,602,6,CHECK,0,0.0,3.82,19.73,16.33,78.68,18.42,0.07,98.66,23.78,54.86,11.68,162
